ISO-10303-21;
HEADER;
/* Generated by software containing ST-Developer
 * from STEP Tools, Inc. (www.steptools.com) 
 */

FILE_DESCRIPTION(
/* description */ (''),
/* implementation_level */ '2;1');

FILE_NAME(
/* name */ 'SNES BLE.step',
/* time_stamp */ '2026-09-24T21:40:04+08:00',
/* author */ (''),
/* organization */ (''),
/* preprocessor_version */ 'ST-DEVELOPER v20.1',
/* originating_system */ 'Autodesk Translation Framework v15.8.0.0',
/* authorisation */ '');

FILE_SCHEMA (('AUTOMOTIVE_DESIGN { 1 0 10303 214 3 1 1 }'));
ENDSEC;

DATA;
#10=MECHANICAL_DESIGN_GEOMETRIC_PRESENTATION_REPRESENTATION('',(#493,#494,
#495,#496,#497,#498,#499,#500,#501,#502),#14314);
#11=SHAPE_REPRESENTATION_RELATIONSHIP('SRR','None',#14321,#12);
#12=ADVANCED_BREP_SHAPE_REPRESENTATION('',(#503,#504,#505,#506,#507,#508,
#509,#510,#511,#512),#14313);
#13=B_SPLINE_CURVE_WITH_KNOTS('',3,(#9840,#9841,#9842,#9843,#9844),
 .UNSPECIFIED.,.F.,.F.,(4,1,4),(0.,0.0465661744462742,0.13811048289387),
 .UNSPECIFIED.);
#14=B_SPLINE_CURVE_WITH_KNOTS('',3,(#9848,#9849,#9850,#9851,#9852),
 .UNSPECIFIED.,.F.,.F.,(4,1,4),(0.,0.0465661744462742,0.13811048289387),
 .UNSPECIFIED.);
#15=B_SPLINE_CURVE_WITH_KNOTS('',3,(#9865,#9866,#9867,#9868,#9869),
 .UNSPECIFIED.,.F.,.F.,(4,1,4),(0.,0.0315302562291872,0.068180255932333),
 .UNSPECIFIED.);
#16=B_SPLINE_CURVE_WITH_KNOTS('',3,(#9872,#9873,#9874,#9875,#9876),
 .UNSPECIFIED.,.F.,.F.,(4,1,4),(0.,0.0315302562291872,0.068180255932333),
 .UNSPECIFIED.);
#17=B_SPLINE_CURVE_WITH_KNOTS('',3,(#9888,#9889,#9890,#9891,#9892),
 .UNSPECIFIED.,.F.,.F.,(4,1,4),(0.,0.0340158633009945,0.0647877851680171),
 .UNSPECIFIED.);
#18=B_SPLINE_CURVE_WITH_KNOTS('',3,(#9895,#9896,#9897,#9898,#9899),
 .UNSPECIFIED.,.F.,.F.,(4,1,4),(0.,0.0340158633009945,0.0647877851680171),
 .UNSPECIFIED.);
#19=B_SPLINE_CURVE_WITH_KNOTS('',3,(#9911,#9912,#9913,#9914,#9915),
 .UNSPECIFIED.,.F.,.F.,(4,1,4),(0.,0.0327512096056032,0.0682440667800573),
 .UNSPECIFIED.);
#20=B_SPLINE_CURVE_WITH_KNOTS('',3,(#9918,#9919,#9920,#9921,#9922),
 .UNSPECIFIED.,.F.,.F.,(4,1,4),(0.,0.0327512096056032,0.0682440667800573),
 .UNSPECIFIED.);
#21=B_SPLINE_CURVE_WITH_KNOTS('',3,(#9934,#9935,#9936,#9937,#9938),
 .UNSPECIFIED.,.F.,.F.,(4,1,4),(0.,0.0382681375349955,0.0722660328664332),
 .UNSPECIFIED.);
#22=B_SPLINE_CURVE_WITH_KNOTS('',3,(#9941,#9942,#9943,#9944,#9945),
 .UNSPECIFIED.,.F.,.F.,(4,1,4),(0.,0.0382681375349955,0.0722660328664332),
 .UNSPECIFIED.);
#23=B_SPLINE_CURVE_WITH_KNOTS('',3,(#9957,#9958,#9959,#9960,#9961),
 .UNSPECIFIED.,.F.,.F.,(4,1,4),(0.,0.0765382645109686,0.117380596061018),
 .UNSPECIFIED.);
#24=B_SPLINE_CURVE_WITH_KNOTS('',3,(#9964,#9965,#9966,#9967,#9968),
 .UNSPECIFIED.,.F.,.F.,(4,1,4),(0.,0.0765382645109686,0.117380596061018),
 .UNSPECIFIED.);
#25=B_SPLINE_CURVE_WITH_KNOTS('',3,(#9996,#9997,#9998,#9999,#10000),
 .UNSPECIFIED.,.F.,.F.,(4,1,4),(0.,0.0530207947063145,0.143993042457808),
 .UNSPECIFIED.);
#26=B_SPLINE_CURVE_WITH_KNOTS('',3,(#10004,#10005,#10006,#10007,#10008),
 .UNSPECIFIED.,.F.,.F.,(4,1,4),(0.,0.0530207947063145,0.143993042457808),
 .UNSPECIFIED.);
#27=B_SPLINE_CURVE_WITH_KNOTS('',3,(#10021,#10022,#10023,#10024,#10025),
 .UNSPECIFIED.,.F.,.F.,(4,1,4),(0.,0.0304362919207785,0.0631397799125218),
 .UNSPECIFIED.);
#28=B_SPLINE_CURVE_WITH_KNOTS('',3,(#10028,#10029,#10030,#10031,#10032),
 .UNSPECIFIED.,.F.,.F.,(4,1,4),(0.,0.0304362919207785,0.0631397799125218),
 .UNSPECIFIED.);
#29=B_SPLINE_CURVE_WITH_KNOTS('',3,(#10044,#10045,#10046,#10047,#10048),
 .UNSPECIFIED.,.F.,.F.,(4,1,4),(0.,0.0335729093846324,0.0643312479115838),
 .UNSPECIFIED.);
#30=B_SPLINE_CURVE_WITH_KNOTS('',3,(#10051,#10052,#10053,#10054,#10055),
 .UNSPECIFIED.,.F.,.F.,(4,1,4),(0.,0.0335729093846324,0.0643312479115838),
 .UNSPECIFIED.);
#31=B_SPLINE_CURVE_WITH_KNOTS('',3,(#10067,#10068,#10069,#10070,#10071),
 .UNSPECIFIED.,.F.,.F.,(4,1,4),(0.,0.034189950411226,0.0728738534902662),
 .UNSPECIFIED.);
#32=B_SPLINE_CURVE_WITH_KNOTS('',3,(#10074,#10075,#10076,#10077,#10078),
 .UNSPECIFIED.,.F.,.F.,(4,1,4),(0.,0.034189950411226,0.0728738534902662),
 .UNSPECIFIED.);
#33=B_SPLINE_CURVE_WITH_KNOTS('',3,(#10090,#10091,#10092,#10093,#10094),
 .UNSPECIFIED.,.F.,.F.,(4,1,4),(0.,0.0345580357300297,0.0677637307042378),
 .UNSPECIFIED.);
#34=B_SPLINE_CURVE_WITH_KNOTS('',3,(#10097,#10098,#10099,#10100,#10101),
 .UNSPECIFIED.,.F.,.F.,(4,1,4),(0.,0.0345580357300297,0.0677637307042378),
 .UNSPECIFIED.);
#35=B_SPLINE_CURVE_WITH_KNOTS('',3,(#10113,#10114,#10115,#10116,#10117),
 .UNSPECIFIED.,.F.,.F.,(4,1,4),(0.,0.0713616154214145,0.110960108185775),
 .UNSPECIFIED.);
#36=B_SPLINE_CURVE_WITH_KNOTS('',3,(#10120,#10121,#10122,#10123,#10124),
 .UNSPECIFIED.,.F.,.F.,(4,1,4),(0.,0.0713616154214145,0.110960108185775),
 .UNSPECIFIED.);
#37=B_SPLINE_CURVE_WITH_KNOTS('',3,(#10160,#10161,#10162,#10163,#10164),
 .UNSPECIFIED.,.F.,.F.,(4,1,4),(0.,0.068985637528176,0.194921371289396),
 .UNSPECIFIED.);
#38=B_SPLINE_CURVE_WITH_KNOTS('',3,(#10167,#10168,#10169,#10170,#10171),
 .UNSPECIFIED.,.F.,.F.,(4,1,4),(0.,0.068985637528176,0.194921371289396),
 .UNSPECIFIED.);
#39=B_SPLINE_CURVE_WITH_KNOTS('',3,(#10183,#10184,#10185,#10186,#10187),
 .UNSPECIFIED.,.F.,.F.,(4,1,4),(0.,0.0550028694470211,0.115694833874635),
 .UNSPECIFIED.);
#40=B_SPLINE_CURVE_WITH_KNOTS('',3,(#10190,#10191,#10192,#10193,#10194),
 .UNSPECIFIED.,.F.,.F.,(4,1,4),(0.,0.0550028694470211,0.115694833874635),
 .UNSPECIFIED.);
#41=B_SPLINE_CURVE_WITH_KNOTS('',3,(#10206,#10207,#10208,#10209,#10210),
 .UNSPECIFIED.,.F.,.F.,(4,1,4),(0.,0.0552484679512881,0.108548620550203),
 .UNSPECIFIED.);
#42=B_SPLINE_CURVE_WITH_KNOTS('',3,(#10213,#10214,#10215,#10216,#10217),
 .UNSPECIFIED.,.F.,.F.,(4,1,4),(0.,0.0552484679512881,0.108548620550203),
 .UNSPECIFIED.);
#43=B_SPLINE_CURVE_WITH_KNOTS('',3,(#10229,#10230,#10231,#10232,#10233),
 .UNSPECIFIED.,.F.,.F.,(4,1,4),(0.,0.0541924289102397,0.10986564378237),
 .UNSPECIFIED.);
#44=B_SPLINE_CURVE_WITH_KNOTS('',3,(#10236,#10237,#10238,#10239,#10240),
 .UNSPECIFIED.,.F.,.F.,(4,1,4),(0.,0.0541924289102397,0.10986564378237),
 .UNSPECIFIED.);
#45=B_SPLINE_CURVE_WITH_KNOTS('',3,(#10252,#10253,#10254,#10255,#10256),
 .UNSPECIFIED.,.F.,.F.,(4,1,4),(0.,0.063101198337837,0.12864362355749),
 .UNSPECIFIED.);
#46=B_SPLINE_CURVE_WITH_KNOTS('',3,(#10259,#10260,#10261,#10262,#10263),
 .UNSPECIFIED.,.F.,.F.,(4,1,4),(0.,0.063101198337837,0.12864362355749),
 .UNSPECIFIED.);
#47=B_SPLINE_CURVE_WITH_KNOTS('',3,(#10275,#10276,#10277,#10278,#10279),
 .UNSPECIFIED.,.F.,.F.,(4,1,4),(0.,0.0707833926133178,0.135573621733368),
 .UNSPECIFIED.);
#48=B_SPLINE_CURVE_WITH_KNOTS('',3,(#10282,#10283,#10284,#10285,#10286),
 .UNSPECIFIED.,.F.,.F.,(4,1,4),(0.,0.0707833926133178,0.135573621733368),
 .UNSPECIFIED.);
#49=B_SPLINE_CURVE_WITH_KNOTS('',3,(#10298,#10299,#10300,#10301,#10302),
 .UNSPECIFIED.,.F.,.F.,(4,1,4),(0.,0.0543967552954346,0.109335037333332),
 .UNSPECIFIED.);
#50=B_SPLINE_CURVE_WITH_KNOTS('',3,(#10305,#10306,#10307,#10308,#10309),
 .UNSPECIFIED.,.F.,.F.,(4,1,4),(0.,0.0543967552954346,0.109335037333332),
 .UNSPECIFIED.);
#51=B_SPLINE_CURVE_WITH_KNOTS('',3,(#10321,#10322,#10323,#10324,#10325),
 .UNSPECIFIED.,.F.,.F.,(4,1,4),(0.,0.0544174240019445,0.10865285209047),
 .UNSPECIFIED.);
#52=B_SPLINE_CURVE_WITH_KNOTS('',3,(#10328,#10329,#10330,#10331,#10332),
 .UNSPECIFIED.,.F.,.F.,(4,1,4),(0.,0.0544174240019445,0.10865285209047),
 .UNSPECIFIED.);
#53=B_SPLINE_CURVE_WITH_KNOTS('',3,(#10344,#10345,#10346,#10347,#10348),
 .UNSPECIFIED.,.F.,.F.,(4,1,4),(0.,0.0479483676808216,0.0976469153597798),
 .UNSPECIFIED.);
#54=B_SPLINE_CURVE_WITH_KNOTS('',3,(#10351,#10352,#10353,#10354,#10355),
 .UNSPECIFIED.,.F.,.F.,(4,1,4),(0.,0.0479483676808216,0.0976469153597798),
 .UNSPECIFIED.);
#55=B_SPLINE_CURVE_WITH_KNOTS('',3,(#10367,#10368,#10369,#10370,#10371),
 .UNSPECIFIED.,.F.,.F.,(4,1,4),(0.,0.0446818813686818,0.0913278845055819),
 .UNSPECIFIED.);
#56=B_SPLINE_CURVE_WITH_KNOTS('',3,(#10374,#10375,#10376,#10377,#10378),
 .UNSPECIFIED.,.F.,.F.,(4,1,4),(0.,0.0446818813686818,0.0913278845055819),
 .UNSPECIFIED.);
#57=B_SPLINE_CURVE_WITH_KNOTS('',3,(#10390,#10391,#10392,#10393,#10394),
 .UNSPECIFIED.,.F.,.F.,(4,1,4),(0.,0.0458572885559582,0.0903160431743642),
 .UNSPECIFIED.);
#58=B_SPLINE_CURVE_WITH_KNOTS('',3,(#10397,#10398,#10399,#10400,#10401),
 .UNSPECIFIED.,.F.,.F.,(4,1,4),(0.,0.0458572885559582,0.0903160431743642),
 .UNSPECIFIED.);
#59=B_SPLINE_CURVE_WITH_KNOTS('',3,(#10413,#10414,#10415,#10416,#10417),
 .UNSPECIFIED.,.F.,.F.,(4,1,4),(0.,0.0829021937702112,0.141932341791321),
 .UNSPECIFIED.);
#60=B_SPLINE_CURVE_WITH_KNOTS('',3,(#10420,#10421,#10422,#10423,#10424),
 .UNSPECIFIED.,.F.,.F.,(4,1,4),(0.,0.0829021937702112,0.141932341791321),
 .UNSPECIFIED.);
#61=B_SPLINE_CURVE_WITH_KNOTS('',3,(#10449,#10450,#10451,#10452,#10453),
 .UNSPECIFIED.,.F.,.F.,(4,1,4),(0.,0.135247368239867,0.247269056731859),
 .UNSPECIFIED.);
#62=B_SPLINE_CURVE_WITH_KNOTS('',3,(#10457,#10458,#10459,#10460,#10461),
 .UNSPECIFIED.,.F.,.F.,(4,1,4),(0.,0.135247368239867,0.247269056731859),
 .UNSPECIFIED.);
#63=B_SPLINE_CURVE_WITH_KNOTS('',3,(#10474,#10475,#10476,#10477,#10478),
 .UNSPECIFIED.,.F.,.F.,(4,1,4),(0.,0.0814431535810128,0.177355723994532),
 .UNSPECIFIED.);
#64=B_SPLINE_CURVE_WITH_KNOTS('',3,(#10481,#10482,#10483,#10484,#10485),
 .UNSPECIFIED.,.F.,.F.,(4,1,4),(0.,0.0814431535810128,0.177355723994532),
 .UNSPECIFIED.);
#65=B_SPLINE_CURVE_WITH_KNOTS('',3,(#10497,#10498,#10499,#10500,#10501),
 .UNSPECIFIED.,.F.,.F.,(4,1,4),(0.,0.0697395731516487,0.14183725045345),
 .UNSPECIFIED.);
#66=B_SPLINE_CURVE_WITH_KNOTS('',3,(#10504,#10505,#10506,#10507,#10508),
 .UNSPECIFIED.,.F.,.F.,(4,1,4),(0.,0.0697395731516487,0.14183725045345),
 .UNSPECIFIED.);
#67=B_SPLINE_CURVE_WITH_KNOTS('',3,(#10520,#10521,#10522,#10523,#10524),
 .UNSPECIFIED.,.F.,.F.,(4,1,4),(0.,0.0672572101688349,0.135747198818721),
 .UNSPECIFIED.);
#68=B_SPLINE_CURVE_WITH_KNOTS('',3,(#10527,#10528,#10529,#10530,#10531),
 .UNSPECIFIED.,.F.,.F.,(4,1,4),(0.,0.0672572101688349,0.135747198818721),
 .UNSPECIFIED.);
#69=B_SPLINE_CURVE_WITH_KNOTS('',3,(#10543,#10544,#10545,#10546,#10547),
 .UNSPECIFIED.,.F.,.F.,(4,1,4),(0.,0.0624147751154898,0.13265133084411),
 .UNSPECIFIED.);
#70=B_SPLINE_CURVE_WITH_KNOTS('',3,(#10550,#10551,#10552,#10553,#10554),
 .UNSPECIFIED.,.F.,.F.,(4,1,4),(0.,0.0624147751154898,0.13265133084411),
 .UNSPECIFIED.);
#71=B_SPLINE_CURVE_WITH_KNOTS('',3,(#10566,#10567,#10568,#10569,#10570),
 .UNSPECIFIED.,.F.,.F.,(4,1,4),(0.,0.0614257130904061,0.121217666674775),
 .UNSPECIFIED.);
#72=B_SPLINE_CURVE_WITH_KNOTS('',3,(#10573,#10574,#10575,#10576,#10577),
 .UNSPECIFIED.,.F.,.F.,(4,1,4),(0.,0.0614257130904061,0.121217666674775),
 .UNSPECIFIED.);
#73=B_SPLINE_CURVE_WITH_KNOTS('',3,(#10589,#10590,#10591,#10592,#10593),
 .UNSPECIFIED.,.F.,.F.,(4,1,4),(0.,0.106360215121531,0.183920630815637),
 .UNSPECIFIED.);
#74=B_SPLINE_CURVE_WITH_KNOTS('',3,(#10596,#10597,#10598,#10599,#10600),
 .UNSPECIFIED.,.F.,.F.,(4,1,4),(0.,0.106360215121531,0.183920630815637),
 .UNSPECIFIED.);
#75=B_SPLINE_CURVE_WITH_KNOTS('',3,(#10612,#10613,#10614,#10615,#10616),
 .UNSPECIFIED.,.F.,.F.,(4,1,4),(0.,0.0585709787163796,0.158415093120779),
 .UNSPECIFIED.);
#76=B_SPLINE_CURVE_WITH_KNOTS('',3,(#10619,#10620,#10621,#10622,#10623),
 .UNSPECIFIED.,.F.,.F.,(4,1,4),(0.,0.0585709787163796,0.158415093120779),
 .UNSPECIFIED.);
#77=B_SPLINE_CURVE_WITH_KNOTS('',3,(#10635,#10636,#10637,#10638,#10639),
 .UNSPECIFIED.,.F.,.F.,(4,1,4),(0.,0.0270056818859637,0.0556202581378754),
 .UNSPECIFIED.);
#78=B_SPLINE_CURVE_WITH_KNOTS('',3,(#10642,#10643,#10644,#10645,#10646),
 .UNSPECIFIED.,.F.,.F.,(4,1,4),(0.,0.0270056818859637,0.0556202581378754),
 .UNSPECIFIED.);
#79=B_SPLINE_CURVE_WITH_KNOTS('',3,(#10658,#10659,#10660,#10661,#10662),
 .UNSPECIFIED.,.F.,.F.,(4,1,4),(0.,0.0289923447320724,0.0576853034299395),
 .UNSPECIFIED.);
#80=B_SPLINE_CURVE_WITH_KNOTS('',3,(#10665,#10666,#10667,#10668,#10669),
 .UNSPECIFIED.,.F.,.F.,(4,1,4),(0.,0.0289923447320724,0.0576853034299395),
 .UNSPECIFIED.);
#81=B_SPLINE_CURVE_WITH_KNOTS('',3,(#10681,#10682,#10683,#10684,#10685),
 .UNSPECIFIED.,.F.,.F.,(4,1,4),(0.,0.0631709951038452,0.115367782459956),
 .UNSPECIFIED.);
#82=B_SPLINE_CURVE_WITH_KNOTS('',3,(#10688,#10689,#10690,#10691,#10692),
 .UNSPECIFIED.,.F.,.F.,(4,1,4),(0.,0.0631709951038452,0.115367782459956),
 .UNSPECIFIED.);
#83=B_SPLINE_CURVE_WITH_KNOTS('',3,(#10704,#10705,#10706,#10707,#10708),
 .UNSPECIFIED.,.F.,.F.,(4,1,4),(0.,0.0472018556850088,0.107268851045629),
 .UNSPECIFIED.);
#84=B_SPLINE_CURVE_WITH_KNOTS('',3,(#10711,#10712,#10713,#10714,#10715),
 .UNSPECIFIED.,.F.,.F.,(4,1,4),(0.,0.0472018556850088,0.107268851045629),
 .UNSPECIFIED.);
#85=B_SPLINE_CURVE_WITH_KNOTS('',3,(#10727,#10728,#10729,#10730,#10731),
 .UNSPECIFIED.,.F.,.F.,(4,1,4),(0.,0.0554520592649298,0.10090960664423),
 .UNSPECIFIED.);
#86=B_SPLINE_CURVE_WITH_KNOTS('',3,(#10734,#10735,#10736,#10737,#10738),
 .UNSPECIFIED.,.F.,.F.,(4,1,4),(0.,0.0554520592649298,0.10090960664423),
 .UNSPECIFIED.);
#87=B_SPLINE_CURVE_WITH_KNOTS('',3,(#10756,#10757,#10758,#10759,#10760),
 .UNSPECIFIED.,.F.,.F.,(4,1,4),(0.,0.0964939574831845,0.198063713411028),
 .UNSPECIFIED.);
#88=B_SPLINE_CURVE_WITH_KNOTS('',3,(#10763,#10764,#10765,#10766,#10767),
 .UNSPECIFIED.,.F.,.F.,(4,1,4),(0.,0.0964939574831845,0.198063713411028),
 .UNSPECIFIED.);
#89=B_SPLINE_CURVE_WITH_KNOTS('',3,(#10779,#10780,#10781,#10782,#10783),
 .UNSPECIFIED.,.F.,.F.,(4,1,4),(0.,0.133020110250193,0.239929493107068),
 .UNSPECIFIED.);
#90=B_SPLINE_CURVE_WITH_KNOTS('',3,(#10786,#10787,#10788,#10789,#10790),
 .UNSPECIFIED.,.F.,.F.,(4,1,4),(0.,0.133020110250193,0.239929493107068),
 .UNSPECIFIED.);
#91=B_SPLINE_CURVE_WITH_KNOTS('',3,(#10802,#10803,#10804,#10805,#10806),
 .UNSPECIFIED.,.F.,.F.,(4,1,4),(0.,0.0749304653502473,0.160683869093576),
 .UNSPECIFIED.);
#92=B_SPLINE_CURVE_WITH_KNOTS('',3,(#10809,#10810,#10811,#10812,#10813),
 .UNSPECIFIED.,.F.,.F.,(4,1,4),(0.,0.0749304653502473,0.160683869093576),
 .UNSPECIFIED.);
#93=B_SPLINE_CURVE_WITH_KNOTS('',3,(#10825,#10826,#10827,#10828,#10829),
 .UNSPECIFIED.,.F.,.F.,(4,1,4),(0.,0.0631243822477657,0.130074932517668),
 .UNSPECIFIED.);
#94=B_SPLINE_CURVE_WITH_KNOTS('',3,(#10832,#10833,#10834,#10835,#10836),
 .UNSPECIFIED.,.F.,.F.,(4,1,4),(0.,0.0631243822477657,0.130074932517668),
 .UNSPECIFIED.);
#95=B_SPLINE_CURVE_WITH_KNOTS('',3,(#10848,#10849,#10850,#10851,#10852),
 .UNSPECIFIED.,.F.,.F.,(4,1,4),(0.,0.0597716714392137,0.120769366183361),
 .UNSPECIFIED.);
#96=B_SPLINE_CURVE_WITH_KNOTS('',3,(#10855,#10856,#10857,#10858,#10859),
 .UNSPECIFIED.,.F.,.F.,(4,1,4),(0.,0.0597716714392137,0.120769366183361),
 .UNSPECIFIED.);
#97=B_SPLINE_CURVE_WITH_KNOTS('',3,(#10871,#10872,#10873,#10874,#10875),
 .UNSPECIFIED.,.F.,.F.,(4,1,4),(0.,0.0917600096672426,0.181394297064636),
 .UNSPECIFIED.);
#98=B_SPLINE_CURVE_WITH_KNOTS('',3,(#10878,#10879,#10880,#10881,#10882),
 .UNSPECIFIED.,.F.,.F.,(4,1,4),(0.,0.0917600096672426,0.181394297064636),
 .UNSPECIFIED.);
#99=B_SPLINE_CURVE_WITH_KNOTS('',3,(#10894,#10895,#10896,#10897,#10898),
 .UNSPECIFIED.,.F.,.F.,(4,1,4),(0.,0.116183858583519,0.199968048857444),
 .UNSPECIFIED.);
#100=B_SPLINE_CURVE_WITH_KNOTS('',3,(#10901,#10902,#10903,#10904,#10905),
 .UNSPECIFIED.,.F.,.F.,(4,1,4),(0.,0.116183858583519,0.199968048857444),
 .UNSPECIFIED.);
#101=B_SPLINE_CURVE_WITH_KNOTS('',3,(#10917,#10918,#10919,#10920,#10921),
 .UNSPECIFIED.,.F.,.F.,(4,1,4),(0.,0.0484803050857326,0.133981794442738),
 .UNSPECIFIED.);
#102=B_SPLINE_CURVE_WITH_KNOTS('',3,(#10924,#10925,#10926,#10927,#10928),
 .UNSPECIFIED.,.F.,.F.,(4,1,4),(0.,0.0484803050857326,0.133981794442738),
 .UNSPECIFIED.);
#103=B_SPLINE_CURVE_WITH_KNOTS('',3,(#10940,#10941,#10942,#10943,#10944),
 .UNSPECIFIED.,.F.,.F.,(4,1,4),(0.,0.02947811146226,0.0682163166188189),
 .UNSPECIFIED.);
#104=B_SPLINE_CURVE_WITH_KNOTS('',3,(#10947,#10948,#10949,#10950,#10951),
 .UNSPECIFIED.,.F.,.F.,(4,1,4),(0.,0.02947811146226,0.0682163166188189),
 .UNSPECIFIED.);
#105=B_SPLINE_CURVE_WITH_KNOTS('',3,(#10963,#10964,#10965,#10966,#10967),
 .UNSPECIFIED.,.F.,.F.,(4,1,4),(0.,0.0265896207894509,0.0519128228582048),
 .UNSPECIFIED.);
#106=B_SPLINE_CURVE_WITH_KNOTS('',3,(#10970,#10971,#10972,#10973,#10974),
 .UNSPECIFIED.,.F.,.F.,(4,1,4),(0.,0.0265896207894509,0.0519128228582048),
 .UNSPECIFIED.);
#107=B_SPLINE_CURVE_WITH_KNOTS('',3,(#10986,#10987,#10988,#10989,#10990),
 .UNSPECIFIED.,.F.,.F.,(4,1,4),(0.,0.0465072636398834,0.089077478621897),
 .UNSPECIFIED.);
#108=B_SPLINE_CURVE_WITH_KNOTS('',3,(#10993,#10994,#10995,#10996,#10997),
 .UNSPECIFIED.,.F.,.F.,(4,1,4),(0.,0.0465072636398834,0.089077478621897),
 .UNSPECIFIED.);
#109=B_SPLINE_CURVE_WITH_KNOTS('',3,(#11009,#11010,#11011,#11012,#11013),
 .UNSPECIFIED.,.F.,.F.,(4,1,4),(0.,0.0689136158895949,0.123976662168714),
 .UNSPECIFIED.);
#110=B_SPLINE_CURVE_WITH_KNOTS('',3,(#11016,#11017,#11018,#11019,#11020),
 .UNSPECIFIED.,.F.,.F.,(4,1,4),(0.,0.0689136158895949,0.123976662168714),
 .UNSPECIFIED.);
#111=B_SPLINE_CURVE_WITH_KNOTS('',3,(#11032,#11033,#11034,#11035,#11036),
 .UNSPECIFIED.,.F.,.F.,(4,1,4),(0.,0.0580599327845743,0.124805974220723),
 .UNSPECIFIED.);
#112=B_SPLINE_CURVE_WITH_KNOTS('',3,(#11039,#11040,#11041,#11042,#11043),
 .UNSPECIFIED.,.F.,.F.,(4,1,4),(0.,0.0580599327845743,0.124805974220723),
 .UNSPECIFIED.);
#113=B_SPLINE_CURVE_WITH_KNOTS('',3,(#11055,#11056,#11057,#11058,#11059),
 .UNSPECIFIED.,.F.,.F.,(4,1,4),(0.,0.0719074777684421,0.131649061453799),
 .UNSPECIFIED.);
#114=B_SPLINE_CURVE_WITH_KNOTS('',3,(#11062,#11063,#11064,#11065,#11066),
 .UNSPECIFIED.,.F.,.F.,(4,1,4),(0.,0.0719074777684421,0.131649061453799),
 .UNSPECIFIED.);
#115=B_SPLINE_CURVE_WITH_KNOTS('',3,(#11083,#11084,#11085,#11086,#11087),
 .UNSPECIFIED.,.F.,.F.,(4,1,4),(0.,0.107885671994133,0.230404595482766),
 .UNSPECIFIED.);
#116=B_SPLINE_CURVE_WITH_KNOTS('',3,(#11088,#11089,#11090,#11091,#11092),
 .UNSPECIFIED.,.F.,.F.,(4,1,4),(0.,0.107885671994133,0.230404595482766),
 .UNSPECIFIED.);
#117=B_SPLINE_CURVE_WITH_KNOTS('',3,(#11240,#11241,#11242,#11243,#11244),
 .UNSPECIFIED.,.F.,.F.,(4,1,4),(0.,0.135247368239867,0.247269004104413),
 .UNSPECIFIED.);
#118=B_SPLINE_CURVE_WITH_KNOTS('',3,(#11248,#11249,#11250,#11251,#11252),
 .UNSPECIFIED.,.F.,.F.,(4,1,4),(0.,0.135247368239867,0.247269004104413),
 .UNSPECIFIED.);
#119=B_SPLINE_CURVE_WITH_KNOTS('',3,(#11265,#11266,#11267,#11268,#11269),
 .UNSPECIFIED.,.F.,.F.,(4,1,4),(0.,0.0814433832212331,0.177355894202938),
 .UNSPECIFIED.);
#120=B_SPLINE_CURVE_WITH_KNOTS('',3,(#11272,#11273,#11274,#11275,#11276),
 .UNSPECIFIED.,.F.,.F.,(4,1,4),(0.,0.0814433832212331,0.177355894202938),
 .UNSPECIFIED.);
#121=B_SPLINE_CURVE_WITH_KNOTS('',3,(#11288,#11289,#11290,#11291,#11292),
 .UNSPECIFIED.,.F.,.F.,(4,1,4),(0.,0.0697396519729162,0.141837175660145),
 .UNSPECIFIED.);
#122=B_SPLINE_CURVE_WITH_KNOTS('',3,(#11295,#11296,#11297,#11298,#11299),
 .UNSPECIFIED.,.F.,.F.,(4,1,4),(0.,0.0697396519729162,0.141837175660145),
 .UNSPECIFIED.);
#123=B_SPLINE_CURVE_WITH_KNOTS('',3,(#11311,#11312,#11313,#11314,#11315),
 .UNSPECIFIED.,.F.,.F.,(4,1,4),(0.,0.0672571932424026,0.135747231757564),
 .UNSPECIFIED.);
#124=B_SPLINE_CURVE_WITH_KNOTS('',3,(#11318,#11319,#11320,#11321,#11322),
 .UNSPECIFIED.,.F.,.F.,(4,1,4),(0.,0.0672571932424026,0.135747231757564),
 .UNSPECIFIED.);
#125=B_SPLINE_CURVE_WITH_KNOTS('',3,(#11334,#11335,#11336,#11337,#11338),
 .UNSPECIFIED.,.F.,.F.,(4,1,4),(0.,0.0624147751154898,0.132651344389696),
 .UNSPECIFIED.);
#126=B_SPLINE_CURVE_WITH_KNOTS('',3,(#11341,#11342,#11343,#11344,#11345),
 .UNSPECIFIED.,.F.,.F.,(4,1,4),(0.,0.0624147751154898,0.132651344389696),
 .UNSPECIFIED.);
#127=B_SPLINE_CURVE_WITH_KNOTS('',3,(#11357,#11358,#11359,#11360,#11361),
 .UNSPECIFIED.,.F.,.F.,(4,1,4),(0.,0.0614256642417335,0.121217541939028),
 .UNSPECIFIED.);
#128=B_SPLINE_CURVE_WITH_KNOTS('',3,(#11364,#11365,#11366,#11367,#11368),
 .UNSPECIFIED.,.F.,.F.,(4,1,4),(0.,0.0614256642417335,0.121217541939028),
 .UNSPECIFIED.);
#129=B_SPLINE_CURVE_WITH_KNOTS('',3,(#11380,#11381,#11382,#11383,#11384),
 .UNSPECIFIED.,.F.,.F.,(4,1,4),(0.,0.106360272576239,0.183920633070928),
 .UNSPECIFIED.);
#130=B_SPLINE_CURVE_WITH_KNOTS('',3,(#11387,#11388,#11389,#11390,#11391),
 .UNSPECIFIED.,.F.,.F.,(4,1,4),(0.,0.106360272576239,0.183920633070928),
 .UNSPECIFIED.);
#131=B_SPLINE_CURVE_WITH_KNOTS('',3,(#11403,#11404,#11405,#11406,#11407),
 .UNSPECIFIED.,.F.,.F.,(4,1,4),(0.,0.0585709787163796,0.158415150456597),
 .UNSPECIFIED.);
#132=B_SPLINE_CURVE_WITH_KNOTS('',3,(#11410,#11411,#11412,#11413,#11414),
 .UNSPECIFIED.,.F.,.F.,(4,1,4),(0.,0.0585709787163796,0.158415150456597),
 .UNSPECIFIED.);
#133=B_SPLINE_CURVE_WITH_KNOTS('',3,(#11426,#11427,#11428,#11429,#11430),
 .UNSPECIFIED.,.F.,.F.,(4,1,4),(0.,0.027005695134597,0.0556202338750951),
 .UNSPECIFIED.);
#134=B_SPLINE_CURVE_WITH_KNOTS('',3,(#11433,#11434,#11435,#11436,#11437),
 .UNSPECIFIED.,.F.,.F.,(4,1,4),(0.,0.027005695134597,0.0556202338750951),
 .UNSPECIFIED.);
#135=B_SPLINE_CURVE_WITH_KNOTS('',3,(#11449,#11450,#11451,#11452,#11453),
 .UNSPECIFIED.,.F.,.F.,(4,1,4),(0.,0.0289922656382149,0.057685224336082),
 .UNSPECIFIED.);
#136=B_SPLINE_CURVE_WITH_KNOTS('',3,(#11456,#11457,#11458,#11459,#11460),
 .UNSPECIFIED.,.F.,.F.,(4,1,4),(0.,0.0289922656382149,0.057685224336082),
 .UNSPECIFIED.);
#137=B_SPLINE_CURVE_WITH_KNOTS('',3,(#11472,#11473,#11474,#11475,#11476),
 .UNSPECIFIED.,.F.,.F.,(4,1,4),(0.,0.0631709951038452,0.115367836673898),
 .UNSPECIFIED.);
#138=B_SPLINE_CURVE_WITH_KNOTS('',3,(#11479,#11480,#11481,#11482,#11483),
 .UNSPECIFIED.,.F.,.F.,(4,1,4),(0.,0.0631709951038452,0.115367836673898),
 .UNSPECIFIED.);
#139=B_SPLINE_CURVE_WITH_KNOTS('',3,(#11495,#11496,#11497,#11498,#11499),
 .UNSPECIFIED.,.F.,.F.,(4,1,4),(0.,0.0472018556850088,0.107268851045629),
 .UNSPECIFIED.);
#140=B_SPLINE_CURVE_WITH_KNOTS('',3,(#11502,#11503,#11504,#11505,#11506),
 .UNSPECIFIED.,.F.,.F.,(4,1,4),(0.,0.0472018556850088,0.107268851045629),
 .UNSPECIFIED.);
#141=B_SPLINE_CURVE_WITH_KNOTS('',3,(#11518,#11519,#11520,#11521,#11522),
 .UNSPECIFIED.,.F.,.F.,(4,1,4),(0.,0.0554520592649298,0.100909532765153),
 .UNSPECIFIED.);
#142=B_SPLINE_CURVE_WITH_KNOTS('',3,(#11525,#11526,#11527,#11528,#11529),
 .UNSPECIFIED.,.F.,.F.,(4,1,4),(0.,0.0554520592649298,0.100909532765153),
 .UNSPECIFIED.);
#143=B_SPLINE_CURVE_WITH_KNOTS('',3,(#11547,#11548,#11549,#11550,#11551),
 .UNSPECIFIED.,.F.,.F.,(4,1,4),(0.,0.0964939574831845,0.198063713411028),
 .UNSPECIFIED.);
#144=B_SPLINE_CURVE_WITH_KNOTS('',3,(#11554,#11555,#11556,#11557,#11558),
 .UNSPECIFIED.,.F.,.F.,(4,1,4),(0.,0.0964939574831845,0.198063713411028),
 .UNSPECIFIED.);
#145=B_SPLINE_CURVE_WITH_KNOTS('',3,(#11570,#11571,#11572,#11573,#11574),
 .UNSPECIFIED.,.F.,.F.,(4,1,4),(0.,0.133020051106293,0.239929328314684),
 .UNSPECIFIED.);
#146=B_SPLINE_CURVE_WITH_KNOTS('',3,(#11577,#11578,#11579,#11580,#11581),
 .UNSPECIFIED.,.F.,.F.,(4,1,4),(0.,0.133020051106293,0.239929328314684),
 .UNSPECIFIED.);
#147=B_SPLINE_CURVE_WITH_KNOTS('',3,(#11593,#11594,#11595,#11596,#11597),
 .UNSPECIFIED.,.F.,.F.,(4,1,4),(0.,0.0749305225955709,0.1606839263389),
 .UNSPECIFIED.);
#148=B_SPLINE_CURVE_WITH_KNOTS('',3,(#11600,#11601,#11602,#11603,#11604),
 .UNSPECIFIED.,.F.,.F.,(4,1,4),(0.,0.0749305225955709,0.1606839263389),
 .UNSPECIFIED.);
#149=B_SPLINE_CURVE_WITH_KNOTS('',3,(#11616,#11617,#11618,#11619,#11620),
 .UNSPECIFIED.,.F.,.F.,(4,1,4),(0.,0.0631242624460197,0.130074966479777),
 .UNSPECIFIED.);
#150=B_SPLINE_CURVE_WITH_KNOTS('',3,(#11623,#11624,#11625,#11626,#11627),
 .UNSPECIFIED.,.F.,.F.,(4,1,4),(0.,0.0631242624460197,0.130074966479777),
 .UNSPECIFIED.);
#151=B_SPLINE_CURVE_WITH_KNOTS('',3,(#11639,#11640,#11641,#11642,#11643),
 .UNSPECIFIED.,.F.,.F.,(4,1,4),(0.,0.059771684397376,0.120769391839291),
 .UNSPECIFIED.);
#152=B_SPLINE_CURVE_WITH_KNOTS('',3,(#11646,#11647,#11648,#11649,#11650),
 .UNSPECIFIED.,.F.,.F.,(4,1,4),(0.,0.059771684397376,0.120769391839291),
 .UNSPECIFIED.);
#153=B_SPLINE_CURVE_WITH_KNOTS('',3,(#11662,#11663,#11664,#11665,#11666),
 .UNSPECIFIED.,.F.,.F.,(4,1,4),(0.,0.0917601891182904,0.181394452021242),
 .UNSPECIFIED.);
#154=B_SPLINE_CURVE_WITH_KNOTS('',3,(#11669,#11670,#11671,#11672,#11673),
 .UNSPECIFIED.,.F.,.F.,(4,1,4),(0.,0.0917601891182904,0.181394452021242),
 .UNSPECIFIED.);
#155=B_SPLINE_CURVE_WITH_KNOTS('',3,(#11685,#11686,#11687,#11688,#11689),
 .UNSPECIFIED.,.F.,.F.,(4,1,4),(0.,0.11618374520111,0.19996788442453),
 .UNSPECIFIED.);
#156=B_SPLINE_CURVE_WITH_KNOTS('',3,(#11692,#11693,#11694,#11695,#11696),
 .UNSPECIFIED.,.F.,.F.,(4,1,4),(0.,0.11618374520111,0.19996788442453),
 .UNSPECIFIED.);
#157=B_SPLINE_CURVE_WITH_KNOTS('',3,(#11708,#11709,#11710,#11711,#11712),
 .UNSPECIFIED.,.F.,.F.,(4,1,4),(0.,0.0484803050857326,0.133981794442738),
 .UNSPECIFIED.);
#158=B_SPLINE_CURVE_WITH_KNOTS('',3,(#11715,#11716,#11717,#11718,#11719),
 .UNSPECIFIED.,.F.,.F.,(4,1,4),(0.,0.0484803050857326,0.133981794442738),
 .UNSPECIFIED.);
#159=B_SPLINE_CURVE_WITH_KNOTS('',3,(#11731,#11732,#11733,#11734,#11735),
 .UNSPECIFIED.,.F.,.F.,(4,1,4),(0.,0.02947811146226,0.0682164251428657),
 .UNSPECIFIED.);
#160=B_SPLINE_CURVE_WITH_KNOTS('',3,(#11738,#11739,#11740,#11741,#11742),
 .UNSPECIFIED.,.F.,.F.,(4,1,4),(0.,0.02947811146226,0.0682164251428657),
 .UNSPECIFIED.);
#161=B_SPLINE_CURVE_WITH_KNOTS('',3,(#11754,#11755,#11756,#11757,#11758),
 .UNSPECIFIED.,.F.,.F.,(4,1,4),(0.,0.0265896301167584,0.0519127734212818),
 .UNSPECIFIED.);
#162=B_SPLINE_CURVE_WITH_KNOTS('',3,(#11761,#11762,#11763,#11764,#11765),
 .UNSPECIFIED.,.F.,.F.,(4,1,4),(0.,0.0265896301167584,0.0519127734212818),
 .UNSPECIFIED.);
#163=B_SPLINE_CURVE_WITH_KNOTS('',3,(#11777,#11778,#11779,#11780,#11781),
 .UNSPECIFIED.,.F.,.F.,(4,1,4),(0.,0.0465073777262612,0.0890775511618689),
 .UNSPECIFIED.);
#164=B_SPLINE_CURVE_WITH_KNOTS('',3,(#11784,#11785,#11786,#11787,#11788),
 .UNSPECIFIED.,.F.,.F.,(4,1,4),(0.,0.0465073777262612,0.0890775511618689),
 .UNSPECIFIED.);
#165=B_SPLINE_CURVE_WITH_KNOTS('',3,(#11800,#11801,#11802,#11803,#11804),
 .UNSPECIFIED.,.F.,.F.,(4,1,4),(0.,0.0689134975384212,0.123976597055494),
 .UNSPECIFIED.);
#166=B_SPLINE_CURVE_WITH_KNOTS('',3,(#11807,#11808,#11809,#11810,#11811),
 .UNSPECIFIED.,.F.,.F.,(4,1,4),(0.,0.0689134975384212,0.123976597055494),
 .UNSPECIFIED.);
#167=B_SPLINE_CURVE_WITH_KNOTS('',3,(#11823,#11824,#11825,#11826,#11827),
 .UNSPECIFIED.,.F.,.F.,(4,1,4),(0.,0.058060037405594,0.124806078841743),
 .UNSPECIFIED.);
#168=B_SPLINE_CURVE_WITH_KNOTS('',3,(#11830,#11831,#11832,#11833,#11834),
 .UNSPECIFIED.,.F.,.F.,(4,1,4),(0.,0.058060037405594,0.124806078841743),
 .UNSPECIFIED.);
#169=B_SPLINE_CURVE_WITH_KNOTS('',3,(#11846,#11847,#11848,#11849,#11850),
 .UNSPECIFIED.,.F.,.F.,(4,1,4),(0.,0.0719074955791972,0.131649043262634),
 .UNSPECIFIED.);
#170=B_SPLINE_CURVE_WITH_KNOTS('',3,(#11853,#11854,#11855,#11856,#11857),
 .UNSPECIFIED.,.F.,.F.,(4,1,4),(0.,0.0719074955791972,0.131649043262634),
 .UNSPECIFIED.);
#171=B_SPLINE_CURVE_WITH_KNOTS('',3,(#11874,#11875,#11876,#11877,#11878),
 .UNSPECIFIED.,.F.,.F.,(4,1,4),(0.,0.10788568993275,0.230404597758002),
 .UNSPECIFIED.);
#172=B_SPLINE_CURVE_WITH_KNOTS('',3,(#11879,#11880,#11881,#11882,#11883),
 .UNSPECIFIED.,.F.,.F.,(4,1,4),(0.,0.10788568993275,0.230404597758002),
 .UNSPECIFIED.);
#173=B_SPLINE_CURVE_WITH_KNOTS('',3,(#12163,#12164,#12165,#12166,#12167),
 .UNSPECIFIED.,.F.,.F.,(4,1,4),(0.,0.135247368239867,0.247269056731859),
 .UNSPECIFIED.);
#174=B_SPLINE_CURVE_WITH_KNOTS('',3,(#12171,#12172,#12173,#12174,#12175),
 .UNSPECIFIED.,.F.,.F.,(4,1,4),(0.,0.135247368239867,0.247269056731859),
 .UNSPECIFIED.);
#175=B_SPLINE_CURVE_WITH_KNOTS('',3,(#12188,#12189,#12190,#12191,#12192),
 .UNSPECIFIED.,.F.,.F.,(4,1,4),(0.,0.0814431535810128,0.177355723994532),
 .UNSPECIFIED.);
#176=B_SPLINE_CURVE_WITH_KNOTS('',3,(#12194,#12195,#12196,#12197,#12198),
 .UNSPECIFIED.,.F.,.F.,(4,1,4),(0.,0.0814431535810128,0.177355723994532),
 .UNSPECIFIED.);
#177=B_SPLINE_CURVE_WITH_KNOTS('',3,(#12211,#12212,#12213,#12214,#12215),
 .UNSPECIFIED.,.F.,.F.,(4,1,4),(0.,0.0697395731516487,0.14183725045345),
 .UNSPECIFIED.);
#178=B_SPLINE_CURVE_WITH_KNOTS('',3,(#12217,#12218,#12219,#12220,#12221),
 .UNSPECIFIED.,.F.,.F.,(4,1,4),(0.,0.0697395731516487,0.14183725045345),
 .UNSPECIFIED.);
#179=B_SPLINE_CURVE_WITH_KNOTS('',3,(#12234,#12235,#12236,#12237,#12238),
 .UNSPECIFIED.,.F.,.F.,(4,1,4),(0.,0.0672572101688349,0.135747198818721),
 .UNSPECIFIED.);
#180=B_SPLINE_CURVE_WITH_KNOTS('',3,(#12240,#12241,#12242,#12243,#12244),
 .UNSPECIFIED.,.F.,.F.,(4,1,4),(0.,0.0672572101688349,0.135747198818721),
 .UNSPECIFIED.);
#181=B_SPLINE_CURVE_WITH_KNOTS('',3,(#12257,#12258,#12259,#12260,#12261),
 .UNSPECIFIED.,.F.,.F.,(4,1,4),(0.,0.0624147751154898,0.13265133084411),
 .UNSPECIFIED.);
#182=B_SPLINE_CURVE_WITH_KNOTS('',3,(#12263,#12264,#12265,#12266,#12267),
 .UNSPECIFIED.,.F.,.F.,(4,1,4),(0.,0.0624147751154898,0.13265133084411),
 .UNSPECIFIED.);
#183=B_SPLINE_CURVE_WITH_KNOTS('',3,(#12280,#12281,#12282,#12283,#12284),
 .UNSPECIFIED.,.F.,.F.,(4,1,4),(0.,0.0614257130904061,0.121217666674775),
 .UNSPECIFIED.);
#184=B_SPLINE_CURVE_WITH_KNOTS('',3,(#12286,#12287,#12288,#12289,#12290),
 .UNSPECIFIED.,.F.,.F.,(4,1,4),(0.,0.0614257130904061,0.121217666674775),
 .UNSPECIFIED.);
#185=B_SPLINE_CURVE_WITH_KNOTS('',3,(#12303,#12304,#12305,#12306,#12307),
 .UNSPECIFIED.,.F.,.F.,(4,1,4),(0.,0.106360215121531,0.183920630815637),
 .UNSPECIFIED.);
#186=B_SPLINE_CURVE_WITH_KNOTS('',3,(#12309,#12310,#12311,#12312,#12313),
 .UNSPECIFIED.,.F.,.F.,(4,1,4),(0.,0.106360215121531,0.183920630815637),
 .UNSPECIFIED.);
#187=B_SPLINE_CURVE_WITH_KNOTS('',3,(#12326,#12327,#12328,#12329,#12330),
 .UNSPECIFIED.,.F.,.F.,(4,1,4),(0.,0.0585709787163796,0.158415093120779),
 .UNSPECIFIED.);
#188=B_SPLINE_CURVE_WITH_KNOTS('',3,(#12332,#12333,#12334,#12335,#12336),
 .UNSPECIFIED.,.F.,.F.,(4,1,4),(0.,0.0585709787163796,0.158415093120779),
 .UNSPECIFIED.);
#189=B_SPLINE_CURVE_WITH_KNOTS('',3,(#12349,#12350,#12351,#12352,#12353),
 .UNSPECIFIED.,.F.,.F.,(4,1,4),(0.,0.0270056818859637,0.0556202581378754),
 .UNSPECIFIED.);
#190=B_SPLINE_CURVE_WITH_KNOTS('',3,(#12355,#12356,#12357,#12358,#12359),
 .UNSPECIFIED.,.F.,.F.,(4,1,4),(0.,0.0270056818859637,0.0556202581378754),
 .UNSPECIFIED.);
#191=B_SPLINE_CURVE_WITH_KNOTS('',3,(#12372,#12373,#12374,#12375,#12376),
 .UNSPECIFIED.,.F.,.F.,(4,1,4),(0.,0.0289923447320724,0.0576853034299395),
 .UNSPECIFIED.);
#192=B_SPLINE_CURVE_WITH_KNOTS('',3,(#12378,#12379,#12380,#12381,#12382),
 .UNSPECIFIED.,.F.,.F.,(4,1,4),(0.,0.0289923447320724,0.0576853034299395),
 .UNSPECIFIED.);
#193=B_SPLINE_CURVE_WITH_KNOTS('',3,(#12395,#12396,#12397,#12398,#12399),
 .UNSPECIFIED.,.F.,.F.,(4,1,4),(0.,0.0631709951038452,0.115367782459956),
 .UNSPECIFIED.);
#194=B_SPLINE_CURVE_WITH_KNOTS('',3,(#12401,#12402,#12403,#12404,#12405),
 .UNSPECIFIED.,.F.,.F.,(4,1,4),(0.,0.0631709951038452,0.115367782459956),
 .UNSPECIFIED.);
#195=B_SPLINE_CURVE_WITH_KNOTS('',3,(#12418,#12419,#12420,#12421,#12422),
 .UNSPECIFIED.,.F.,.F.,(4,1,4),(0.,0.0472018556850088,0.107268851045629),
 .UNSPECIFIED.);
#196=B_SPLINE_CURVE_WITH_KNOTS('',3,(#12424,#12425,#12426,#12427,#12428),
 .UNSPECIFIED.,.F.,.F.,(4,1,4),(0.,0.0472018556850088,0.107268851045629),
 .UNSPECIFIED.);
#197=B_SPLINE_CURVE_WITH_KNOTS('',3,(#12441,#12442,#12443,#12444,#12445),
 .UNSPECIFIED.,.F.,.F.,(4,1,4),(0.,0.0554520592649298,0.10090960664423),
 .UNSPECIFIED.);
#198=B_SPLINE_CURVE_WITH_KNOTS('',3,(#12447,#12448,#12449,#12450,#12451),
 .UNSPECIFIED.,.F.,.F.,(4,1,4),(0.,0.0554520592649298,0.10090960664423),
 .UNSPECIFIED.);
#199=B_SPLINE_CURVE_WITH_KNOTS('',3,(#12470,#12471,#12472,#12473,#12474),
 .UNSPECIFIED.,.F.,.F.,(4,1,4),(0.,0.0964939574831845,0.198063713411028),
 .UNSPECIFIED.);
#200=B_SPLINE_CURVE_WITH_KNOTS('',3,(#12476,#12477,#12478,#12479,#12480),
 .UNSPECIFIED.,.F.,.F.,(4,1,4),(0.,0.0964939574831845,0.198063713411028),
 .UNSPECIFIED.);
#201=B_SPLINE_CURVE_WITH_KNOTS('',3,(#12493,#12494,#12495,#12496,#12497),
 .UNSPECIFIED.,.F.,.F.,(4,1,4),(0.,0.133020110250193,0.239929493107068),
 .UNSPECIFIED.);
#202=B_SPLINE_CURVE_WITH_KNOTS('',3,(#12499,#12500,#12501,#12502,#12503),
 .UNSPECIFIED.,.F.,.F.,(4,1,4),(0.,0.133020110250193,0.239929493107068),
 .UNSPECIFIED.);
#203=B_SPLINE_CURVE_WITH_KNOTS('',3,(#12516,#12517,#12518,#12519,#12520),
 .UNSPECIFIED.,.F.,.F.,(4,1,4),(0.,0.0749304653502473,0.160683869093576),
 .UNSPECIFIED.);
#204=B_SPLINE_CURVE_WITH_KNOTS('',3,(#12522,#12523,#12524,#12525,#12526),
 .UNSPECIFIED.,.F.,.F.,(4,1,4),(0.,0.0749304653502473,0.160683869093576),
 .UNSPECIFIED.);
#205=B_SPLINE_CURVE_WITH_KNOTS('',3,(#12539,#12540,#12541,#12542,#12543),
 .UNSPECIFIED.,.F.,.F.,(4,1,4),(0.,0.0631243822477657,0.130074932517668),
 .UNSPECIFIED.);
#206=B_SPLINE_CURVE_WITH_KNOTS('',3,(#12545,#12546,#12547,#12548,#12549),
 .UNSPECIFIED.,.F.,.F.,(4,1,4),(0.,0.0631243822477657,0.130074932517668),
 .UNSPECIFIED.);
#207=B_SPLINE_CURVE_WITH_KNOTS('',3,(#12562,#12563,#12564,#12565,#12566),
 .UNSPECIFIED.,.F.,.F.,(4,1,4),(0.,0.0597716714392137,0.120769366183361),
 .UNSPECIFIED.);
#208=B_SPLINE_CURVE_WITH_KNOTS('',3,(#12568,#12569,#12570,#12571,#12572),
 .UNSPECIFIED.,.F.,.F.,(4,1,4),(0.,0.0597716714392137,0.120769366183361),
 .UNSPECIFIED.);
#209=B_SPLINE_CURVE_WITH_KNOTS('',3,(#12585,#12586,#12587,#12588,#12589),
 .UNSPECIFIED.,.F.,.F.,(4,1,4),(0.,0.0917600096672426,0.181394297064636),
 .UNSPECIFIED.);
#210=B_SPLINE_CURVE_WITH_KNOTS('',3,(#12591,#12592,#12593,#12594,#12595),
 .UNSPECIFIED.,.F.,.F.,(4,1,4),(0.,0.0917600096672426,0.181394297064636),
 .UNSPECIFIED.);
#211=B_SPLINE_CURVE_WITH_KNOTS('',3,(#12608,#12609,#12610,#12611,#12612),
 .UNSPECIFIED.,.F.,.F.,(4,1,4),(0.,0.116183858583519,0.199968048857444),
 .UNSPECIFIED.);
#212=B_SPLINE_CURVE_WITH_KNOTS('',3,(#12614,#12615,#12616,#12617,#12618),
 .UNSPECIFIED.,.F.,.F.,(4,1,4),(0.,0.116183858583519,0.199968048857444),
 .UNSPECIFIED.);
#213=B_SPLINE_CURVE_WITH_KNOTS('',3,(#12631,#12632,#12633,#12634,#12635),
 .UNSPECIFIED.,.F.,.F.,(4,1,4),(0.,0.0484803050857326,0.133981794442738),
 .UNSPECIFIED.);
#214=B_SPLINE_CURVE_WITH_KNOTS('',3,(#12637,#12638,#12639,#12640,#12641),
 .UNSPECIFIED.,.F.,.F.,(4,1,4),(0.,0.0484803050857326,0.133981794442738),
 .UNSPECIFIED.);
#215=B_SPLINE_CURVE_WITH_KNOTS('',3,(#12654,#12655,#12656,#12657,#12658),
 .UNSPECIFIED.,.F.,.F.,(4,1,4),(0.,0.02947811146226,0.0682163166188189),
 .UNSPECIFIED.);
#216=B_SPLINE_CURVE_WITH_KNOTS('',3,(#12660,#12661,#12662,#12663,#12664),
 .UNSPECIFIED.,.F.,.F.,(4,1,4),(0.,0.02947811146226,0.0682163166188189),
 .UNSPECIFIED.);
#217=B_SPLINE_CURVE_WITH_KNOTS('',3,(#12677,#12678,#12679,#12680,#12681),
 .UNSPECIFIED.,.F.,.F.,(4,1,4),(0.,0.0265896207894509,0.0519128228582048),
 .UNSPECIFIED.);
#218=B_SPLINE_CURVE_WITH_KNOTS('',3,(#12683,#12684,#12685,#12686,#12687),
 .UNSPECIFIED.,.F.,.F.,(4,1,4),(0.,0.0265896207894509,0.0519128228582048),
 .UNSPECIFIED.);
#219=B_SPLINE_CURVE_WITH_KNOTS('',3,(#12700,#12701,#12702,#12703,#12704),
 .UNSPECIFIED.,.F.,.F.,(4,1,4),(0.,0.0465072636398834,0.089077478621897),
 .UNSPECIFIED.);
#220=B_SPLINE_CURVE_WITH_KNOTS('',3,(#12706,#12707,#12708,#12709,#12710),
 .UNSPECIFIED.,.F.,.F.,(4,1,4),(0.,0.0465072636398834,0.089077478621897),
 .UNSPECIFIED.);
#221=B_SPLINE_CURVE_WITH_KNOTS('',3,(#12723,#12724,#12725,#12726,#12727),
 .UNSPECIFIED.,.F.,.F.,(4,1,4),(0.,0.0689136158895949,0.123976662168714),
 .UNSPECIFIED.);
#222=B_SPLINE_CURVE_WITH_KNOTS('',3,(#12729,#12730,#12731,#12732,#12733),
 .UNSPECIFIED.,.F.,.F.,(4,1,4),(0.,0.0689136158895949,0.123976662168714),
 .UNSPECIFIED.);
#223=B_SPLINE_CURVE_WITH_KNOTS('',3,(#12746,#12747,#12748,#12749,#12750),
 .UNSPECIFIED.,.F.,.F.,(4,1,4),(0.,0.0580599327845743,0.124805974220723),
 .UNSPECIFIED.);
#224=B_SPLINE_CURVE_WITH_KNOTS('',3,(#12752,#12753,#12754,#12755,#12756),
 .UNSPECIFIED.,.F.,.F.,(4,1,4),(0.,0.0580599327845743,0.124805974220723),
 .UNSPECIFIED.);
#225=B_SPLINE_CURVE_WITH_KNOTS('',3,(#12769,#12770,#12771,#12772,#12773),
 .UNSPECIFIED.,.F.,.F.,(4,1,4),(0.,0.0719074777684421,0.131649061453799),
 .UNSPECIFIED.);
#226=B_SPLINE_CURVE_WITH_KNOTS('',3,(#12775,#12776,#12777,#12778,#12779),
 .UNSPECIFIED.,.F.,.F.,(4,1,4),(0.,0.0719074777684421,0.131649061453799),
 .UNSPECIFIED.);
#227=B_SPLINE_CURVE_WITH_KNOTS('',3,(#12797,#12798,#12799,#12800,#12801),
 .UNSPECIFIED.,.F.,.F.,(4,1,4),(0.,0.107885671994133,0.230404595482766),
 .UNSPECIFIED.);
#228=B_SPLINE_CURVE_WITH_KNOTS('',3,(#12802,#12803,#12804,#12805,#12806),
 .UNSPECIFIED.,.F.,.F.,(4,1,4),(0.,0.107885671994133,0.230404595482766),
 .UNSPECIFIED.);
#229=B_SPLINE_CURVE_WITH_KNOTS('',3,(#12821,#12822,#12823,#12824,#12825),
 .UNSPECIFIED.,.F.,.F.,(4,1,4),(0.,0.0465661744462742,0.13811048289387),
 .UNSPECIFIED.);
#230=B_SPLINE_CURVE_WITH_KNOTS('',3,(#12829,#12830,#12831,#12832,#12833),
 .UNSPECIFIED.,.F.,.F.,(4,1,4),(0.,0.0465661744462742,0.13811048289387),
 .UNSPECIFIED.);
#231=B_SPLINE_CURVE_WITH_KNOTS('',3,(#12846,#12847,#12848,#12849,#12850),
 .UNSPECIFIED.,.F.,.F.,(4,1,4),(0.,0.0315302562291872,0.068180255932333),
 .UNSPECIFIED.);
#232=B_SPLINE_CURVE_WITH_KNOTS('',3,(#12852,#12853,#12854,#12855,#12856),
 .UNSPECIFIED.,.F.,.F.,(4,1,4),(0.,0.0315302562291872,0.068180255932333),
 .UNSPECIFIED.);
#233=B_SPLINE_CURVE_WITH_KNOTS('',3,(#12869,#12870,#12871,#12872,#12873),
 .UNSPECIFIED.,.F.,.F.,(4,1,4),(0.,0.0340158633009945,0.0647877851680171),
 .UNSPECIFIED.);
#234=B_SPLINE_CURVE_WITH_KNOTS('',3,(#12875,#12876,#12877,#12878,#12879),
 .UNSPECIFIED.,.F.,.F.,(4,1,4),(0.,0.0340158633009945,0.0647877851680171),
 .UNSPECIFIED.);
#235=B_SPLINE_CURVE_WITH_KNOTS('',3,(#12892,#12893,#12894,#12895,#12896),
 .UNSPECIFIED.,.F.,.F.,(4,1,4),(0.,0.0327512096056032,0.0682440667800573),
 .UNSPECIFIED.);
#236=B_SPLINE_CURVE_WITH_KNOTS('',3,(#12898,#12899,#12900,#12901,#12902),
 .UNSPECIFIED.,.F.,.F.,(4,1,4),(0.,0.0327512096056032,0.0682440667800573),
 .UNSPECIFIED.);
#237=B_SPLINE_CURVE_WITH_KNOTS('',3,(#12915,#12916,#12917,#12918,#12919),
 .UNSPECIFIED.,.F.,.F.,(4,1,4),(0.,0.0382681375349955,0.0722660328664332),
 .UNSPECIFIED.);
#238=B_SPLINE_CURVE_WITH_KNOTS('',3,(#12921,#12922,#12923,#12924,#12925),
 .UNSPECIFIED.,.F.,.F.,(4,1,4),(0.,0.0382681375349955,0.0722660328664332),
 .UNSPECIFIED.);
#239=B_SPLINE_CURVE_WITH_KNOTS('',3,(#12938,#12939,#12940,#12941,#12942),
 .UNSPECIFIED.,.F.,.F.,(4,1,4),(0.,0.0765382645109686,0.117380596061018),
 .UNSPECIFIED.);
#240=B_SPLINE_CURVE_WITH_KNOTS('',3,(#12944,#12945,#12946,#12947,#12948),
 .UNSPECIFIED.,.F.,.F.,(4,1,4),(0.,0.0765382645109686,0.117380596061018),
 .UNSPECIFIED.);
#241=B_SPLINE_CURVE_WITH_KNOTS('',3,(#12977,#12978,#12979,#12980,#12981),
 .UNSPECIFIED.,.F.,.F.,(4,1,4),(0.,0.0530207947063145,0.143993042457808),
 .UNSPECIFIED.);
#242=B_SPLINE_CURVE_WITH_KNOTS('',3,(#12985,#12986,#12987,#12988,#12989),
 .UNSPECIFIED.,.F.,.F.,(4,1,4),(0.,0.0530207947063145,0.143993042457808),
 .UNSPECIFIED.);
#243=B_SPLINE_CURVE_WITH_KNOTS('',3,(#13002,#13003,#13004,#13005,#13006),
 .UNSPECIFIED.,.F.,.F.,(4,1,4),(0.,0.0304362919207785,0.0631397799125218),
 .UNSPECIFIED.);
#244=B_SPLINE_CURVE_WITH_KNOTS('',3,(#13008,#13009,#13010,#13011,#13012),
 .UNSPECIFIED.,.F.,.F.,(4,1,4),(0.,0.0304362919207785,0.0631397799125218),
 .UNSPECIFIED.);
#245=B_SPLINE_CURVE_WITH_KNOTS('',3,(#13025,#13026,#13027,#13028,#13029),
 .UNSPECIFIED.,.F.,.F.,(4,1,4),(0.,0.0335729093846324,0.0643312479115838),
 .UNSPECIFIED.);
#246=B_SPLINE_CURVE_WITH_KNOTS('',3,(#13031,#13032,#13033,#13034,#13035),
 .UNSPECIFIED.,.F.,.F.,(4,1,4),(0.,0.0335729093846324,0.0643312479115838),
 .UNSPECIFIED.);
#247=B_SPLINE_CURVE_WITH_KNOTS('',3,(#13048,#13049,#13050,#13051,#13052),
 .UNSPECIFIED.,.F.,.F.,(4,1,4),(0.,0.034189950411226,0.0728738534902662),
 .UNSPECIFIED.);
#248=B_SPLINE_CURVE_WITH_KNOTS('',3,(#13054,#13055,#13056,#13057,#13058),
 .UNSPECIFIED.,.F.,.F.,(4,1,4),(0.,0.034189950411226,0.0728738534902662),
 .UNSPECIFIED.);
#249=B_SPLINE_CURVE_WITH_KNOTS('',3,(#13071,#13072,#13073,#13074,#13075),
 .UNSPECIFIED.,.F.,.F.,(4,1,4),(0.,0.0345580357300297,0.0677637307042378),
 .UNSPECIFIED.);
#250=B_SPLINE_CURVE_WITH_KNOTS('',3,(#13077,#13078,#13079,#13080,#13081),
 .UNSPECIFIED.,.F.,.F.,(4,1,4),(0.,0.0345580357300297,0.0677637307042378),
 .UNSPECIFIED.);
#251=B_SPLINE_CURVE_WITH_KNOTS('',3,(#13094,#13095,#13096,#13097,#13098),
 .UNSPECIFIED.,.F.,.F.,(4,1,4),(0.,0.0713616154214145,0.110960108185775),
 .UNSPECIFIED.);
#252=B_SPLINE_CURVE_WITH_KNOTS('',3,(#13100,#13101,#13102,#13103,#13104),
 .UNSPECIFIED.,.F.,.F.,(4,1,4),(0.,0.0713616154214145,0.110960108185775),
 .UNSPECIFIED.);
#253=B_SPLINE_CURVE_WITH_KNOTS('',3,(#13141,#13142,#13143,#13144,#13145),
 .UNSPECIFIED.,.F.,.F.,(4,1,4),(0.,0.068985637528176,0.194921371289396),
 .UNSPECIFIED.);
#254=B_SPLINE_CURVE_WITH_KNOTS('',3,(#13147,#13148,#13149,#13150,#13151),
 .UNSPECIFIED.,.F.,.F.,(4,1,4),(0.,0.068985637528176,0.194921371289396),
 .UNSPECIFIED.);
#255=B_SPLINE_CURVE_WITH_KNOTS('',3,(#13164,#13165,#13166,#13167,#13168),
 .UNSPECIFIED.,.F.,.F.,(4,1,4),(0.,0.0550028694470211,0.115694833874635),
 .UNSPECIFIED.);
#256=B_SPLINE_CURVE_WITH_KNOTS('',3,(#13170,#13171,#13172,#13173,#13174),
 .UNSPECIFIED.,.F.,.F.,(4,1,4),(0.,0.0550028694470211,0.115694833874635),
 .UNSPECIFIED.);
#257=B_SPLINE_CURVE_WITH_KNOTS('',3,(#13187,#13188,#13189,#13190,#13191),
 .UNSPECIFIED.,.F.,.F.,(4,1,4),(0.,0.0552484679512881,0.108548620550203),
 .UNSPECIFIED.);
#258=B_SPLINE_CURVE_WITH_KNOTS('',3,(#13193,#13194,#13195,#13196,#13197),
 .UNSPECIFIED.,.F.,.F.,(4,1,4),(0.,0.0552484679512881,0.108548620550203),
 .UNSPECIFIED.);
#259=B_SPLINE_CURVE_WITH_KNOTS('',3,(#13210,#13211,#13212,#13213,#13214),
 .UNSPECIFIED.,.F.,.F.,(4,1,4),(0.,0.0541924289102397,0.10986564378237),
 .UNSPECIFIED.);
#260=B_SPLINE_CURVE_WITH_KNOTS('',3,(#13216,#13217,#13218,#13219,#13220),
 .UNSPECIFIED.,.F.,.F.,(4,1,4),(0.,0.0541924289102397,0.10986564378237),
 .UNSPECIFIED.);
#261=B_SPLINE_CURVE_WITH_KNOTS('',3,(#13233,#13234,#13235,#13236,#13237),
 .UNSPECIFIED.,.F.,.F.,(4,1,4),(0.,0.063101198337837,0.12864362355749),
 .UNSPECIFIED.);
#262=B_SPLINE_CURVE_WITH_KNOTS('',3,(#13239,#13240,#13241,#13242,#13243),
 .UNSPECIFIED.,.F.,.F.,(4,1,4),(0.,0.063101198337837,0.12864362355749),
 .UNSPECIFIED.);
#263=B_SPLINE_CURVE_WITH_KNOTS('',3,(#13256,#13257,#13258,#13259,#13260),
 .UNSPECIFIED.,.F.,.F.,(4,1,4),(0.,0.0707833926133178,0.135573621733368),
 .UNSPECIFIED.);
#264=B_SPLINE_CURVE_WITH_KNOTS('',3,(#13262,#13263,#13264,#13265,#13266),
 .UNSPECIFIED.,.F.,.F.,(4,1,4),(0.,0.0707833926133178,0.135573621733368),
 .UNSPECIFIED.);
#265=B_SPLINE_CURVE_WITH_KNOTS('',3,(#13279,#13280,#13281,#13282,#13283),
 .UNSPECIFIED.,.F.,.F.,(4,1,4),(0.,0.0543967552954346,0.109335037333332),
 .UNSPECIFIED.);
#266=B_SPLINE_CURVE_WITH_KNOTS('',3,(#13285,#13286,#13287,#13288,#13289),
 .UNSPECIFIED.,.F.,.F.,(4,1,4),(0.,0.0543967552954346,0.109335037333332),
 .UNSPECIFIED.);
#267=B_SPLINE_CURVE_WITH_KNOTS('',3,(#13302,#13303,#13304,#13305,#13306),
 .UNSPECIFIED.,.F.,.F.,(4,1,4),(0.,0.0544174240019445,0.10865285209047),
 .UNSPECIFIED.);
#268=B_SPLINE_CURVE_WITH_KNOTS('',3,(#13308,#13309,#13310,#13311,#13312),
 .UNSPECIFIED.,.F.,.F.,(4,1,4),(0.,0.0544174240019445,0.10865285209047),
 .UNSPECIFIED.);
#269=B_SPLINE_CURVE_WITH_KNOTS('',3,(#13325,#13326,#13327,#13328,#13329),
 .UNSPECIFIED.,.F.,.F.,(4,1,4),(0.,0.0479483676808216,0.0976469153597798),
 .UNSPECIFIED.);
#270=B_SPLINE_CURVE_WITH_KNOTS('',3,(#13331,#13332,#13333,#13334,#13335),
 .UNSPECIFIED.,.F.,.F.,(4,1,4),(0.,0.0479483676808216,0.0976469153597798),
 .UNSPECIFIED.);
#271=B_SPLINE_CURVE_WITH_KNOTS('',3,(#13348,#13349,#13350,#13351,#13352),
 .UNSPECIFIED.,.F.,.F.,(4,1,4),(0.,0.0446818813686818,0.0913278845055819),
 .UNSPECIFIED.);
#272=B_SPLINE_CURVE_WITH_KNOTS('',3,(#13354,#13355,#13356,#13357,#13358),
 .UNSPECIFIED.,.F.,.F.,(4,1,4),(0.,0.0446818813686818,0.0913278845055819),
 .UNSPECIFIED.);
#273=B_SPLINE_CURVE_WITH_KNOTS('',3,(#13371,#13372,#13373,#13374,#13375),
 .UNSPECIFIED.,.F.,.F.,(4,1,4),(0.,0.0458572885559582,0.0903160431743642),
 .UNSPECIFIED.);
#274=B_SPLINE_CURVE_WITH_KNOTS('',3,(#13377,#13378,#13379,#13380,#13381),
 .UNSPECIFIED.,.F.,.F.,(4,1,4),(0.,0.0458572885559582,0.0903160431743642),
 .UNSPECIFIED.);
#275=B_SPLINE_CURVE_WITH_KNOTS('',3,(#13394,#13395,#13396,#13397,#13398),
 .UNSPECIFIED.,.F.,.F.,(4,1,4),(0.,0.0829021937702112,0.141932341791321),
 .UNSPECIFIED.);
#276=B_SPLINE_CURVE_WITH_KNOTS('',3,(#13400,#13401,#13402,#13403,#13404),
 .UNSPECIFIED.,.F.,.F.,(4,1,4),(0.,0.0829021937702112,0.141932341791321),
 .UNSPECIFIED.);
#277=B_SPLINE_CURVE_WITH_KNOTS('',3,(#13665,#13666,#13667,#13668,#13669),
 .UNSPECIFIED.,.F.,.F.,(4,1,4),(0.,0.135247368239867,0.247269004104413),
 .UNSPECIFIED.);
#278=B_SPLINE_CURVE_WITH_KNOTS('',3,(#13673,#13674,#13675,#13676,#13677),
 .UNSPECIFIED.,.F.,.F.,(4,1,4),(0.,0.135247368239867,0.247269004104413),
 .UNSPECIFIED.);
#279=B_SPLINE_CURVE_WITH_KNOTS('',3,(#13690,#13691,#13692,#13693,#13694),
 .UNSPECIFIED.,.F.,.F.,(4,1,4),(0.,0.0814433832212331,0.177355894202938),
 .UNSPECIFIED.);
#280=B_SPLINE_CURVE_WITH_KNOTS('',3,(#13696,#13697,#13698,#13699,#13700),
 .UNSPECIFIED.,.F.,.F.,(4,1,4),(0.,0.0814433832212331,0.177355894202938),
 .UNSPECIFIED.);
#281=B_SPLINE_CURVE_WITH_KNOTS('',3,(#13713,#13714,#13715,#13716,#13717),
 .UNSPECIFIED.,.F.,.F.,(4,1,4),(0.,0.0697396519729162,0.141837175660145),
 .UNSPECIFIED.);
#282=B_SPLINE_CURVE_WITH_KNOTS('',3,(#13719,#13720,#13721,#13722,#13723),
 .UNSPECIFIED.,.F.,.F.,(4,1,4),(0.,0.0697396519729162,0.141837175660145),
 .UNSPECIFIED.);
#283=B_SPLINE_CURVE_WITH_KNOTS('',3,(#13736,#13737,#13738,#13739,#13740),
 .UNSPECIFIED.,.F.,.F.,(4,1,4),(0.,0.0672571932424026,0.135747231757564),
 .UNSPECIFIED.);
#284=B_SPLINE_CURVE_WITH_KNOTS('',3,(#13742,#13743,#13744,#13745,#13746),
 .UNSPECIFIED.,.F.,.F.,(4,1,4),(0.,0.0672571932424026,0.135747231757564),
 .UNSPECIFIED.);
#285=B_SPLINE_CURVE_WITH_KNOTS('',3,(#13759,#13760,#13761,#13762,#13763),
 .UNSPECIFIED.,.F.,.F.,(4,1,4),(0.,0.0624147751154898,0.132651344389696),
 .UNSPECIFIED.);
#286=B_SPLINE_CURVE_WITH_KNOTS('',3,(#13765,#13766,#13767,#13768,#13769),
 .UNSPECIFIED.,.F.,.F.,(4,1,4),(0.,0.0624147751154898,0.132651344389696),
 .UNSPECIFIED.);
#287=B_SPLINE_CURVE_WITH_KNOTS('',3,(#13782,#13783,#13784,#13785,#13786),
 .UNSPECIFIED.,.F.,.F.,(4,1,4),(0.,0.0614256642417335,0.121217541939028),
 .UNSPECIFIED.);
#288=B_SPLINE_CURVE_WITH_KNOTS('',3,(#13788,#13789,#13790,#13791,#13792),
 .UNSPECIFIED.,.F.,.F.,(4,1,4),(0.,0.0614256642417335,0.121217541939028),
 .UNSPECIFIED.);
#289=B_SPLINE_CURVE_WITH_KNOTS('',3,(#13805,#13806,#13807,#13808,#13809),
 .UNSPECIFIED.,.F.,.F.,(4,1,4),(0.,0.106360272576239,0.183920633070928),
 .UNSPECIFIED.);
#290=B_SPLINE_CURVE_WITH_KNOTS('',3,(#13811,#13812,#13813,#13814,#13815),
 .UNSPECIFIED.,.F.,.F.,(4,1,4),(0.,0.106360272576239,0.183920633070928),
 .UNSPECIFIED.);
#291=B_SPLINE_CURVE_WITH_KNOTS('',3,(#13828,#13829,#13830,#13831,#13832),
 .UNSPECIFIED.,.F.,.F.,(4,1,4),(0.,0.0585709787163796,0.158415150456597),
 .UNSPECIFIED.);
#292=B_SPLINE_CURVE_WITH_KNOTS('',3,(#13834,#13835,#13836,#13837,#13838),
 .UNSPECIFIED.,.F.,.F.,(4,1,4),(0.,0.0585709787163796,0.158415150456597),
 .UNSPECIFIED.);
#293=B_SPLINE_CURVE_WITH_KNOTS('',3,(#13851,#13852,#13853,#13854,#13855),
 .UNSPECIFIED.,.F.,.F.,(4,1,4),(0.,0.027005695134597,0.0556202338750951),
 .UNSPECIFIED.);
#294=B_SPLINE_CURVE_WITH_KNOTS('',3,(#13857,#13858,#13859,#13860,#13861),
 .UNSPECIFIED.,.F.,.F.,(4,1,4),(0.,0.027005695134597,0.0556202338750951),
 .UNSPECIFIED.);
#295=B_SPLINE_CURVE_WITH_KNOTS('',3,(#13874,#13875,#13876,#13877,#13878),
 .UNSPECIFIED.,.F.,.F.,(4,1,4),(0.,0.0289922656382149,0.057685224336082),
 .UNSPECIFIED.);
#296=B_SPLINE_CURVE_WITH_KNOTS('',3,(#13880,#13881,#13882,#13883,#13884),
 .UNSPECIFIED.,.F.,.F.,(4,1,4),(0.,0.0289922656382149,0.057685224336082),
 .UNSPECIFIED.);
#297=B_SPLINE_CURVE_WITH_KNOTS('',3,(#13897,#13898,#13899,#13900,#13901),
 .UNSPECIFIED.,.F.,.F.,(4,1,4),(0.,0.0631709951038452,0.115367836673898),
 .UNSPECIFIED.);
#298=B_SPLINE_CURVE_WITH_KNOTS('',3,(#13903,#13904,#13905,#13906,#13907),
 .UNSPECIFIED.,.F.,.F.,(4,1,4),(0.,0.0631709951038452,0.115367836673898),
 .UNSPECIFIED.);
#299=B_SPLINE_CURVE_WITH_KNOTS('',3,(#13920,#13921,#13922,#13923,#13924),
 .UNSPECIFIED.,.F.,.F.,(4,1,4),(0.,0.0472018556850088,0.107268851045629),
 .UNSPECIFIED.);
#300=B_SPLINE_CURVE_WITH_KNOTS('',3,(#13926,#13927,#13928,#13929,#13930),
 .UNSPECIFIED.,.F.,.F.,(4,1,4),(0.,0.0472018556850088,0.107268851045629),
 .UNSPECIFIED.);
#301=B_SPLINE_CURVE_WITH_KNOTS('',3,(#13943,#13944,#13945,#13946,#13947),
 .UNSPECIFIED.,.F.,.F.,(4,1,4),(0.,0.0554520592649298,0.100909532765153),
 .UNSPECIFIED.);
#302=B_SPLINE_CURVE_WITH_KNOTS('',3,(#13949,#13950,#13951,#13952,#13953),
 .UNSPECIFIED.,.F.,.F.,(4,1,4),(0.,0.0554520592649298,0.100909532765153),
 .UNSPECIFIED.);
#303=B_SPLINE_CURVE_WITH_KNOTS('',3,(#13972,#13973,#13974,#13975,#13976),
 .UNSPECIFIED.,.F.,.F.,(4,1,4),(0.,0.0964939574831845,0.198063713411028),
 .UNSPECIFIED.);
#304=B_SPLINE_CURVE_WITH_KNOTS('',3,(#13978,#13979,#13980,#13981,#13982),
 .UNSPECIFIED.,.F.,.F.,(4,1,4),(0.,0.0964939574831845,0.198063713411028),
 .UNSPECIFIED.);
#305=B_SPLINE_CURVE_WITH_KNOTS('',3,(#13995,#13996,#13997,#13998,#13999),
 .UNSPECIFIED.,.F.,.F.,(4,1,4),(0.,0.133020051106293,0.239929328314684),
 .UNSPECIFIED.);
#306=B_SPLINE_CURVE_WITH_KNOTS('',3,(#14001,#14002,#14003,#14004,#14005),
 .UNSPECIFIED.,.F.,.F.,(4,1,4),(0.,0.133020051106293,0.239929328314684),
 .UNSPECIFIED.);
#307=B_SPLINE_CURVE_WITH_KNOTS('',3,(#14018,#14019,#14020,#14021,#14022),
 .UNSPECIFIED.,.F.,.F.,(4,1,4),(0.,0.0749305225955709,0.1606839263389),
 .UNSPECIFIED.);
#308=B_SPLINE_CURVE_WITH_KNOTS('',3,(#14024,#14025,#14026,#14027,#14028),
 .UNSPECIFIED.,.F.,.F.,(4,1,4),(0.,0.0749305225955709,0.1606839263389),
 .UNSPECIFIED.);
#309=B_SPLINE_CURVE_WITH_KNOTS('',3,(#14041,#14042,#14043,#14044,#14045),
 .UNSPECIFIED.,.F.,.F.,(4,1,4),(0.,0.0631242624460197,0.130074966479777),
 .UNSPECIFIED.);
#310=B_SPLINE_CURVE_WITH_KNOTS('',3,(#14047,#14048,#14049,#14050,#14051),
 .UNSPECIFIED.,.F.,.F.,(4,1,4),(0.,0.0631242624460197,0.130074966479777),
 .UNSPECIFIED.);
#311=B_SPLINE_CURVE_WITH_KNOTS('',3,(#14064,#14065,#14066,#14067,#14068),
 .UNSPECIFIED.,.F.,.F.,(4,1,4),(0.,0.059771684397376,0.120769391839291),
 .UNSPECIFIED.);
#312=B_SPLINE_CURVE_WITH_KNOTS('',3,(#14070,#14071,#14072,#14073,#14074),
 .UNSPECIFIED.,.F.,.F.,(4,1,4),(0.,0.059771684397376,0.120769391839291),
 .UNSPECIFIED.);
#313=B_SPLINE_CURVE_WITH_KNOTS('',3,(#14087,#14088,#14089,#14090,#14091),
 .UNSPECIFIED.,.F.,.F.,(4,1,4),(0.,0.0917601891182904,0.181394452021242),
 .UNSPECIFIED.);
#314=B_SPLINE_CURVE_WITH_KNOTS('',3,(#14093,#14094,#14095,#14096,#14097),
 .UNSPECIFIED.,.F.,.F.,(4,1,4),(0.,0.0917601891182904,0.181394452021242),
 .UNSPECIFIED.);
#315=B_SPLINE_CURVE_WITH_KNOTS('',3,(#14110,#14111,#14112,#14113,#14114),
 .UNSPECIFIED.,.F.,.F.,(4,1,4),(0.,0.11618374520111,0.19996788442453),
 .UNSPECIFIED.);
#316=B_SPLINE_CURVE_WITH_KNOTS('',3,(#14116,#14117,#14118,#14119,#14120),
 .UNSPECIFIED.,.F.,.F.,(4,1,4),(0.,0.11618374520111,0.19996788442453),
 .UNSPECIFIED.);
#317=B_SPLINE_CURVE_WITH_KNOTS('',3,(#14133,#14134,#14135,#14136,#14137),
 .UNSPECIFIED.,.F.,.F.,(4,1,4),(0.,0.0484803050857326,0.133981794442738),
 .UNSPECIFIED.);
#318=B_SPLINE_CURVE_WITH_KNOTS('',3,(#14139,#14140,#14141,#14142,#14143),
 .UNSPECIFIED.,.F.,.F.,(4,1,4),(0.,0.0484803050857326,0.133981794442738),
 .UNSPECIFIED.);
#319=B_SPLINE_CURVE_WITH_KNOTS('',3,(#14156,#14157,#14158,#14159,#14160),
 .UNSPECIFIED.,.F.,.F.,(4,1,4),(0.,0.02947811146226,0.0682164251428657),
 .UNSPECIFIED.);
#320=B_SPLINE_CURVE_WITH_KNOTS('',3,(#14162,#14163,#14164,#14165,#14166),
 .UNSPECIFIED.,.F.,.F.,(4,1,4),(0.,0.02947811146226,0.0682164251428657),
 .UNSPECIFIED.);
#321=B_SPLINE_CURVE_WITH_KNOTS('',3,(#14179,#14180,#14181,#14182,#14183),
 .UNSPECIFIED.,.F.,.F.,(4,1,4),(0.,0.0265896301167584,0.0519127734212818),
 .UNSPECIFIED.);
#322=B_SPLINE_CURVE_WITH_KNOTS('',3,(#14185,#14186,#14187,#14188,#14189),
 .UNSPECIFIED.,.F.,.F.,(4,1,4),(0.,0.0265896301167584,0.0519127734212818),
 .UNSPECIFIED.);
#323=B_SPLINE_CURVE_WITH_KNOTS('',3,(#14202,#14203,#14204,#14205,#14206),
 .UNSPECIFIED.,.F.,.F.,(4,1,4),(0.,0.0465073777262612,0.0890775511618689),
 .UNSPECIFIED.);
#324=B_SPLINE_CURVE_WITH_KNOTS('',3,(#14208,#14209,#14210,#14211,#14212),
 .UNSPECIFIED.,.F.,.F.,(4,1,4),(0.,0.0465073777262612,0.0890775511618689),
 .UNSPECIFIED.);
#325=B_SPLINE_CURVE_WITH_KNOTS('',3,(#14225,#14226,#14227,#14228,#14229),
 .UNSPECIFIED.,.F.,.F.,(4,1,4),(0.,0.0689134975384212,0.123976597055494),
 .UNSPECIFIED.);
#326=B_SPLINE_CURVE_WITH_KNOTS('',3,(#14231,#14232,#14233,#14234,#14235),
 .UNSPECIFIED.,.F.,.F.,(4,1,4),(0.,0.0689134975384212,0.123976597055494),
 .UNSPECIFIED.);
#327=B_SPLINE_CURVE_WITH_KNOTS('',3,(#14248,#14249,#14250,#14251,#14252),
 .UNSPECIFIED.,.F.,.F.,(4,1,4),(0.,0.058060037405594,0.124806078841743),
 .UNSPECIFIED.);
#328=B_SPLINE_CURVE_WITH_KNOTS('',3,(#14254,#14255,#14256,#14257,#14258),
 .UNSPECIFIED.,.F.,.F.,(4,1,4),(0.,0.058060037405594,0.124806078841743),
 .UNSPECIFIED.);
#329=B_SPLINE_CURVE_WITH_KNOTS('',3,(#14271,#14272,#14273,#14274,#14275),
 .UNSPECIFIED.,.F.,.F.,(4,1,4),(0.,0.0719074955791972,0.131649043262634),
 .UNSPECIFIED.);
#330=B_SPLINE_CURVE_WITH_KNOTS('',3,(#14277,#14278,#14279,#14280,#14281),
 .UNSPECIFIED.,.F.,.F.,(4,1,4),(0.,0.0719074955791972,0.131649043262634),
 .UNSPECIFIED.);
#331=B_SPLINE_CURVE_WITH_KNOTS('',3,(#14299,#14300,#14301,#14302,#14303),
 .UNSPECIFIED.,.F.,.F.,(4,1,4),(0.,0.10788568993275,0.230404597758002),
 .UNSPECIFIED.);
#332=B_SPLINE_CURVE_WITH_KNOTS('',3,(#14304,#14305,#14306,#14307,#14308),
 .UNSPECIFIED.,.F.,.F.,(4,1,4),(0.,0.10788568993275,0.230404597758002),
 .UNSPECIFIED.);
#333=B_SPLINE_SURFACE_WITH_KNOTS('',3,1,((#9828,#9829),(#9830,#9831),(#9832,
#9833),(#9834,#9835),(#9836,#9837)),.UNSPECIFIED.,.F.,.F.,.F.,(4,1,4),(2,
2),(0.,0.0465661744462742,0.13811048289387),(0.,0.04),.UNSPECIFIED.);
#334=B_SPLINE_SURFACE_WITH_KNOTS('',3,1,((#9854,#9855),(#9856,#9857),(#9858,
#9859),(#9860,#9861),(#9862,#9863)),.UNSPECIFIED.,.F.,.F.,.F.,(4,1,4),(2,
2),(0.,0.0315302562291872,0.068180255932333),(0.,0.04),.UNSPECIFIED.);
#335=B_SPLINE_SURFACE_WITH_KNOTS('',3,1,((#9877,#9878),(#9879,#9880),(#9881,
#9882),(#9883,#9884),(#9885,#9886)),.UNSPECIFIED.,.F.,.F.,.F.,(4,1,4),(2,
2),(0.,0.0340158633009945,0.0647877851680171),(0.,0.04),.UNSPECIFIED.);
#336=B_SPLINE_SURFACE_WITH_KNOTS('',3,1,((#9900,#9901),(#9902,#9903),(#9904,
#9905),(#9906,#9907),(#9908,#9909)),.UNSPECIFIED.,.F.,.F.,.F.,(4,1,4),(2,
2),(0.,0.0327512096056032,0.0682440667800573),(0.,0.04),.UNSPECIFIED.);
#337=B_SPLINE_SURFACE_WITH_KNOTS('',3,1,((#9923,#9924),(#9925,#9926),(#9927,
#9928),(#9929,#9930),(#9931,#9932)),.UNSPECIFIED.,.F.,.F.,.F.,(4,1,4),(2,
2),(0.,0.0382681375349955,0.0722660328664332),(0.,0.04),.UNSPECIFIED.);
#338=B_SPLINE_SURFACE_WITH_KNOTS('',3,1,((#9946,#9947),(#9948,#9949),(#9950,
#9951),(#9952,#9953),(#9954,#9955)),.UNSPECIFIED.,.F.,.F.,.F.,(4,1,4),(2,
2),(0.,0.0765382645109686,0.117380596061018),(0.,0.04),.UNSPECIFIED.);
#339=B_SPLINE_SURFACE_WITH_KNOTS('',3,1,((#9984,#9985),(#9986,#9987),(#9988,
#9989),(#9990,#9991),(#9992,#9993)),.UNSPECIFIED.,.F.,.F.,.F.,(4,1,4),(2,
2),(0.,0.0530207947063145,0.143993042457808),(0.,0.04),.UNSPECIFIED.);
#340=B_SPLINE_SURFACE_WITH_KNOTS('',3,1,((#10010,#10011),(#10012,#10013),
(#10014,#10015),(#10016,#10017),(#10018,#10019)),.UNSPECIFIED.,.F.,.F.,
 .F.,(4,1,4),(2,2),(0.,0.0304362919207785,0.0631397799125218),(0.,0.04),
 .UNSPECIFIED.);
#341=B_SPLINE_SURFACE_WITH_KNOTS('',3,1,((#10033,#10034),(#10035,#10036),
(#10037,#10038),(#10039,#10040),(#10041,#10042)),.UNSPECIFIED.,.F.,.F.,
 .F.,(4,1,4),(2,2),(0.,0.0335729093846324,0.0643312479115838),(0.,0.04),
 .UNSPECIFIED.);
#342=B_SPLINE_SURFACE_WITH_KNOTS('',3,1,((#10056,#10057),(#10058,#10059),
(#10060,#10061),(#10062,#10063),(#10064,#10065)),.UNSPECIFIED.,.F.,.F.,
 .F.,(4,1,4),(2,2),(0.,0.034189950411226,0.0728738534902662),(0.,0.04),
 .UNSPECIFIED.);
#343=B_SPLINE_SURFACE_WITH_KNOTS('',3,1,((#10079,#10080),(#10081,#10082),
(#10083,#10084),(#10085,#10086),(#10087,#10088)),.UNSPECIFIED.,.F.,.F.,
 .F.,(4,1,4),(2,2),(0.,0.0345580357300297,0.0677637307042378),(0.,0.04),
 .UNSPECIFIED.);
#344=B_SPLINE_SURFACE_WITH_KNOTS('',3,1,((#10102,#10103),(#10104,#10105),
(#10106,#10107),(#10108,#10109),(#10110,#10111)),.UNSPECIFIED.,.F.,.F.,
 .F.,(4,1,4),(2,2),(0.,0.0713616154214145,0.110960108185775),(0.,0.04),
 .UNSPECIFIED.);
#345=B_SPLINE_SURFACE_WITH_KNOTS('',3,1,((#10149,#10150),(#10151,#10152),
(#10153,#10154),(#10155,#10156),(#10157,#10158)),.UNSPECIFIED.,.F.,.F.,
 .F.,(4,1,4),(2,2),(0.,0.068985637528176,0.194921371289396),(0.,0.04),
 .UNSPECIFIED.);
#346=B_SPLINE_SURFACE_WITH_KNOTS('',3,1,((#10172,#10173),(#10174,#10175),
(#10176,#10177),(#10178,#10179),(#10180,#10181)),.UNSPECIFIED.,.F.,.F.,
 .F.,(4,1,4),(2,2),(0.,0.0550028694470211,0.115694833874635),(0.,0.04),
 .UNSPECIFIED.);
#347=B_SPLINE_SURFACE_WITH_KNOTS('',3,1,((#10195,#10196),(#10197,#10198),
(#10199,#10200),(#10201,#10202),(#10203,#10204)),.UNSPECIFIED.,.F.,.F.,
 .F.,(4,1,4),(2,2),(0.,0.0552484679512881,0.108548620550203),(0.,0.04),
 .UNSPECIFIED.);
#348=B_SPLINE_SURFACE_WITH_KNOTS('',3,1,((#10218,#10219),(#10220,#10221),
(#10222,#10223),(#10224,#10225),(#10226,#10227)),.UNSPECIFIED.,.F.,.F.,
 .F.,(4,1,4),(2,2),(0.,0.0541924289102397,0.10986564378237),(0.,0.04),
 .UNSPECIFIED.);
#349=B_SPLINE_SURFACE_WITH_KNOTS('',3,1,((#10241,#10242),(#10243,#10244),
(#10245,#10246),(#10247,#10248),(#10249,#10250)),.UNSPECIFIED.,.F.,.F.,
 .F.,(4,1,4),(2,2),(0.,0.063101198337837,0.12864362355749),(0.,0.04),
 .UNSPECIFIED.);
#350=B_SPLINE_SURFACE_WITH_KNOTS('',3,1,((#10264,#10265),(#10266,#10267),
(#10268,#10269),(#10270,#10271),(#10272,#10273)),.UNSPECIFIED.,.F.,.F.,
 .F.,(4,1,4),(2,2),(0.,0.0707833926133178,0.135573621733368),(0.,0.04),
 .UNSPECIFIED.);
#351=B_SPLINE_SURFACE_WITH_KNOTS('',3,1,((#10287,#10288),(#10289,#10290),
(#10291,#10292),(#10293,#10294),(#10295,#10296)),.UNSPECIFIED.,.F.,.F.,
 .F.,(4,1,4),(2,2),(0.,0.0543967552954346,0.109335037333332),(0.,0.04),
 .UNSPECIFIED.);
#352=B_SPLINE_SURFACE_WITH_KNOTS('',3,1,((#10310,#10311),(#10312,#10313),
(#10314,#10315),(#10316,#10317),(#10318,#10319)),.UNSPECIFIED.,.F.,.F.,
 .F.,(4,1,4),(2,2),(0.,0.0544174240019445,0.10865285209047),(0.,0.04),
 .UNSPECIFIED.);
#353=B_SPLINE_SURFACE_WITH_KNOTS('',3,1,((#10333,#10334),(#10335,#10336),
(#10337,#10338),(#10339,#10340),(#10341,#10342)),.UNSPECIFIED.,.F.,.F.,
 .F.,(4,1,4),(2,2),(0.,0.0479483676808216,0.0976469153597798),(0.,0.04),
 .UNSPECIFIED.);
#354=B_SPLINE_SURFACE_WITH_KNOTS('',3,1,((#10356,#10357),(#10358,#10359),
(#10360,#10361),(#10362,#10363),(#10364,#10365)),.UNSPECIFIED.,.F.,.F.,
 .F.,(4,1,4),(2,2),(0.,0.0446818813686818,0.0913278845055819),(0.,0.04),
 .UNSPECIFIED.);
#355=B_SPLINE_SURFACE_WITH_KNOTS('',3,1,((#10379,#10380),(#10381,#10382),
(#10383,#10384),(#10385,#10386),(#10387,#10388)),.UNSPECIFIED.,.F.,.F.,
 .F.,(4,1,4),(2,2),(0.,0.0458572885559582,0.0903160431743642),(0.,0.04),
 .UNSPECIFIED.);
#356=B_SPLINE_SURFACE_WITH_KNOTS('',3,1,((#10402,#10403),(#10404,#10405),
(#10406,#10407),(#10408,#10409),(#10410,#10411)),.UNSPECIFIED.,.F.,.F.,
 .F.,(4,1,4),(2,2),(0.,0.0829021937702112,0.141932341791321),(0.,0.04),
 .UNSPECIFIED.);
#357=B_SPLINE_SURFACE_WITH_KNOTS('',3,1,((#10437,#10438),(#10439,#10440),
(#10441,#10442),(#10443,#10444),(#10445,#10446)),.UNSPECIFIED.,.F.,.F.,
 .F.,(4,1,4),(2,2),(0.,0.135247368239867,0.247269056731859),(0.,0.04),
 .UNSPECIFIED.);
#358=B_SPLINE_SURFACE_WITH_KNOTS('',3,1,((#10463,#10464),(#10465,#10466),
(#10467,#10468),(#10469,#10470),(#10471,#10472)),.UNSPECIFIED.,.F.,.F.,
 .F.,(4,1,4),(2,2),(0.,0.0814431535810128,0.177355723994532),(0.,0.04),
 .UNSPECIFIED.);
#359=B_SPLINE_SURFACE_WITH_KNOTS('',3,1,((#10486,#10487),(#10488,#10489),
(#10490,#10491),(#10492,#10493),(#10494,#10495)),.UNSPECIFIED.,.F.,.F.,
 .F.,(4,1,4),(2,2),(0.,0.0697395731516487,0.14183725045345),(0.,0.04),
 .UNSPECIFIED.);
#360=B_SPLINE_SURFACE_WITH_KNOTS('',3,1,((#10509,#10510),(#10511,#10512),
(#10513,#10514),(#10515,#10516),(#10517,#10518)),.UNSPECIFIED.,.F.,.F.,
 .F.,(4,1,4),(2,2),(0.,0.0672572101688349,0.135747198818721),(0.,0.04),
 .UNSPECIFIED.);
#361=B_SPLINE_SURFACE_WITH_KNOTS('',3,1,((#10532,#10533),(#10534,#10535),
(#10536,#10537),(#10538,#10539),(#10540,#10541)),.UNSPECIFIED.,.F.,.F.,
 .F.,(4,1,4),(2,2),(0.,0.0624147751154898,0.13265133084411),(0.,0.04),
 .UNSPECIFIED.);
#362=B_SPLINE_SURFACE_WITH_KNOTS('',3,1,((#10555,#10556),(#10557,#10558),
(#10559,#10560),(#10561,#10562),(#10563,#10564)),.UNSPECIFIED.,.F.,.F.,
 .F.,(4,1,4),(2,2),(0.,0.0614257130904061,0.121217666674775),(0.,0.04),
 .UNSPECIFIED.);
#363=B_SPLINE_SURFACE_WITH_KNOTS('',3,1,((#10578,#10579),(#10580,#10581),
(#10582,#10583),(#10584,#10585),(#10586,#10587)),.UNSPECIFIED.,.F.,.F.,
 .F.,(4,1,4),(2,2),(0.,0.106360215121531,0.183920630815637),(0.,0.04),
 .UNSPECIFIED.);
#364=B_SPLINE_SURFACE_WITH_KNOTS('',3,1,((#10601,#10602),(#10603,#10604),
(#10605,#10606),(#10607,#10608),(#10609,#10610)),.UNSPECIFIED.,.F.,.F.,
 .F.,(4,1,4),(2,2),(0.,0.0585709787163796,0.158415093120779),(0.,0.04),
 .UNSPECIFIED.);
#365=B_SPLINE_SURFACE_WITH_KNOTS('',3,1,((#10624,#10625),(#10626,#10627),
(#10628,#10629),(#10630,#10631),(#10632,#10633)),.UNSPECIFIED.,.F.,.F.,
 .F.,(4,1,4),(2,2),(0.,0.0270056818859637,0.0556202581378754),(0.,0.04),
 .UNSPECIFIED.);
#366=B_SPLINE_SURFACE_WITH_KNOTS('',3,1,((#10647,#10648),(#10649,#10650),
(#10651,#10652),(#10653,#10654),(#10655,#10656)),.UNSPECIFIED.,.F.,.F.,
 .F.,(4,1,4),(2,2),(0.,0.0289923447320724,0.0576853034299395),(0.,0.04),
 .UNSPECIFIED.);
#367=B_SPLINE_SURFACE_WITH_KNOTS('',3,1,((#10670,#10671),(#10672,#10673),
(#10674,#10675),(#10676,#10677),(#10678,#10679)),.UNSPECIFIED.,.F.,.F.,
 .F.,(4,1,4),(2,2),(0.,0.0631709951038452,0.115367782459956),(0.,0.04),
 .UNSPECIFIED.);
#368=B_SPLINE_SURFACE_WITH_KNOTS('',3,1,((#10693,#10694),(#10695,#10696),
(#10697,#10698),(#10699,#10700),(#10701,#10702)),.UNSPECIFIED.,.F.,.F.,
 .F.,(4,1,4),(2,2),(0.,0.0472018556850088,0.107268851045629),(0.,0.04),
 .UNSPECIFIED.);
#369=B_SPLINE_SURFACE_WITH_KNOTS('',3,1,((#10716,#10717),(#10718,#10719),
(#10720,#10721),(#10722,#10723),(#10724,#10725)),.UNSPECIFIED.,.F.,.F.,
 .F.,(4,1,4),(2,2),(0.,0.0554520592649298,0.10090960664423),(0.,0.04),
 .UNSPECIFIED.);
#370=B_SPLINE_SURFACE_WITH_KNOTS('',3,1,((#10745,#10746),(#10747,#10748),
(#10749,#10750),(#10751,#10752),(#10753,#10754)),.UNSPECIFIED.,.F.,.F.,
 .F.,(4,1,4),(2,2),(0.,0.0964939574831845,0.198063713411028),(0.,0.04),
 .UNSPECIFIED.);
#371=B_SPLINE_SURFACE_WITH_KNOTS('',3,1,((#10768,#10769),(#10770,#10771),
(#10772,#10773),(#10774,#10775),(#10776,#10777)),.UNSPECIFIED.,.F.,.F.,
 .F.,(4,1,4),(2,2),(0.,0.133020110250193,0.239929493107068),(0.,0.04),
 .UNSPECIFIED.);
#372=B_SPLINE_SURFACE_WITH_KNOTS('',3,1,((#10791,#10792),(#10793,#10794),
(#10795,#10796),(#10797,#10798),(#10799,#10800)),.UNSPECIFIED.,.F.,.F.,
 .F.,(4,1,4),(2,2),(0.,0.0749304653502473,0.160683869093576),(0.,0.04),
 .UNSPECIFIED.);
#373=B_SPLINE_SURFACE_WITH_KNOTS('',3,1,((#10814,#10815),(#10816,#10817),
(#10818,#10819),(#10820,#10821),(#10822,#10823)),.UNSPECIFIED.,.F.,.F.,
 .F.,(4,1,4),(2,2),(0.,0.0631243822477657,0.130074932517668),(0.,0.04),
 .UNSPECIFIED.);
#374=B_SPLINE_SURFACE_WITH_KNOTS('',3,1,((#10837,#10838),(#10839,#10840),
(#10841,#10842),(#10843,#10844),(#10845,#10846)),.UNSPECIFIED.,.F.,.F.,
 .F.,(4,1,4),(2,2),(0.,0.0597716714392137,0.120769366183361),(0.,0.04),
 .UNSPECIFIED.);
#375=B_SPLINE_SURFACE_WITH_KNOTS('',3,1,((#10860,#10861),(#10862,#10863),
(#10864,#10865),(#10866,#10867),(#10868,#10869)),.UNSPECIFIED.,.F.,.F.,
 .F.,(4,1,4),(2,2),(0.,0.0917600096672426,0.181394297064636),(0.,0.04),
 .UNSPECIFIED.);
#376=B_SPLINE_SURFACE_WITH_KNOTS('',3,1,((#10883,#10884),(#10885,#10886),
(#10887,#10888),(#10889,#10890),(#10891,#10892)),.UNSPECIFIED.,.F.,.F.,
 .F.,(4,1,4),(2,2),(0.,0.116183858583519,0.199968048857444),(0.,0.04),
 .UNSPECIFIED.);
#377=B_SPLINE_SURFACE_WITH_KNOTS('',3,1,((#10906,#10907),(#10908,#10909),
(#10910,#10911),(#10912,#10913),(#10914,#10915)),.UNSPECIFIED.,.F.,.F.,
 .F.,(4,1,4),(2,2),(0.,0.0484803050857326,0.133981794442738),(0.,0.04),
 .UNSPECIFIED.);
#378=B_SPLINE_SURFACE_WITH_KNOTS('',3,1,((#10929,#10930),(#10931,#10932),
(#10933,#10934),(#10935,#10936),(#10937,#10938)),.UNSPECIFIED.,.F.,.F.,
 .F.,(4,1,4),(2,2),(0.,0.02947811146226,0.0682163166188189),(0.,0.04),
 .UNSPECIFIED.);
#379=B_SPLINE_SURFACE_WITH_KNOTS('',3,1,((#10952,#10953),(#10954,#10955),
(#10956,#10957),(#10958,#10959),(#10960,#10961)),.UNSPECIFIED.,.F.,.F.,
 .F.,(4,1,4),(2,2),(0.,0.0265896207894509,0.0519128228582048),(0.,0.04),
 .UNSPECIFIED.);
#380=B_SPLINE_SURFACE_WITH_KNOTS('',3,1,((#10975,#10976),(#10977,#10978),
(#10979,#10980),(#10981,#10982),(#10983,#10984)),.UNSPECIFIED.,.F.,.F.,
 .F.,(4,1,4),(2,2),(0.,0.0465072636398834,0.089077478621897),(0.,0.04),
 .UNSPECIFIED.);
#381=B_SPLINE_SURFACE_WITH_KNOTS('',3,1,((#10998,#10999),(#11000,#11001),
(#11002,#11003),(#11004,#11005),(#11006,#11007)),.UNSPECIFIED.,.F.,.F.,
 .F.,(4,1,4),(2,2),(0.,0.0689136158895949,0.123976662168714),(0.,0.04),
 .UNSPECIFIED.);
#382=B_SPLINE_SURFACE_WITH_KNOTS('',3,1,((#11021,#11022),(#11023,#11024),
(#11025,#11026),(#11027,#11028),(#11029,#11030)),.UNSPECIFIED.,.F.,.F.,
 .F.,(4,1,4),(2,2),(0.,0.0580599327845743,0.124805974220723),(0.,0.04),
 .UNSPECIFIED.);
#383=B_SPLINE_SURFACE_WITH_KNOTS('',3,1,((#11044,#11045),(#11046,#11047),
(#11048,#11049),(#11050,#11051),(#11052,#11053)),.UNSPECIFIED.,.F.,.F.,
 .F.,(4,1,4),(2,2),(0.,0.0719074777684421,0.131649061453799),(0.,0.04),
 .UNSPECIFIED.);
#384=B_SPLINE_SURFACE_WITH_KNOTS('',3,1,((#11073,#11074),(#11075,#11076),
(#11077,#11078),(#11079,#11080),(#11081,#11082)),.UNSPECIFIED.,.F.,.F.,
 .F.,(4,1,4),(2,2),(0.,0.107885671994133,0.230404595482766),(0.,0.04),
 .UNSPECIFIED.);
#385=B_SPLINE_SURFACE_WITH_KNOTS('',3,1,((#11228,#11229),(#11230,#11231),
(#11232,#11233),(#11234,#11235),(#11236,#11237)),.UNSPECIFIED.,.F.,.F.,
 .F.,(4,1,4),(2,2),(0.,0.135247368239867,0.247269004104413),(0.,0.04),
 .UNSPECIFIED.);
#386=B_SPLINE_SURFACE_WITH_KNOTS('',3,1,((#11254,#11255),(#11256,#11257),
(#11258,#11259),(#11260,#11261),(#11262,#11263)),.UNSPECIFIED.,.F.,.F.,
 .F.,(4,1,4),(2,2),(0.,0.0814433832212331,0.177355894202938),(0.,0.04),
 .UNSPECIFIED.);
#387=B_SPLINE_SURFACE_WITH_KNOTS('',3,1,((#11277,#11278),(#11279,#11280),
(#11281,#11282),(#11283,#11284),(#11285,#11286)),.UNSPECIFIED.,.F.,.F.,
 .F.,(4,1,4),(2,2),(0.,0.0697396519729162,0.141837175660145),(0.,0.04),
 .UNSPECIFIED.);
#388=B_SPLINE_SURFACE_WITH_KNOTS('',3,1,((#11300,#11301),(#11302,#11303),
(#11304,#11305),(#11306,#11307),(#11308,#11309)),.UNSPECIFIED.,.F.,.F.,
 .F.,(4,1,4),(2,2),(0.,0.0672571932424026,0.135747231757564),(0.,0.04),
 .UNSPECIFIED.);
#389=B_SPLINE_SURFACE_WITH_KNOTS('',3,1,((#11323,#11324),(#11325,#11326),
(#11327,#11328),(#11329,#11330),(#11331,#11332)),.UNSPECIFIED.,.F.,.F.,
 .F.,(4,1,4),(2,2),(0.,0.0624147751154898,0.132651344389696),(0.,0.04),
 .UNSPECIFIED.);
#390=B_SPLINE_SURFACE_WITH_KNOTS('',3,1,((#11346,#11347),(#11348,#11349),
(#11350,#11351),(#11352,#11353),(#11354,#11355)),.UNSPECIFIED.,.F.,.F.,
 .F.,(4,1,4),(2,2),(0.,0.0614256642417335,0.121217541939028),(0.,0.04),
 .UNSPECIFIED.);
#391=B_SPLINE_SURFACE_WITH_KNOTS('',3,1,((#11369,#11370),(#11371,#11372),
(#11373,#11374),(#11375,#11376),(#11377,#11378)),.UNSPECIFIED.,.F.,.F.,
 .F.,(4,1,4),(2,2),(0.,0.106360272576239,0.183920633070928),(0.,0.04),
 .UNSPECIFIED.);
#392=B_SPLINE_SURFACE_WITH_KNOTS('',3,1,((#11392,#11393),(#11394,#11395),
(#11396,#11397),(#11398,#11399),(#11400,#11401)),.UNSPECIFIED.,.F.,.F.,
 .F.,(4,1,4),(2,2),(0.,0.0585709787163796,0.158415150456597),(0.,0.04),
 .UNSPECIFIED.);
#393=B_SPLINE_SURFACE_WITH_KNOTS('',3,1,((#11415,#11416),(#11417,#11418),
(#11419,#11420),(#11421,#11422),(#11423,#11424)),.UNSPECIFIED.,.F.,.F.,
 .F.,(4,1,4),(2,2),(0.,0.027005695134597,0.0556202338750951),(0.,0.04),
 .UNSPECIFIED.);
#394=B_SPLINE_SURFACE_WITH_KNOTS('',3,1,((#11438,#11439),(#11440,#11441),
(#11442,#11443),(#11444,#11445),(#11446,#11447)),.UNSPECIFIED.,.F.,.F.,
 .F.,(4,1,4),(2,2),(0.,0.0289922656382149,0.057685224336082),(0.,0.04),
 .UNSPECIFIED.);
#395=B_SPLINE_SURFACE_WITH_KNOTS('',3,1,((#11461,#11462),(#11463,#11464),
(#11465,#11466),(#11467,#11468),(#11469,#11470)),.UNSPECIFIED.,.F.,.F.,
 .F.,(4,1,4),(2,2),(0.,0.0631709951038452,0.115367836673898),(0.,0.04),
 .UNSPECIFIED.);
#396=B_SPLINE_SURFACE_WITH_KNOTS('',3,1,((#11484,#11485),(#11486,#11487),
(#11488,#11489),(#11490,#11491),(#11492,#11493)),.UNSPECIFIED.,.F.,.F.,
 .F.,(4,1,4),(2,2),(0.,0.0472018556850088,0.107268851045629),(0.,0.04),
 .UNSPECIFIED.);
#397=B_SPLINE_SURFACE_WITH_KNOTS('',3,1,((#11507,#11508),(#11509,#11510),
(#11511,#11512),(#11513,#11514),(#11515,#11516)),.UNSPECIFIED.,.F.,.F.,
 .F.,(4,1,4),(2,2),(0.,0.0554520592649298,0.100909532765153),(0.,0.04),
 .UNSPECIFIED.);
#398=B_SPLINE_SURFACE_WITH_KNOTS('',3,1,((#11536,#11537),(#11538,#11539),
(#11540,#11541),(#11542,#11543),(#11544,#11545)),.UNSPECIFIED.,.F.,.F.,
 .F.,(4,1,4),(2,2),(0.,0.0964939574831845,0.198063713411028),(0.,0.04),
 .UNSPECIFIED.);
#399=B_SPLINE_SURFACE_WITH_KNOTS('',3,1,((#11559,#11560),(#11561,#11562),
(#11563,#11564),(#11565,#11566),(#11567,#11568)),.UNSPECIFIED.,.F.,.F.,
 .F.,(4,1,4),(2,2),(0.,0.133020051106293,0.239929328314684),(0.,0.04),
 .UNSPECIFIED.);
#400=B_SPLINE_SURFACE_WITH_KNOTS('',3,1,((#11582,#11583),(#11584,#11585),
(#11586,#11587),(#11588,#11589),(#11590,#11591)),.UNSPECIFIED.,.F.,.F.,
 .F.,(4,1,4),(2,2),(0.,0.0749305225955709,0.1606839263389),(0.,0.04),
 .UNSPECIFIED.);
#401=B_SPLINE_SURFACE_WITH_KNOTS('',3,1,((#11605,#11606),(#11607,#11608),
(#11609,#11610),(#11611,#11612),(#11613,#11614)),.UNSPECIFIED.,.F.,.F.,
 .F.,(4,1,4),(2,2),(0.,0.0631242624460197,0.130074966479777),(0.,0.04),
 .UNSPECIFIED.);
#402=B_SPLINE_SURFACE_WITH_KNOTS('',3,1,((#11628,#11629),(#11630,#11631),
(#11632,#11633),(#11634,#11635),(#11636,#11637)),.UNSPECIFIED.,.F.,.F.,
 .F.,(4,1,4),(2,2),(0.,0.059771684397376,0.120769391839291),(0.,0.04),
 .UNSPECIFIED.);
#403=B_SPLINE_SURFACE_WITH_KNOTS('',3,1,((#11651,#11652),(#11653,#11654),
(#11655,#11656),(#11657,#11658),(#11659,#11660)),.UNSPECIFIED.,.F.,.F.,
 .F.,(4,1,4),(2,2),(0.,0.0917601891182904,0.181394452021242),(0.,0.04),
 .UNSPECIFIED.);
#404=B_SPLINE_SURFACE_WITH_KNOTS('',3,1,((#11674,#11675),(#11676,#11677),
(#11678,#11679),(#11680,#11681),(#11682,#11683)),.UNSPECIFIED.,.F.,.F.,
 .F.,(4,1,4),(2,2),(0.,0.11618374520111,0.19996788442453),(0.,0.04),
 .UNSPECIFIED.);
#405=B_SPLINE_SURFACE_WITH_KNOTS('',3,1,((#11697,#11698),(#11699,#11700),
(#11701,#11702),(#11703,#11704),(#11705,#11706)),.UNSPECIFIED.,.F.,.F.,
 .F.,(4,1,4),(2,2),(0.,0.0484803050857326,0.133981794442738),(0.,0.04),
 .UNSPECIFIED.);
#406=B_SPLINE_SURFACE_WITH_KNOTS('',3,1,((#11720,#11721),(#11722,#11723),
(#11724,#11725),(#11726,#11727),(#11728,#11729)),.UNSPECIFIED.,.F.,.F.,
 .F.,(4,1,4),(2,2),(0.,0.02947811146226,0.0682164251428657),(0.,0.04),
 .UNSPECIFIED.);
#407=B_SPLINE_SURFACE_WITH_KNOTS('',3,1,((#11743,#11744),(#11745,#11746),
(#11747,#11748),(#11749,#11750),(#11751,#11752)),.UNSPECIFIED.,.F.,.F.,
 .F.,(4,1,4),(2,2),(0.,0.0265896301167584,0.0519127734212818),(0.,0.04),
 .UNSPECIFIED.);
#408=B_SPLINE_SURFACE_WITH_KNOTS('',3,1,((#11766,#11767),(#11768,#11769),
(#11770,#11771),(#11772,#11773),(#11774,#11775)),.UNSPECIFIED.,.F.,.F.,
 .F.,(4,1,4),(2,2),(0.,0.0465073777262612,0.0890775511618689),(0.,0.04),
 .UNSPECIFIED.);
#409=B_SPLINE_SURFACE_WITH_KNOTS('',3,1,((#11789,#11790),(#11791,#11792),
(#11793,#11794),(#11795,#11796),(#11797,#11798)),.UNSPECIFIED.,.F.,.F.,
 .F.,(4,1,4),(2,2),(0.,0.0689134975384212,0.123976597055494),(0.,0.04),
 .UNSPECIFIED.);
#410=B_SPLINE_SURFACE_WITH_KNOTS('',3,1,((#11812,#11813),(#11814,#11815),
(#11816,#11817),(#11818,#11819),(#11820,#11821)),.UNSPECIFIED.,.F.,.F.,
 .F.,(4,1,4),(2,2),(0.,0.058060037405594,0.124806078841743),(0.,0.04),
 .UNSPECIFIED.);
#411=B_SPLINE_SURFACE_WITH_KNOTS('',3,1,((#11835,#11836),(#11837,#11838),
(#11839,#11840),(#11841,#11842),(#11843,#11844)),.UNSPECIFIED.,.F.,.F.,
 .F.,(4,1,4),(2,2),(0.,0.0719074955791972,0.131649043262634),(0.,0.04),
 .UNSPECIFIED.);
#412=B_SPLINE_SURFACE_WITH_KNOTS('',3,1,((#11864,#11865),(#11866,#11867),
(#11868,#11869),(#11870,#11871),(#11872,#11873)),.UNSPECIFIED.,.F.,.F.,
 .F.,(4,1,4),(2,2),(0.,0.10788568993275,0.230404597758002),(0.,0.04),
 .UNSPECIFIED.);
#413=B_SPLINE_SURFACE_WITH_KNOTS('',3,1,((#12151,#12152),(#12153,#12154),
(#12155,#12156),(#12157,#12158),(#12159,#12160)),.UNSPECIFIED.,.F.,.F.,
 .F.,(4,1,4),(2,2),(0.,0.135247368239867,0.247269056731859),(0.,0.04),
 .UNSPECIFIED.);
#414=B_SPLINE_SURFACE_WITH_KNOTS('',3,1,((#12177,#12178),(#12179,#12180),
(#12181,#12182),(#12183,#12184),(#12185,#12186)),.UNSPECIFIED.,.F.,.F.,
 .F.,(4,1,4),(2,2),(0.,0.0814431535810128,0.177355723994532),(0.,0.04),
 .UNSPECIFIED.);
#415=B_SPLINE_SURFACE_WITH_KNOTS('',3,1,((#12200,#12201),(#12202,#12203),
(#12204,#12205),(#12206,#12207),(#12208,#12209)),.UNSPECIFIED.,.F.,.F.,
 .F.,(4,1,4),(2,2),(0.,0.0697395731516487,0.14183725045345),(0.,0.04),
 .UNSPECIFIED.);
#416=B_SPLINE_SURFACE_WITH_KNOTS('',3,1,((#12223,#12224),(#12225,#12226),
(#12227,#12228),(#12229,#12230),(#12231,#12232)),.UNSPECIFIED.,.F.,.F.,
 .F.,(4,1,4),(2,2),(0.,0.0672572101688349,0.135747198818721),(0.,0.04),
 .UNSPECIFIED.);
#417=B_SPLINE_SURFACE_WITH_KNOTS('',3,1,((#12246,#12247),(#12248,#12249),
(#12250,#12251),(#12252,#12253),(#12254,#12255)),.UNSPECIFIED.,.F.,.F.,
 .F.,(4,1,4),(2,2),(0.,0.0624147751154898,0.13265133084411),(0.,0.04),
 .UNSPECIFIED.);
#418=B_SPLINE_SURFACE_WITH_KNOTS('',3,1,((#12269,#12270),(#12271,#12272),
(#12273,#12274),(#12275,#12276),(#12277,#12278)),.UNSPECIFIED.,.F.,.F.,
 .F.,(4,1,4),(2,2),(0.,0.0614257130904061,0.121217666674775),(0.,0.04),
 .UNSPECIFIED.);
#419=B_SPLINE_SURFACE_WITH_KNOTS('',3,1,((#12292,#12293),(#12294,#12295),
(#12296,#12297),(#12298,#12299),(#12300,#12301)),.UNSPECIFIED.,.F.,.F.,
 .F.,(4,1,4),(2,2),(0.,0.106360215121531,0.183920630815637),(0.,0.04),
 .UNSPECIFIED.);
#420=B_SPLINE_SURFACE_WITH_KNOTS('',3,1,((#12315,#12316),(#12317,#12318),
(#12319,#12320),(#12321,#12322),(#12323,#12324)),.UNSPECIFIED.,.F.,.F.,
 .F.,(4,1,4),(2,2),(0.,0.0585709787163796,0.158415093120779),(0.,0.04),
 .UNSPECIFIED.);
#421=B_SPLINE_SURFACE_WITH_KNOTS('',3,1,((#12338,#12339),(#12340,#12341),
(#12342,#12343),(#12344,#12345),(#12346,#12347)),.UNSPECIFIED.,.F.,.F.,
 .F.,(4,1,4),(2,2),(0.,0.0270056818859637,0.0556202581378754),(0.,0.04),
 .UNSPECIFIED.);
#422=B_SPLINE_SURFACE_WITH_KNOTS('',3,1,((#12361,#12362),(#12363,#12364),
(#12365,#12366),(#12367,#12368),(#12369,#12370)),.UNSPECIFIED.,.F.,.F.,
 .F.,(4,1,4),(2,2),(0.,0.0289923447320724,0.0576853034299395),(0.,0.04),
 .UNSPECIFIED.);
#423=B_SPLINE_SURFACE_WITH_KNOTS('',3,1,((#12384,#12385),(#12386,#12387),
(#12388,#12389),(#12390,#12391),(#12392,#12393)),.UNSPECIFIED.,.F.,.F.,
 .F.,(4,1,4),(2,2),(0.,0.0631709951038452,0.115367782459956),(0.,0.04),
 .UNSPECIFIED.);
#424=B_SPLINE_SURFACE_WITH_KNOTS('',3,1,((#12407,#12408),(#12409,#12410),
(#12411,#12412),(#12413,#12414),(#12415,#12416)),.UNSPECIFIED.,.F.,.F.,
 .F.,(4,1,4),(2,2),(0.,0.0472018556850088,0.107268851045629),(0.,0.04),
 .UNSPECIFIED.);
#425=B_SPLINE_SURFACE_WITH_KNOTS('',3,1,((#12430,#12431),(#12432,#12433),
(#12434,#12435),(#12436,#12437),(#12438,#12439)),.UNSPECIFIED.,.F.,.F.,
 .F.,(4,1,4),(2,2),(0.,0.0554520592649298,0.10090960664423),(0.,0.04),
 .UNSPECIFIED.);
#426=B_SPLINE_SURFACE_WITH_KNOTS('',3,1,((#12459,#12460),(#12461,#12462),
(#12463,#12464),(#12465,#12466),(#12467,#12468)),.UNSPECIFIED.,.F.,.F.,
 .F.,(4,1,4),(2,2),(0.,0.0964939574831845,0.198063713411028),(0.,0.04),
 .UNSPECIFIED.);
#427=B_SPLINE_SURFACE_WITH_KNOTS('',3,1,((#12482,#12483),(#12484,#12485),
(#12486,#12487),(#12488,#12489),(#12490,#12491)),.UNSPECIFIED.,.F.,.F.,
 .F.,(4,1,4),(2,2),(0.,0.133020110250193,0.239929493107068),(0.,0.04),
 .UNSPECIFIED.);
#428=B_SPLINE_SURFACE_WITH_KNOTS('',3,1,((#12505,#12506),(#12507,#12508),
(#12509,#12510),(#12511,#12512),(#12513,#12514)),.UNSPECIFIED.,.F.,.F.,
 .F.,(4,1,4),(2,2),(0.,0.0749304653502473,0.160683869093576),(0.,0.04),
 .UNSPECIFIED.);
#429=B_SPLINE_SURFACE_WITH_KNOTS('',3,1,((#12528,#12529),(#12530,#12531),
(#12532,#12533),(#12534,#12535),(#12536,#12537)),.UNSPECIFIED.,.F.,.F.,
 .F.,(4,1,4),(2,2),(0.,0.0631243822477657,0.130074932517668),(0.,0.04),
 .UNSPECIFIED.);
#430=B_SPLINE_SURFACE_WITH_KNOTS('',3,1,((#12551,#12552),(#12553,#12554),
(#12555,#12556),(#12557,#12558),(#12559,#12560)),.UNSPECIFIED.,.F.,.F.,
 .F.,(4,1,4),(2,2),(0.,0.0597716714392137,0.120769366183361),(0.,0.04),
 .UNSPECIFIED.);
#431=B_SPLINE_SURFACE_WITH_KNOTS('',3,1,((#12574,#12575),(#12576,#12577),
(#12578,#12579),(#12580,#12581),(#12582,#12583)),.UNSPECIFIED.,.F.,.F.,
 .F.,(4,1,4),(2,2),(0.,0.0917600096672426,0.181394297064636),(0.,0.04),
 .UNSPECIFIED.);
#432=B_SPLINE_SURFACE_WITH_KNOTS('',3,1,((#12597,#12598),(#12599,#12600),
(#12601,#12602),(#12603,#12604),(#12605,#12606)),.UNSPECIFIED.,.F.,.F.,
 .F.,(4,1,4),(2,2),(0.,0.116183858583519,0.199968048857444),(0.,0.04),
 .UNSPECIFIED.);
#433=B_SPLINE_SURFACE_WITH_KNOTS('',3,1,((#12620,#12621),(#12622,#12623),
(#12624,#12625),(#12626,#12627),(#12628,#12629)),.UNSPECIFIED.,.F.,.F.,
 .F.,(4,1,4),(2,2),(0.,0.0484803050857326,0.133981794442738),(0.,0.04),
 .UNSPECIFIED.);
#434=B_SPLINE_SURFACE_WITH_KNOTS('',3,1,((#12643,#12644),(#12645,#12646),
(#12647,#12648),(#12649,#12650),(#12651,#12652)),.UNSPECIFIED.,.F.,.F.,
 .F.,(4,1,4),(2,2),(0.,0.02947811146226,0.0682163166188189),(0.,0.04),
 .UNSPECIFIED.);
#435=B_SPLINE_SURFACE_WITH_KNOTS('',3,1,((#12666,#12667),(#12668,#12669),
(#12670,#12671),(#12672,#12673),(#12674,#12675)),.UNSPECIFIED.,.F.,.F.,
 .F.,(4,1,4),(2,2),(0.,0.0265896207894509,0.0519128228582048),(0.,0.04),
 .UNSPECIFIED.);
#436=B_SPLINE_SURFACE_WITH_KNOTS('',3,1,((#12689,#12690),(#12691,#12692),
(#12693,#12694),(#12695,#12696),(#12697,#12698)),.UNSPECIFIED.,.F.,.F.,
 .F.,(4,1,4),(2,2),(0.,0.0465072636398834,0.089077478621897),(0.,0.04),
 .UNSPECIFIED.);
#437=B_SPLINE_SURFACE_WITH_KNOTS('',3,1,((#12712,#12713),(#12714,#12715),
(#12716,#12717),(#12718,#12719),(#12720,#12721)),.UNSPECIFIED.,.F.,.F.,
 .F.,(4,1,4),(2,2),(0.,0.0689136158895949,0.123976662168714),(0.,0.04),
 .UNSPECIFIED.);
#438=B_SPLINE_SURFACE_WITH_KNOTS('',3,1,((#12735,#12736),(#12737,#12738),
(#12739,#12740),(#12741,#12742),(#12743,#12744)),.UNSPECIFIED.,.F.,.F.,
 .F.,(4,1,4),(2,2),(0.,0.0580599327845743,0.124805974220723),(0.,0.04),
 .UNSPECIFIED.);
#439=B_SPLINE_SURFACE_WITH_KNOTS('',3,1,((#12758,#12759),(#12760,#12761),
(#12762,#12763),(#12764,#12765),(#12766,#12767)),.UNSPECIFIED.,.F.,.F.,
 .F.,(4,1,4),(2,2),(0.,0.0719074777684421,0.131649061453799),(0.,0.04),
 .UNSPECIFIED.);
#440=B_SPLINE_SURFACE_WITH_KNOTS('',3,1,((#12787,#12788),(#12789,#12790),
(#12791,#12792),(#12793,#12794),(#12795,#12796)),.UNSPECIFIED.,.F.,.F.,
 .F.,(4,1,4),(2,2),(0.,0.107885671994133,0.230404595482766),(0.,0.04),
 .UNSPECIFIED.);
#441=B_SPLINE_SURFACE_WITH_KNOTS('',3,1,((#12809,#12810),(#12811,#12812),
(#12813,#12814),(#12815,#12816),(#12817,#12818)),.UNSPECIFIED.,.F.,.F.,
 .F.,(4,1,4),(2,2),(0.,0.0465661744462742,0.13811048289387),(0.,0.04),
 .UNSPECIFIED.);
#442=B_SPLINE_SURFACE_WITH_KNOTS('',3,1,((#12835,#12836),(#12837,#12838),
(#12839,#12840),(#12841,#12842),(#12843,#12844)),.UNSPECIFIED.,.F.,.F.,
 .F.,(4,1,4),(2,2),(0.,0.0315302562291872,0.068180255932333),(0.,0.04),
 .UNSPECIFIED.);
#443=B_SPLINE_SURFACE_WITH_KNOTS('',3,1,((#12858,#12859),(#12860,#12861),
(#12862,#12863),(#12864,#12865),(#12866,#12867)),.UNSPECIFIED.,.F.,.F.,
 .F.,(4,1,4),(2,2),(0.,0.0340158633009945,0.0647877851680171),(0.,0.04),
 .UNSPECIFIED.);
#444=B_SPLINE_SURFACE_WITH_KNOTS('',3,1,((#12881,#12882),(#12883,#12884),
(#12885,#12886),(#12887,#12888),(#12889,#12890)),.UNSPECIFIED.,.F.,.F.,
 .F.,(4,1,4),(2,2),(0.,0.0327512096056032,0.0682440667800573),(0.,0.04),
 .UNSPECIFIED.);
#445=B_SPLINE_SURFACE_WITH_KNOTS('',3,1,((#12904,#12905),(#12906,#12907),
(#12908,#12909),(#12910,#12911),(#12912,#12913)),.UNSPECIFIED.,.F.,.F.,
 .F.,(4,1,4),(2,2),(0.,0.0382681375349955,0.0722660328664332),(0.,0.04),
 .UNSPECIFIED.);
#446=B_SPLINE_SURFACE_WITH_KNOTS('',3,1,((#12927,#12928),(#12929,#12930),
(#12931,#12932),(#12933,#12934),(#12935,#12936)),.UNSPECIFIED.,.F.,.F.,
 .F.,(4,1,4),(2,2),(0.,0.0765382645109686,0.117380596061018),(0.,0.04),
 .UNSPECIFIED.);
#447=B_SPLINE_SURFACE_WITH_KNOTS('',3,1,((#12965,#12966),(#12967,#12968),
(#12969,#12970),(#12971,#12972),(#12973,#12974)),.UNSPECIFIED.,.F.,.F.,
 .F.,(4,1,4),(2,2),(0.,0.0530207947063145,0.143993042457808),(0.,0.04),
 .UNSPECIFIED.);
#448=B_SPLINE_SURFACE_WITH_KNOTS('',3,1,((#12991,#12992),(#12993,#12994),
(#12995,#12996),(#12997,#12998),(#12999,#13000)),.UNSPECIFIED.,.F.,.F.,
 .F.,(4,1,4),(2,2),(0.,0.0304362919207785,0.0631397799125218),(0.,0.04),
 .UNSPECIFIED.);
#449=B_SPLINE_SURFACE_WITH_KNOTS('',3,1,((#13014,#13015),(#13016,#13017),
(#13018,#13019),(#13020,#13021),(#13022,#13023)),.UNSPECIFIED.,.F.,.F.,
 .F.,(4,1,4),(2,2),(0.,0.0335729093846324,0.0643312479115838),(0.,0.04),
 .UNSPECIFIED.);
#450=B_SPLINE_SURFACE_WITH_KNOTS('',3,1,((#13037,#13038),(#13039,#13040),
(#13041,#13042),(#13043,#13044),(#13045,#13046)),.UNSPECIFIED.,.F.,.F.,
 .F.,(4,1,4),(2,2),(0.,0.034189950411226,0.0728738534902662),(0.,0.04),
 .UNSPECIFIED.);
#451=B_SPLINE_SURFACE_WITH_KNOTS('',3,1,((#13060,#13061),(#13062,#13063),
(#13064,#13065),(#13066,#13067),(#13068,#13069)),.UNSPECIFIED.,.F.,.F.,
 .F.,(4,1,4),(2,2),(0.,0.0345580357300297,0.0677637307042378),(0.,0.04),
 .UNSPECIFIED.);
#452=B_SPLINE_SURFACE_WITH_KNOTS('',3,1,((#13083,#13084),(#13085,#13086),
(#13087,#13088),(#13089,#13090),(#13091,#13092)),.UNSPECIFIED.,.F.,.F.,
 .F.,(4,1,4),(2,2),(0.,0.0713616154214145,0.110960108185775),(0.,0.04),
 .UNSPECIFIED.);
#453=B_SPLINE_SURFACE_WITH_KNOTS('',3,1,((#13130,#13131),(#13132,#13133),
(#13134,#13135),(#13136,#13137),(#13138,#13139)),.UNSPECIFIED.,.F.,.F.,
 .F.,(4,1,4),(2,2),(0.,0.068985637528176,0.194921371289396),(0.,0.04),
 .UNSPECIFIED.);
#454=B_SPLINE_SURFACE_WITH_KNOTS('',3,1,((#13153,#13154),(#13155,#13156),
(#13157,#13158),(#13159,#13160),(#13161,#13162)),.UNSPECIFIED.,.F.,.F.,
 .F.,(4,1,4),(2,2),(0.,0.0550028694470211,0.115694833874635),(0.,0.04),
 .UNSPECIFIED.);
#455=B_SPLINE_SURFACE_WITH_KNOTS('',3,1,((#13176,#13177),(#13178,#13179),
(#13180,#13181),(#13182,#13183),(#13184,#13185)),.UNSPECIFIED.,.F.,.F.,
 .F.,(4,1,4),(2,2),(0.,0.0552484679512881,0.108548620550203),(0.,0.04),
 .UNSPECIFIED.);
#456=B_SPLINE_SURFACE_WITH_KNOTS('',3,1,((#13199,#13200),(#13201,#13202),
(#13203,#13204),(#13205,#13206),(#13207,#13208)),.UNSPECIFIED.,.F.,.F.,
 .F.,(4,1,4),(2,2),(0.,0.0541924289102397,0.10986564378237),(0.,0.04),
 .UNSPECIFIED.);
#457=B_SPLINE_SURFACE_WITH_KNOTS('',3,1,((#13222,#13223),(#13224,#13225),
(#13226,#13227),(#13228,#13229),(#13230,#13231)),.UNSPECIFIED.,.F.,.F.,
 .F.,(4,1,4),(2,2),(0.,0.063101198337837,0.12864362355749),(0.,0.04),
 .UNSPECIFIED.);
#458=B_SPLINE_SURFACE_WITH_KNOTS('',3,1,((#13245,#13246),(#13247,#13248),
(#13249,#13250),(#13251,#13252),(#13253,#13254)),.UNSPECIFIED.,.F.,.F.,
 .F.,(4,1,4),(2,2),(0.,0.0707833926133178,0.135573621733368),(0.,0.04),
 .UNSPECIFIED.);
#459=B_SPLINE_SURFACE_WITH_KNOTS('',3,1,((#13268,#13269),(#13270,#13271),
(#13272,#13273),(#13274,#13275),(#13276,#13277)),.UNSPECIFIED.,.F.,.F.,
 .F.,(4,1,4),(2,2),(0.,0.0543967552954346,0.109335037333332),(0.,0.04),
 .UNSPECIFIED.);
#460=B_SPLINE_SURFACE_WITH_KNOTS('',3,1,((#13291,#13292),(#13293,#13294),
(#13295,#13296),(#13297,#13298),(#13299,#13300)),.UNSPECIFIED.,.F.,.F.,
 .F.,(4,1,4),(2,2),(0.,0.0544174240019445,0.10865285209047),(0.,0.04),
 .UNSPECIFIED.);
#461=B_SPLINE_SURFACE_WITH_KNOTS('',3,1,((#13314,#13315),(#13316,#13317),
(#13318,#13319),(#13320,#13321),(#13322,#13323)),.UNSPECIFIED.,.F.,.F.,
 .F.,(4,1,4),(2,2),(0.,0.0479483676808216,0.0976469153597798),(0.,0.04),
 .UNSPECIFIED.);
#462=B_SPLINE_SURFACE_WITH_KNOTS('',3,1,((#13337,#13338),(#13339,#13340),
(#13341,#13342),(#13343,#13344),(#13345,#13346)),.UNSPECIFIED.,.F.,.F.,
 .F.,(4,1,4),(2,2),(0.,0.0446818813686818,0.0913278845055819),(0.,0.04),
 .UNSPECIFIED.);
#463=B_SPLINE_SURFACE_WITH_KNOTS('',3,1,((#13360,#13361),(#13362,#13363),
(#13364,#13365),(#13366,#13367),(#13368,#13369)),.UNSPECIFIED.,.F.,.F.,
 .F.,(4,1,4),(2,2),(0.,0.0458572885559582,0.0903160431743642),(0.,0.04),
 .UNSPECIFIED.);
#464=B_SPLINE_SURFACE_WITH_KNOTS('',3,1,((#13383,#13384),(#13385,#13386),
(#13387,#13388),(#13389,#13390),(#13391,#13392)),.UNSPECIFIED.,.F.,.F.,
 .F.,(4,1,4),(2,2),(0.,0.0829021937702112,0.141932341791321),(0.,0.04),
 .UNSPECIFIED.);
#465=B_SPLINE_SURFACE_WITH_KNOTS('',3,1,((#13653,#13654),(#13655,#13656),
(#13657,#13658),(#13659,#13660),(#13661,#13662)),.UNSPECIFIED.,.F.,.F.,
 .F.,(4,1,4),(2,2),(0.,0.135247368239867,0.247269004104413),(0.,0.04),
 .UNSPECIFIED.);
#466=B_SPLINE_SURFACE_WITH_KNOTS('',3,1,((#13679,#13680),(#13681,#13682),
(#13683,#13684),(#13685,#13686),(#13687,#13688)),.UNSPECIFIED.,.F.,.F.,
 .F.,(4,1,4),(2,2),(0.,0.0814433832212331,0.177355894202938),(0.,0.04),
 .UNSPECIFIED.);
#467=B_SPLINE_SURFACE_WITH_KNOTS('',3,1,((#13702,#13703),(#13704,#13705),
(#13706,#13707),(#13708,#13709),(#13710,#13711)),.UNSPECIFIED.,.F.,.F.,
 .F.,(4,1,4),(2,2),(0.,0.0697396519729162,0.141837175660145),(0.,0.04),
 .UNSPECIFIED.);
#468=B_SPLINE_SURFACE_WITH_KNOTS('',3,1,((#13725,#13726),(#13727,#13728),
(#13729,#13730),(#13731,#13732),(#13733,#13734)),.UNSPECIFIED.,.F.,.F.,
 .F.,(4,1,4),(2,2),(0.,0.0672571932424026,0.135747231757564),(0.,0.04),
 .UNSPECIFIED.);
#469=B_SPLINE_SURFACE_WITH_KNOTS('',3,1,((#13748,#13749),(#13750,#13751),
(#13752,#13753),(#13754,#13755),(#13756,#13757)),.UNSPECIFIED.,.F.,.F.,
 .F.,(4,1,4),(2,2),(0.,0.0624147751154898,0.132651344389696),(0.,0.04),
 .UNSPECIFIED.);
#470=B_SPLINE_SURFACE_WITH_KNOTS('',3,1,((#13771,#13772),(#13773,#13774),
(#13775,#13776),(#13777,#13778),(#13779,#13780)),.UNSPECIFIED.,.F.,.F.,
 .F.,(4,1,4),(2,2),(0.,0.0614256642417335,0.121217541939028),(0.,0.04),
 .UNSPECIFIED.);
#471=B_SPLINE_SURFACE_WITH_KNOTS('',3,1,((#13794,#13795),(#13796,#13797),
(#13798,#13799),(#13800,#13801),(#13802,#13803)),.UNSPECIFIED.,.F.,.F.,
 .F.,(4,1,4),(2,2),(0.,0.106360272576239,0.183920633070928),(0.,0.04),
 .UNSPECIFIED.);
#472=B_SPLINE_SURFACE_WITH_KNOTS('',3,1,((#13817,#13818),(#13819,#13820),
(#13821,#13822),(#13823,#13824),(#13825,#13826)),.UNSPECIFIED.,.F.,.F.,
 .F.,(4,1,4),(2,2),(0.,0.0585709787163796,0.158415150456597),(0.,0.04),
 .UNSPECIFIED.);
#473=B_SPLINE_SURFACE_WITH_KNOTS('',3,1,((#13840,#13841),(#13842,#13843),
(#13844,#13845),(#13846,#13847),(#13848,#13849)),.UNSPECIFIED.,.F.,.F.,
 .F.,(4,1,4),(2,2),(0.,0.027005695134597,0.0556202338750951),(0.,0.04),
 .UNSPECIFIED.);
#474=B_SPLINE_SURFACE_WITH_KNOTS('',3,1,((#13863,#13864),(#13865,#13866),
(#13867,#13868),(#13869,#13870),(#13871,#13872)),.UNSPECIFIED.,.F.,.F.,
 .F.,(4,1,4),(2,2),(0.,0.0289922656382149,0.057685224336082),(0.,0.04),
 .UNSPECIFIED.);
#475=B_SPLINE_SURFACE_WITH_KNOTS('',3,1,((#13886,#13887),(#13888,#13889),
(#13890,#13891),(#13892,#13893),(#13894,#13895)),.UNSPECIFIED.,.F.,.F.,
 .F.,(4,1,4),(2,2),(0.,0.0631709951038452,0.115367836673898),(0.,0.04),
 .UNSPECIFIED.);
#476=B_SPLINE_SURFACE_WITH_KNOTS('',3,1,((#13909,#13910),(#13911,#13912),
(#13913,#13914),(#13915,#13916),(#13917,#13918)),.UNSPECIFIED.,.F.,.F.,
 .F.,(4,1,4),(2,2),(0.,0.0472018556850088,0.107268851045629),(0.,0.04),
 .UNSPECIFIED.);
#477=B_SPLINE_SURFACE_WITH_KNOTS('',3,1,((#13932,#13933),(#13934,#13935),
(#13936,#13937),(#13938,#13939),(#13940,#13941)),.UNSPECIFIED.,.F.,.F.,
 .F.,(4,1,4),(2,2),(0.,0.0554520592649298,0.100909532765153),(0.,0.04),
 .UNSPECIFIED.);
#478=B_SPLINE_SURFACE_WITH_KNOTS('',3,1,((#13961,#13962),(#13963,#13964),
(#13965,#13966),(#13967,#13968),(#13969,#13970)),.UNSPECIFIED.,.F.,.F.,
 .F.,(4,1,4),(2,2),(0.,0.0964939574831845,0.198063713411028),(0.,0.04),
 .UNSPECIFIED.);
#479=B_SPLINE_SURFACE_WITH_KNOTS('',3,1,((#13984,#13985),(#13986,#13987),
(#13988,#13989),(#13990,#13991),(#13992,#13993)),.UNSPECIFIED.,.F.,.F.,
 .F.,(4,1,4),(2,2),(0.,0.133020051106293,0.239929328314684),(0.,0.04),
 .UNSPECIFIED.);
#480=B_SPLINE_SURFACE_WITH_KNOTS('',3,1,((#14007,#14008),(#14009,#14010),
(#14011,#14012),(#14013,#14014),(#14015,#14016)),.UNSPECIFIED.,.F.,.F.,
 .F.,(4,1,4),(2,2),(0.,0.0749305225955709,0.1606839263389),(0.,0.04),
 .UNSPECIFIED.);
#481=B_SPLINE_SURFACE_WITH_KNOTS('',3,1,((#14030,#14031),(#14032,#14033),
(#14034,#14035),(#14036,#14037),(#14038,#14039)),.UNSPECIFIED.,.F.,.F.,
 .F.,(4,1,4),(2,2),(0.,0.0631242624460197,0.130074966479777),(0.,0.04),
 .UNSPECIFIED.);
#482=B_SPLINE_SURFACE_WITH_KNOTS('',3,1,((#14053,#14054),(#14055,#14056),
(#14057,#14058),(#14059,#14060),(#14061,#14062)),.UNSPECIFIED.,.F.,.F.,
 .F.,(4,1,4),(2,2),(0.,0.059771684397376,0.120769391839291),(0.,0.04),
 .UNSPECIFIED.);
#483=B_SPLINE_SURFACE_WITH_KNOTS('',3,1,((#14076,#14077),(#14078,#14079),
(#14080,#14081),(#14082,#14083),(#14084,#14085)),.UNSPECIFIED.,.F.,.F.,
 .F.,(4,1,4),(2,2),(0.,0.0917601891182904,0.181394452021242),(0.,0.04),
 .UNSPECIFIED.);
#484=B_SPLINE_SURFACE_WITH_KNOTS('',3,1,((#14099,#14100),(#14101,#14102),
(#14103,#14104),(#14105,#14106),(#14107,#14108)),.UNSPECIFIED.,.F.,.F.,
 .F.,(4,1,4),(2,2),(0.,0.11618374520111,0.19996788442453),(0.,0.04),
 .UNSPECIFIED.);
#485=B_SPLINE_SURFACE_WITH_KNOTS('',3,1,((#14122,#14123),(#14124,#14125),
(#14126,#14127),(#14128,#14129),(#14130,#14131)),.UNSPECIFIED.,.F.,.F.,
 .F.,(4,1,4),(2,2),(0.,0.0484803050857326,0.133981794442738),(0.,0.04),
 .UNSPECIFIED.);
#486=B_SPLINE_SURFACE_WITH_KNOTS('',3,1,((#14145,#14146),(#14147,#14148),
(#14149,#14150),(#14151,#14152),(#14153,#14154)),.UNSPECIFIED.,.F.,.F.,
 .F.,(4,1,4),(2,2),(0.,0.02947811146226,0.0682164251428657),(0.,0.04),
 .UNSPECIFIED.);
#487=B_SPLINE_SURFACE_WITH_KNOTS('',3,1,((#14168,#14169),(#14170,#14171),
(#14172,#14173),(#14174,#14175),(#14176,#14177)),.UNSPECIFIED.,.F.,.F.,
 .F.,(4,1,4),(2,2),(0.,0.0265896301167584,0.0519127734212818),(0.,0.04),
 .UNSPECIFIED.);
#488=B_SPLINE_SURFACE_WITH_KNOTS('',3,1,((#14191,#14192),(#14193,#14194),
(#14195,#14196),(#14197,#14198),(#14199,#14200)),.UNSPECIFIED.,.F.,.F.,
 .F.,(4,1,4),(2,2),(0.,0.0465073777262612,0.0890775511618689),(0.,0.04),
 .UNSPECIFIED.);
#489=B_SPLINE_SURFACE_WITH_KNOTS('',3,1,((#14214,#14215),(#14216,#14217),
(#14218,#14219),(#14220,#14221),(#14222,#14223)),.UNSPECIFIED.,.F.,.F.,
 .F.,(4,1,4),(2,2),(0.,0.0689134975384212,0.123976597055494),(0.,0.04),
 .UNSPECIFIED.);
#490=B_SPLINE_SURFACE_WITH_KNOTS('',3,1,((#14237,#14238),(#14239,#14240),
(#14241,#14242),(#14243,#14244),(#14245,#14246)),.UNSPECIFIED.,.F.,.F.,
 .F.,(4,1,4),(2,2),(0.,0.058060037405594,0.124806078841743),(0.,0.04),
 .UNSPECIFIED.);
#491=B_SPLINE_SURFACE_WITH_KNOTS('',3,1,((#14260,#14261),(#14262,#14263),
(#14264,#14265),(#14266,#14267),(#14268,#14269)),.UNSPECIFIED.,.F.,.F.,
 .F.,(4,1,4),(2,2),(0.,0.0719074955791972,0.131649043262634),(0.,0.04),
 .UNSPECIFIED.);
#492=B_SPLINE_SURFACE_WITH_KNOTS('',3,1,((#14289,#14290),(#14291,#14292),
(#14293,#14294),(#14295,#14296),(#14297,#14298)),.UNSPECIFIED.,.F.,.F.,
 .F.,(4,1,4),(2,2),(0.,0.10788568993275,0.230404597758002),(0.,0.04),
 .UNSPECIFIED.);
#493=STYLED_ITEM('',(#14330),#503);
#494=STYLED_ITEM('',(#14330),#504);
#495=STYLED_ITEM('',(#14330),#505);
#496=STYLED_ITEM('',(#14330),#506);
#497=STYLED_ITEM('',(#14330),#507);
#498=STYLED_ITEM('',(#14330),#508);
#499=STYLED_ITEM('',(#14330),#509);
#500=STYLED_ITEM('',(#14330),#510);
#501=STYLED_ITEM('',(#14330),#511);
#502=STYLED_ITEM('',(#14330),#512);
#503=MANIFOLD_SOLID_BREP('Bottom',#7675);
#504=MANIFOLD_SOLID_BREP('Top',#7676);
#505=MANIFOLD_SOLID_BREP('Body5',#7677);
#506=MANIFOLD_SOLID_BREP('Body6',#7678);
#507=MANIFOLD_SOLID_BREP('Body7',#7679);
#508=MANIFOLD_SOLID_BREP('Body8',#7680);
#509=MANIFOLD_SOLID_BREP('Body9',#7681);
#510=MANIFOLD_SOLID_BREP('Body10',#7682);
#511=MANIFOLD_SOLID_BREP('Body11',#7683);
#512=MANIFOLD_SOLID_BREP('Body12',#7684);
#513=CYLINDRICAL_SURFACE('',#7723,1.5);
#514=CYLINDRICAL_SURFACE('',#7726,1.5);
#515=CYLINDRICAL_SURFACE('',#7729,1.5);
#516=CYLINDRICAL_SURFACE('',#7732,1.5);
#517=CYLINDRICAL_SURFACE('',#7735,2.);
#518=CYLINDRICAL_SURFACE('',#7743,2.);
#519=CYLINDRICAL_SURFACE('',#7746,2.);
#520=CYLINDRICAL_SURFACE('',#7751,2.);
#521=CYLINDRICAL_SURFACE('',#7770,6.);
#522=CYLINDRICAL_SURFACE('',#7773,1.);
#523=CYLINDRICAL_SURFACE('',#7777,6.);
#524=CYLINDRICAL_SURFACE('',#7779,1.);
#525=CYLINDRICAL_SURFACE('',#7854,1.);
#526=CYLINDRICAL_SURFACE('',#7857,2.);
#527=CYLINDRICAL_SURFACE('',#7865,2.);
#528=CYLINDRICAL_SURFACE('',#7868,2.);
#529=CYLINDRICAL_SURFACE('',#7870,2.);
#530=CYLINDRICAL_SURFACE('',#7894,6.);
#531=CYLINDRICAL_SURFACE('',#7896,6.);
#532=CYLINDRICAL_SURFACE('',#7900,0.999999999999999);
#533=CYLINDRICAL_SURFACE('',#7903,0.999999999999999);
#534=FACE_BOUND('',#1020,.T.);
#535=FACE_BOUND('',#1030,.T.);
#536=FACE_BOUND('',#1036,.T.);
#537=FACE_BOUND('',#1127,.T.);
#538=FACE_BOUND('',#1128,.T.);
#539=FACE_BOUND('',#1226,.T.);
#540=FACE_BOUND('',#1227,.T.);
#541=FACE_BOUND('',#1228,.T.);
#542=FACE_BOUND('',#1229,.T.);
#543=FACE_BOUND('',#1230,.T.);
#544=FACE_BOUND('',#1231,.T.);
#545=FACE_BOUND('',#1232,.T.);
#546=FACE_BOUND('',#1233,.T.);
#547=FACE_BOUND('',#1234,.T.);
#548=FACE_BOUND('',#1257,.T.);
#549=FACE_BOUND('',#1341,.T.);
#550=FACE_BOUND('',#1342,.T.);
#551=FACE_BOUND('',#1344,.T.);
#552=FACE_BOUND('',#1345,.T.);
#553=CIRCLE('',#7718,1.5);
#554=CIRCLE('',#7719,1.5);
#555=CIRCLE('',#7720,1.5);
#556=CIRCLE('',#7721,1.5);
#557=CIRCLE('',#7724,1.5);
#558=CIRCLE('',#7727,1.5);
#559=CIRCLE('',#7730,1.5);
#560=CIRCLE('',#7733,1.5);
#561=CIRCLE('',#7736,2.);
#562=CIRCLE('',#7737,2.);
#563=CIRCLE('',#7740,2.);
#564=CIRCLE('',#7741,2.);
#565=CIRCLE('',#7742,2.);
#566=CIRCLE('',#7744,2.);
#567=CIRCLE('',#7747,2.);
#568=CIRCLE('',#7749,1.);
#569=CIRCLE('',#7750,6.);
#570=CIRCLE('',#7752,2.);
#571=CIRCLE('',#7763,1.);
#572=CIRCLE('',#7764,6.);
#573=CIRCLE('',#7768,6.);
#574=CIRCLE('',#7769,1.);
#575=CIRCLE('',#7771,6.);
#576=CIRCLE('',#7774,1.);
#577=CIRCLE('',#7855,1.);
#578=CIRCLE('',#7856,1.);
#579=CIRCLE('',#7858,2.);
#580=CIRCLE('',#7859,2.);
#581=CIRCLE('',#7862,2.);
#582=CIRCLE('',#7863,2.);
#583=CIRCLE('',#7864,2.);
#584=CIRCLE('',#7866,2.);
#585=CIRCLE('',#7869,2.);
#586=CIRCLE('',#7871,2.);
#587=CIRCLE('',#7882,0.999999999999999);
#588=CIRCLE('',#7883,6.);
#589=CIRCLE('',#7887,0.999999999999999);
#590=CIRCLE('',#7888,6.);
#591=CIRCLE('',#7890,6.);
#592=CIRCLE('',#7891,0.999999999999999);
#593=CIRCLE('',#7895,6.);
#594=CIRCLE('',#7901,0.999999999999999);
#595=FACE_OUTER_BOUND('',#1000,.T.);
#596=FACE_OUTER_BOUND('',#1001,.T.);
#597=FACE_OUTER_BOUND('',#1002,.T.);
#598=FACE_OUTER_BOUND('',#1003,.T.);
#599=FACE_OUTER_BOUND('',#1004,.T.);
#600=FACE_OUTER_BOUND('',#1005,.T.);
#601=FACE_OUTER_BOUND('',#1006,.T.);
#602=FACE_OUTER_BOUND('',#1007,.T.);
#603=FACE_OUTER_BOUND('',#1008,.T.);
#604=FACE_OUTER_BOUND('',#1009,.T.);
#605=FACE_OUTER_BOUND('',#1010,.T.);
#606=FACE_OUTER_BOUND('',#1011,.T.);
#607=FACE_OUTER_BOUND('',#1012,.T.);
#608=FACE_OUTER_BOUND('',#1013,.T.);
#609=FACE_OUTER_BOUND('',#1014,.T.);
#610=FACE_OUTER_BOUND('',#1015,.T.);
#611=FACE_OUTER_BOUND('',#1016,.T.);
#612=FACE_OUTER_BOUND('',#1017,.T.);
#613=FACE_OUTER_BOUND('',#1018,.T.);
#614=FACE_OUTER_BOUND('',#1019,.T.);
#615=FACE_OUTER_BOUND('',#1021,.T.);
#616=FACE_OUTER_BOUND('',#1022,.T.);
#617=FACE_OUTER_BOUND('',#1023,.T.);
#618=FACE_OUTER_BOUND('',#1024,.T.);
#619=FACE_OUTER_BOUND('',#1025,.T.);
#620=FACE_OUTER_BOUND('',#1026,.T.);
#621=FACE_OUTER_BOUND('',#1027,.T.);
#622=FACE_OUTER_BOUND('',#1028,.T.);
#623=FACE_OUTER_BOUND('',#1029,.T.);
#624=FACE_OUTER_BOUND('',#1031,.T.);
#625=FACE_OUTER_BOUND('',#1032,.T.);
#626=FACE_OUTER_BOUND('',#1033,.T.);
#627=FACE_OUTER_BOUND('',#1034,.T.);
#628=FACE_OUTER_BOUND('',#1035,.T.);
#629=FACE_OUTER_BOUND('',#1037,.T.);
#630=FACE_OUTER_BOUND('',#1038,.T.);
#631=FACE_OUTER_BOUND('',#1039,.T.);
#632=FACE_OUTER_BOUND('',#1040,.T.);
#633=FACE_OUTER_BOUND('',#1041,.T.);
#634=FACE_OUTER_BOUND('',#1042,.T.);
#635=FACE_OUTER_BOUND('',#1043,.T.);
#636=FACE_OUTER_BOUND('',#1044,.T.);
#637=FACE_OUTER_BOUND('',#1045,.T.);
#638=FACE_OUTER_BOUND('',#1046,.T.);
#639=FACE_OUTER_BOUND('',#1047,.T.);
#640=FACE_OUTER_BOUND('',#1048,.T.);
#641=FACE_OUTER_BOUND('',#1049,.T.);
#642=FACE_OUTER_BOUND('',#1050,.T.);
#643=FACE_OUTER_BOUND('',#1051,.T.);
#644=FACE_OUTER_BOUND('',#1052,.T.);
#645=FACE_OUTER_BOUND('',#1053,.T.);
#646=FACE_OUTER_BOUND('',#1054,.T.);
#647=FACE_OUTER_BOUND('',#1055,.T.);
#648=FACE_OUTER_BOUND('',#1056,.T.);
#649=FACE_OUTER_BOUND('',#1057,.T.);
#650=FACE_OUTER_BOUND('',#1058,.T.);
#651=FACE_OUTER_BOUND('',#1059,.T.);
#652=FACE_OUTER_BOUND('',#1060,.T.);
#653=FACE_OUTER_BOUND('',#1061,.T.);
#654=FACE_OUTER_BOUND('',#1062,.T.);
#655=FACE_OUTER_BOUND('',#1063,.T.);
#656=FACE_OUTER_BOUND('',#1064,.T.);
#657=FACE_OUTER_BOUND('',#1065,.T.);
#658=FACE_OUTER_BOUND('',#1066,.T.);
#659=FACE_OUTER_BOUND('',#1067,.T.);
#660=FACE_OUTER_BOUND('',#1068,.T.);
#661=FACE_OUTER_BOUND('',#1069,.T.);
#662=FACE_OUTER_BOUND('',#1070,.T.);
#663=FACE_OUTER_BOUND('',#1071,.T.);
#664=FACE_OUTER_BOUND('',#1072,.T.);
#665=FACE_OUTER_BOUND('',#1073,.T.);
#666=FACE_OUTER_BOUND('',#1074,.T.);
#667=FACE_OUTER_BOUND('',#1075,.T.);
#668=FACE_OUTER_BOUND('',#1076,.T.);
#669=FACE_OUTER_BOUND('',#1077,.T.);
#670=FACE_OUTER_BOUND('',#1078,.T.);
#671=FACE_OUTER_BOUND('',#1079,.T.);
#672=FACE_OUTER_BOUND('',#1080,.T.);
#673=FACE_OUTER_BOUND('',#1081,.T.);
#674=FACE_OUTER_BOUND('',#1082,.T.);
#675=FACE_OUTER_BOUND('',#1083,.T.);
#676=FACE_OUTER_BOUND('',#1084,.T.);
#677=FACE_OUTER_BOUND('',#1085,.T.);
#678=FACE_OUTER_BOUND('',#1086,.T.);
#679=FACE_OUTER_BOUND('',#1087,.T.);
#680=FACE_OUTER_BOUND('',#1088,.T.);
#681=FACE_OUTER_BOUND('',#1089,.T.);
#682=FACE_OUTER_BOUND('',#1090,.T.);
#683=FACE_OUTER_BOUND('',#1091,.T.);
#684=FACE_OUTER_BOUND('',#1092,.T.);
#685=FACE_OUTER_BOUND('',#1093,.T.);
#686=FACE_OUTER_BOUND('',#1094,.T.);
#687=FACE_OUTER_BOUND('',#1095,.T.);
#688=FACE_OUTER_BOUND('',#1096,.T.);
#689=FACE_OUTER_BOUND('',#1097,.T.);
#690=FACE_OUTER_BOUND('',#1098,.T.);
#691=FACE_OUTER_BOUND('',#1099,.T.);
#692=FACE_OUTER_BOUND('',#1100,.T.);
#693=FACE_OUTER_BOUND('',#1101,.T.);
#694=FACE_OUTER_BOUND('',#1102,.T.);
#695=FACE_OUTER_BOUND('',#1103,.T.);
#696=FACE_OUTER_BOUND('',#1104,.T.);
#697=FACE_OUTER_BOUND('',#1105,.T.);
#698=FACE_OUTER_BOUND('',#1106,.T.);
#699=FACE_OUTER_BOUND('',#1107,.T.);
#700=FACE_OUTER_BOUND('',#1108,.T.);
#701=FACE_OUTER_BOUND('',#1109,.T.);
#702=FACE_OUTER_BOUND('',#1110,.T.);
#703=FACE_OUTER_BOUND('',#1111,.T.);
#704=FACE_OUTER_BOUND('',#1112,.T.);
#705=FACE_OUTER_BOUND('',#1113,.T.);
#706=FACE_OUTER_BOUND('',#1114,.T.);
#707=FACE_OUTER_BOUND('',#1115,.T.);
#708=FACE_OUTER_BOUND('',#1116,.T.);
#709=FACE_OUTER_BOUND('',#1117,.T.);
#710=FACE_OUTER_BOUND('',#1118,.T.);
#711=FACE_OUTER_BOUND('',#1119,.T.);
#712=FACE_OUTER_BOUND('',#1120,.T.);
#713=FACE_OUTER_BOUND('',#1121,.T.);
#714=FACE_OUTER_BOUND('',#1122,.T.);
#715=FACE_OUTER_BOUND('',#1123,.T.);
#716=FACE_OUTER_BOUND('',#1124,.T.);
#717=FACE_OUTER_BOUND('',#1125,.T.);
#718=FACE_OUTER_BOUND('',#1126,.T.);
#719=FACE_OUTER_BOUND('',#1129,.T.);
#720=FACE_OUTER_BOUND('',#1130,.T.);
#721=FACE_OUTER_BOUND('',#1131,.T.);
#722=FACE_OUTER_BOUND('',#1132,.T.);
#723=FACE_OUTER_BOUND('',#1133,.T.);
#724=FACE_OUTER_BOUND('',#1134,.T.);
#725=FACE_OUTER_BOUND('',#1135,.T.);
#726=FACE_OUTER_BOUND('',#1136,.T.);
#727=FACE_OUTER_BOUND('',#1137,.T.);
#728=FACE_OUTER_BOUND('',#1138,.T.);
#729=FACE_OUTER_BOUND('',#1139,.T.);
#730=FACE_OUTER_BOUND('',#1140,.T.);
#731=FACE_OUTER_BOUND('',#1141,.T.);
#732=FACE_OUTER_BOUND('',#1142,.T.);
#733=FACE_OUTER_BOUND('',#1143,.T.);
#734=FACE_OUTER_BOUND('',#1144,.T.);
#735=FACE_OUTER_BOUND('',#1145,.T.);
#736=FACE_OUTER_BOUND('',#1146,.T.);
#737=FACE_OUTER_BOUND('',#1147,.T.);
#738=FACE_OUTER_BOUND('',#1148,.T.);
#739=FACE_OUTER_BOUND('',#1149,.T.);
#740=FACE_OUTER_BOUND('',#1150,.T.);
#741=FACE_OUTER_BOUND('',#1151,.T.);
#742=FACE_OUTER_BOUND('',#1152,.T.);
#743=FACE_OUTER_BOUND('',#1153,.T.);
#744=FACE_OUTER_BOUND('',#1154,.T.);
#745=FACE_OUTER_BOUND('',#1155,.T.);
#746=FACE_OUTER_BOUND('',#1156,.T.);
#747=FACE_OUTER_BOUND('',#1157,.T.);
#748=FACE_OUTER_BOUND('',#1158,.T.);
#749=FACE_OUTER_BOUND('',#1159,.T.);
#750=FACE_OUTER_BOUND('',#1160,.T.);
#751=FACE_OUTER_BOUND('',#1161,.T.);
#752=FACE_OUTER_BOUND('',#1162,.T.);
#753=FACE_OUTER_BOUND('',#1163,.T.);
#754=FACE_OUTER_BOUND('',#1164,.T.);
#755=FACE_OUTER_BOUND('',#1165,.T.);
#756=FACE_OUTER_BOUND('',#1166,.T.);
#757=FACE_OUTER_BOUND('',#1167,.T.);
#758=FACE_OUTER_BOUND('',#1168,.T.);
#759=FACE_OUTER_BOUND('',#1169,.T.);
#760=FACE_OUTER_BOUND('',#1170,.T.);
#761=FACE_OUTER_BOUND('',#1171,.T.);
#762=FACE_OUTER_BOUND('',#1172,.T.);
#763=FACE_OUTER_BOUND('',#1173,.T.);
#764=FACE_OUTER_BOUND('',#1174,.T.);
#765=FACE_OUTER_BOUND('',#1175,.T.);
#766=FACE_OUTER_BOUND('',#1176,.T.);
#767=FACE_OUTER_BOUND('',#1177,.T.);
#768=FACE_OUTER_BOUND('',#1178,.T.);
#769=FACE_OUTER_BOUND('',#1179,.T.);
#770=FACE_OUTER_BOUND('',#1180,.T.);
#771=FACE_OUTER_BOUND('',#1181,.T.);
#772=FACE_OUTER_BOUND('',#1182,.T.);
#773=FACE_OUTER_BOUND('',#1183,.T.);
#774=FACE_OUTER_BOUND('',#1184,.T.);
#775=FACE_OUTER_BOUND('',#1185,.T.);
#776=FACE_OUTER_BOUND('',#1186,.T.);
#777=FACE_OUTER_BOUND('',#1187,.T.);
#778=FACE_OUTER_BOUND('',#1188,.T.);
#779=FACE_OUTER_BOUND('',#1189,.T.);
#780=FACE_OUTER_BOUND('',#1190,.T.);
#781=FACE_OUTER_BOUND('',#1191,.T.);
#782=FACE_OUTER_BOUND('',#1192,.T.);
#783=FACE_OUTER_BOUND('',#1193,.T.);
#784=FACE_OUTER_BOUND('',#1194,.T.);
#785=FACE_OUTER_BOUND('',#1195,.T.);
#786=FACE_OUTER_BOUND('',#1196,.T.);
#787=FACE_OUTER_BOUND('',#1197,.T.);
#788=FACE_OUTER_BOUND('',#1198,.T.);
#789=FACE_OUTER_BOUND('',#1199,.T.);
#790=FACE_OUTER_BOUND('',#1200,.T.);
#791=FACE_OUTER_BOUND('',#1201,.T.);
#792=FACE_OUTER_BOUND('',#1202,.T.);
#793=FACE_OUTER_BOUND('',#1203,.T.);
#794=FACE_OUTER_BOUND('',#1204,.T.);
#795=FACE_OUTER_BOUND('',#1205,.T.);
#796=FACE_OUTER_BOUND('',#1206,.T.);
#797=FACE_OUTER_BOUND('',#1207,.T.);
#798=FACE_OUTER_BOUND('',#1208,.T.);
#799=FACE_OUTER_BOUND('',#1209,.T.);
#800=FACE_OUTER_BOUND('',#1210,.T.);
#801=FACE_OUTER_BOUND('',#1211,.T.);
#802=FACE_OUTER_BOUND('',#1212,.T.);
#803=FACE_OUTER_BOUND('',#1213,.T.);
#804=FACE_OUTER_BOUND('',#1214,.T.);
#805=FACE_OUTER_BOUND('',#1215,.T.);
#806=FACE_OUTER_BOUND('',#1216,.T.);
#807=FACE_OUTER_BOUND('',#1217,.T.);
#808=FACE_OUTER_BOUND('',#1218,.T.);
#809=FACE_OUTER_BOUND('',#1219,.T.);
#810=FACE_OUTER_BOUND('',#1220,.T.);
#811=FACE_OUTER_BOUND('',#1221,.T.);
#812=FACE_OUTER_BOUND('',#1222,.T.);
#813=FACE_OUTER_BOUND('',#1223,.T.);
#814=FACE_OUTER_BOUND('',#1224,.T.);
#815=FACE_OUTER_BOUND('',#1225,.T.);
#816=FACE_OUTER_BOUND('',#1235,.T.);
#817=FACE_OUTER_BOUND('',#1236,.T.);
#818=FACE_OUTER_BOUND('',#1237,.T.);
#819=FACE_OUTER_BOUND('',#1238,.T.);
#820=FACE_OUTER_BOUND('',#1239,.T.);
#821=FACE_OUTER_BOUND('',#1240,.T.);
#822=FACE_OUTER_BOUND('',#1241,.T.);
#823=FACE_OUTER_BOUND('',#1242,.T.);
#824=FACE_OUTER_BOUND('',#1243,.T.);
#825=FACE_OUTER_BOUND('',#1244,.T.);
#826=FACE_OUTER_BOUND('',#1245,.T.);
#827=FACE_OUTER_BOUND('',#1246,.T.);
#828=FACE_OUTER_BOUND('',#1247,.T.);
#829=FACE_OUTER_BOUND('',#1248,.T.);
#830=FACE_OUTER_BOUND('',#1249,.T.);
#831=FACE_OUTER_BOUND('',#1250,.T.);
#832=FACE_OUTER_BOUND('',#1251,.T.);
#833=FACE_OUTER_BOUND('',#1252,.T.);
#834=FACE_OUTER_BOUND('',#1253,.T.);
#835=FACE_OUTER_BOUND('',#1254,.T.);
#836=FACE_OUTER_BOUND('',#1255,.T.);
#837=FACE_OUTER_BOUND('',#1256,.T.);
#838=FACE_OUTER_BOUND('',#1258,.T.);
#839=FACE_OUTER_BOUND('',#1259,.T.);
#840=FACE_OUTER_BOUND('',#1260,.T.);
#841=FACE_OUTER_BOUND('',#1261,.T.);
#842=FACE_OUTER_BOUND('',#1262,.T.);
#843=FACE_OUTER_BOUND('',#1263,.T.);
#844=FACE_OUTER_BOUND('',#1264,.T.);
#845=FACE_OUTER_BOUND('',#1265,.T.);
#846=FACE_OUTER_BOUND('',#1266,.T.);
#847=FACE_OUTER_BOUND('',#1267,.T.);
#848=FACE_OUTER_BOUND('',#1268,.T.);
#849=FACE_OUTER_BOUND('',#1269,.T.);
#850=FACE_OUTER_BOUND('',#1270,.T.);
#851=FACE_OUTER_BOUND('',#1271,.T.);
#852=FACE_OUTER_BOUND('',#1272,.T.);
#853=FACE_OUTER_BOUND('',#1273,.T.);
#854=FACE_OUTER_BOUND('',#1274,.T.);
#855=FACE_OUTER_BOUND('',#1275,.T.);
#856=FACE_OUTER_BOUND('',#1276,.T.);
#857=FACE_OUTER_BOUND('',#1277,.T.);
#858=FACE_OUTER_BOUND('',#1278,.T.);
#859=FACE_OUTER_BOUND('',#1279,.T.);
#860=FACE_OUTER_BOUND('',#1280,.T.);
#861=FACE_OUTER_BOUND('',#1281,.T.);
#862=FACE_OUTER_BOUND('',#1282,.T.);
#863=FACE_OUTER_BOUND('',#1283,.T.);
#864=FACE_OUTER_BOUND('',#1284,.T.);
#865=FACE_OUTER_BOUND('',#1285,.T.);
#866=FACE_OUTER_BOUND('',#1286,.T.);
#867=FACE_OUTER_BOUND('',#1287,.T.);
#868=FACE_OUTER_BOUND('',#1288,.T.);
#869=FACE_OUTER_BOUND('',#1289,.T.);
#870=FACE_OUTER_BOUND('',#1290,.T.);
#871=FACE_OUTER_BOUND('',#1291,.T.);
#872=FACE_OUTER_BOUND('',#1292,.T.);
#873=FACE_OUTER_BOUND('',#1293,.T.);
#874=FACE_OUTER_BOUND('',#1294,.T.);
#875=FACE_OUTER_BOUND('',#1295,.T.);
#876=FACE_OUTER_BOUND('',#1296,.T.);
#877=FACE_OUTER_BOUND('',#1297,.T.);
#878=FACE_OUTER_BOUND('',#1298,.T.);
#879=FACE_OUTER_BOUND('',#1299,.T.);
#880=FACE_OUTER_BOUND('',#1300,.T.);
#881=FACE_OUTER_BOUND('',#1301,.T.);
#882=FACE_OUTER_BOUND('',#1302,.T.);
#883=FACE_OUTER_BOUND('',#1303,.T.);
#884=FACE_OUTER_BOUND('',#1304,.T.);
#885=FACE_OUTER_BOUND('',#1305,.T.);
#886=FACE_OUTER_BOUND('',#1306,.T.);
#887=FACE_OUTER_BOUND('',#1307,.T.);
#888=FACE_OUTER_BOUND('',#1308,.T.);
#889=FACE_OUTER_BOUND('',#1309,.T.);
#890=FACE_OUTER_BOUND('',#1310,.T.);
#891=FACE_OUTER_BOUND('',#1311,.T.);
#892=FACE_OUTER_BOUND('',#1312,.T.);
#893=FACE_OUTER_BOUND('',#1313,.T.);
#894=FACE_OUTER_BOUND('',#1314,.T.);
#895=FACE_OUTER_BOUND('',#1315,.T.);
#896=FACE_OUTER_BOUND('',#1316,.T.);
#897=FACE_OUTER_BOUND('',#1317,.T.);
#898=FACE_OUTER_BOUND('',#1318,.T.);
#899=FACE_OUTER_BOUND('',#1319,.T.);
#900=FACE_OUTER_BOUND('',#1320,.T.);
#901=FACE_OUTER_BOUND('',#1321,.T.);
#902=FACE_OUTER_BOUND('',#1322,.T.);
#903=FACE_OUTER_BOUND('',#1323,.T.);
#904=FACE_OUTER_BOUND('',#1324,.T.);
#905=FACE_OUTER_BOUND('',#1325,.T.);
#906=FACE_OUTER_BOUND('',#1326,.T.);
#907=FACE_OUTER_BOUND('',#1327,.T.);
#908=FACE_OUTER_BOUND('',#1328,.T.);
#909=FACE_OUTER_BOUND('',#1329,.T.);
#910=FACE_OUTER_BOUND('',#1330,.T.);
#911=FACE_OUTER_BOUND('',#1331,.T.);
#912=FACE_OUTER_BOUND('',#1332,.T.);
#913=FACE_OUTER_BOUND('',#1333,.T.);
#914=FACE_OUTER_BOUND('',#1334,.T.);
#915=FACE_OUTER_BOUND('',#1335,.T.);
#916=FACE_OUTER_BOUND('',#1336,.T.);
#917=FACE_OUTER_BOUND('',#1337,.T.);
#918=FACE_OUTER_BOUND('',#1338,.T.);
#919=FACE_OUTER_BOUND('',#1339,.T.);
#920=FACE_OUTER_BOUND('',#1340,.T.);
#921=FACE_OUTER_BOUND('',#1343,.T.);
#922=FACE_OUTER_BOUND('',#1346,.T.);
#923=FACE_OUTER_BOUND('',#1347,.T.);
#924=FACE_OUTER_BOUND('',#1348,.T.);
#925=FACE_OUTER_BOUND('',#1349,.T.);
#926=FACE_OUTER_BOUND('',#1350,.T.);
#927=FACE_OUTER_BOUND('',#1351,.T.);
#928=FACE_OUTER_BOUND('',#1352,.T.);
#929=FACE_OUTER_BOUND('',#1353,.T.);
#930=FACE_OUTER_BOUND('',#1354,.T.);
#931=FACE_OUTER_BOUND('',#1355,.T.);
#932=FACE_OUTER_BOUND('',#1356,.T.);
#933=FACE_OUTER_BOUND('',#1357,.T.);
#934=FACE_OUTER_BOUND('',#1358,.T.);
#935=FACE_OUTER_BOUND('',#1359,.T.);
#936=FACE_OUTER_BOUND('',#1360,.T.);
#937=FACE_OUTER_BOUND('',#1361,.T.);
#938=FACE_OUTER_BOUND('',#1362,.T.);
#939=FACE_OUTER_BOUND('',#1363,.T.);
#940=FACE_OUTER_BOUND('',#1364,.T.);
#941=FACE_OUTER_BOUND('',#1365,.T.);
#942=FACE_OUTER_BOUND('',#1366,.T.);
#943=FACE_OUTER_BOUND('',#1367,.T.);
#944=FACE_OUTER_BOUND('',#1368,.T.);
#945=FACE_OUTER_BOUND('',#1369,.T.);
#946=FACE_OUTER_BOUND('',#1370,.T.);
#947=FACE_OUTER_BOUND('',#1371,.T.);
#948=FACE_OUTER_BOUND('',#1372,.T.);
#949=FACE_OUTER_BOUND('',#1373,.T.);
#950=FACE_OUTER_BOUND('',#1374,.T.);
#951=FACE_OUTER_BOUND('',#1375,.T.);
#952=FACE_OUTER_BOUND('',#1376,.T.);
#953=FACE_OUTER_BOUND('',#1377,.T.);
#954=FACE_OUTER_BOUND('',#1378,.T.);
#955=FACE_OUTER_BOUND('',#1379,.T.);
#956=FACE_OUTER_BOUND('',#1380,.T.);
#957=FACE_OUTER_BOUND('',#1381,.T.);
#958=FACE_OUTER_BOUND('',#1382,.T.);
#959=FACE_OUTER_BOUND('',#1383,.T.);
#960=FACE_OUTER_BOUND('',#1384,.T.);
#961=FACE_OUTER_BOUND('',#1385,.T.);
#962=FACE_OUTER_BOUND('',#1386,.T.);
#963=FACE_OUTER_BOUND('',#1387,.T.);
#964=FACE_OUTER_BOUND('',#1388,.T.);
#965=FACE_OUTER_BOUND('',#1389,.T.);
#966=FACE_OUTER_BOUND('',#1390,.T.);
#967=FACE_OUTER_BOUND('',#1391,.T.);
#968=FACE_OUTER_BOUND('',#1392,.T.);
#969=FACE_OUTER_BOUND('',#1393,.T.);
#970=FACE_OUTER_BOUND('',#1394,.T.);
#971=FACE_OUTER_BOUND('',#1395,.T.);
#972=FACE_OUTER_BOUND('',#1396,.T.);
#973=FACE_OUTER_BOUND('',#1397,.T.);
#974=FACE_OUTER_BOUND('',#1398,.T.);
#975=FACE_OUTER_BOUND('',#1399,.T.);
#976=FACE_OUTER_BOUND('',#1400,.T.);
#977=FACE_OUTER_BOUND('',#1401,.T.);
#978=FACE_OUTER_BOUND('',#1402,.T.);
#979=FACE_OUTER_BOUND('',#1403,.T.);
#980=FACE_OUTER_BOUND('',#1404,.T.);
#981=FACE_OUTER_BOUND('',#1405,.T.);
#982=FACE_OUTER_BOUND('',#1406,.T.);
#983=FACE_OUTER_BOUND('',#1407,.T.);
#984=FACE_OUTER_BOUND('',#1408,.T.);
#985=FACE_OUTER_BOUND('',#1409,.T.);
#986=FACE_OUTER_BOUND('',#1410,.T.);
#987=FACE_OUTER_BOUND('',#1411,.T.);
#988=FACE_OUTER_BOUND('',#1412,.T.);
#989=FACE_OUTER_BOUND('',#1413,.T.);
#990=FACE_OUTER_BOUND('',#1414,.T.);
#991=FACE_OUTER_BOUND('',#1415,.T.);
#992=FACE_OUTER_BOUND('',#1416,.T.);
#993=FACE_OUTER_BOUND('',#1417,.T.);
#994=FACE_OUTER_BOUND('',#1418,.T.);
#995=FACE_OUTER_BOUND('',#1419,.T.);
#996=FACE_OUTER_BOUND('',#1420,.T.);
#997=FACE_OUTER_BOUND('',#1421,.T.);
#998=FACE_OUTER_BOUND('',#1422,.T.);
#999=FACE_OUTER_BOUND('',#1423,.T.);
#1000=EDGE_LOOP('',(#4806,#4807,#4808,#4809));
#1001=EDGE_LOOP('',(#4810,#4811,#4812,#4813,#4814,#4815,#4816,#4817,#4818,
#4819,#4820));
#1002=EDGE_LOOP('',(#4821,#4822,#4823,#4824,#4825,#4826,#4827));
#1003=EDGE_LOOP('',(#4828,#4829,#4830,#4831));
#1004=EDGE_LOOP('',(#4832,#4833,#4834,#4835,#4836,#4837));
#1005=EDGE_LOOP('',(#4838,#4839,#4840,#4841));
#1006=EDGE_LOOP('',(#4842,#4843,#4844,#4845));
#1007=EDGE_LOOP('',(#4846,#4847,#4848,#4849));
#1008=EDGE_LOOP('',(#4850,#4851,#4852,#4853));
#1009=EDGE_LOOP('',(#4854,#4855,#4856,#4857));
#1010=EDGE_LOOP('',(#4858,#4859,#4860,#4861));
#1011=EDGE_LOOP('',(#4862,#4863,#4864,#4865));
#1012=EDGE_LOOP('',(#4866,#4867,#4868,#4869));
#1013=EDGE_LOOP('',(#4870,#4871,#4872,#4873));
#1014=EDGE_LOOP('',(#4874,#4875,#4876,#4877));
#1015=EDGE_LOOP('',(#4878,#4879,#4880,#4881));
#1016=EDGE_LOOP('',(#4882,#4883,#4884,#4885,#4886,#4887,#4888,#4889));
#1017=EDGE_LOOP('',(#4890,#4891,#4892,#4893,#4894,#4895,#4896,#4897));
#1018=EDGE_LOOP('',(#4898,#4899,#4900,#4901,#4902,#4903,#4904,#4905));
#1019=EDGE_LOOP('',(#4906,#4907,#4908,#4909));
#1020=EDGE_LOOP('',(#4910,#4911,#4912,#4913,#4914,#4915,#4916,#4917));
#1021=EDGE_LOOP('',(#4918,#4919,#4920,#4921));
#1022=EDGE_LOOP('',(#4922,#4923,#4924,#4925));
#1023=EDGE_LOOP('',(#4926,#4927,#4928,#4929));
#1024=EDGE_LOOP('',(#4930,#4931,#4932,#4933));
#1025=EDGE_LOOP('',(#4934,#4935,#4936,#4937));
#1026=EDGE_LOOP('',(#4938,#4939,#4940,#4941));
#1027=EDGE_LOOP('',(#4942,#4943,#4944,#4945));
#1028=EDGE_LOOP('',(#4946,#4947,#4948,#4949));
#1029=EDGE_LOOP('',(#4950,#4951,#4952,#4953,#4954,#4955));
#1030=EDGE_LOOP('',(#4956,#4957,#4958,#4959));
#1031=EDGE_LOOP('',(#4960,#4961,#4962,#4963));
#1032=EDGE_LOOP('',(#4964,#4965,#4966,#4967));
#1033=EDGE_LOOP('',(#4968,#4969,#4970,#4971,#4972,#4973,#4974,#4975,#4976,
#4977,#4978,#4979,#4980,#4981,#4982,#4983,#4984,#4985,#4986,#4987,#4988,
#4989,#4990,#4991));
#1034=EDGE_LOOP('',(#4992,#4993,#4994,#4995));
#1035=EDGE_LOOP('',(#4996,#4997,#4998,#4999));
#1036=EDGE_LOOP('',(#5000,#5001,#5002,#5003,#5004,#5005,#5006,#5007));
#1037=EDGE_LOOP('',(#5008,#5009,#5010,#5011));
#1038=EDGE_LOOP('',(#5012,#5013,#5014,#5015,#5016,#5017,#5018,#5019,#5020));
#1039=EDGE_LOOP('',(#5021,#5022,#5023,#5024));
#1040=EDGE_LOOP('',(#5025,#5026,#5027,#5028));
#1041=EDGE_LOOP('',(#5029,#5030,#5031,#5032));
#1042=EDGE_LOOP('',(#5033,#5034,#5035,#5036));
#1043=EDGE_LOOP('',(#5037,#5038,#5039,#5040));
#1044=EDGE_LOOP('',(#5041,#5042,#5043,#5044));
#1045=EDGE_LOOP('',(#5045,#5046,#5047,#5048));
#1046=EDGE_LOOP('',(#5049,#5050,#5051,#5052));
#1047=EDGE_LOOP('',(#5053,#5054,#5055,#5056,#5057,#5058,#5059,#5060,#5061,
#5062,#5063,#5064));
#1048=EDGE_LOOP('',(#5065,#5066,#5067,#5068));
#1049=EDGE_LOOP('',(#5069,#5070,#5071,#5072,#5073,#5074,#5075,#5076,#5077));
#1050=EDGE_LOOP('',(#5078,#5079,#5080,#5081));
#1051=EDGE_LOOP('',(#5082,#5083,#5084,#5085));
#1052=EDGE_LOOP('',(#5086,#5087,#5088,#5089,#5090,#5091,#5092,#5093,#5094));
#1053=EDGE_LOOP('',(#5095,#5096,#5097,#5098,#5099));
#1054=EDGE_LOOP('',(#5100,#5101,#5102,#5103));
#1055=EDGE_LOOP('',(#5104,#5105,#5106,#5107));
#1056=EDGE_LOOP('',(#5108,#5109,#5110,#5111,#5112,#5113));
#1057=EDGE_LOOP('',(#5114,#5115,#5116,#5117));
#1058=EDGE_LOOP('',(#5118,#5119,#5120,#5121));
#1059=EDGE_LOOP('',(#5122,#5123,#5124,#5125));
#1060=EDGE_LOOP('',(#5126,#5127,#5128,#5129));
#1061=EDGE_LOOP('',(#5130,#5131,#5132,#5133,#5134,#5135,#5136,#5137,#5138,
#5139));
#1062=EDGE_LOOP('',(#5140,#5141,#5142,#5143));
#1063=EDGE_LOOP('',(#5144,#5145,#5146,#5147,#5148,#5149,#5150,#5151));
#1064=EDGE_LOOP('',(#5152,#5153,#5154,#5155));
#1065=EDGE_LOOP('',(#5156,#5157,#5158,#5159));
#1066=EDGE_LOOP('',(#5160,#5161,#5162,#5163));
#1067=EDGE_LOOP('',(#5164,#5165,#5166,#5167));
#1068=EDGE_LOOP('',(#5168,#5169,#5170,#5171));
#1069=EDGE_LOOP('',(#5172,#5173,#5174,#5175));
#1070=EDGE_LOOP('',(#5176,#5177,#5178,#5179));
#1071=EDGE_LOOP('',(#5180,#5181,#5182,#5183));
#1072=EDGE_LOOP('',(#5184,#5185,#5186,#5187));
#1073=EDGE_LOOP('',(#5188,#5189,#5190,#5191));
#1074=EDGE_LOOP('',(#5192,#5193,#5194,#5195));
#1075=EDGE_LOOP('',(#5196,#5197,#5198,#5199));
#1076=EDGE_LOOP('',(#5200,#5201,#5202,#5203,#5204,#5205,#5206,#5207,#5208,
#5209,#5210,#5211));
#1077=EDGE_LOOP('',(#5212,#5213,#5214,#5215));
#1078=EDGE_LOOP('',(#5216,#5217,#5218,#5219));
#1079=EDGE_LOOP('',(#5220,#5221,#5222,#5223));
#1080=EDGE_LOOP('',(#5224,#5225,#5226,#5227));
#1081=EDGE_LOOP('',(#5228,#5229,#5230,#5231));
#1082=EDGE_LOOP('',(#5232,#5233,#5234,#5235));
#1083=EDGE_LOOP('',(#5236,#5237,#5238,#5239,#5240,#5241));
#1084=EDGE_LOOP('',(#5242,#5243,#5244,#5245));
#1085=EDGE_LOOP('',(#5246,#5247,#5248,#5249));
#1086=EDGE_LOOP('',(#5250,#5251,#5252,#5253));
#1087=EDGE_LOOP('',(#5254,#5255,#5256,#5257));
#1088=EDGE_LOOP('',(#5258,#5259,#5260,#5261));
#1089=EDGE_LOOP('',(#5262,#5263,#5264,#5265));
#1090=EDGE_LOOP('',(#5266,#5267,#5268,#5269));
#1091=EDGE_LOOP('',(#5270,#5271,#5272,#5273));
#1092=EDGE_LOOP('',(#5274,#5275,#5276,#5277,#5278,#5279,#5280,#5281));
#1093=EDGE_LOOP('',(#5282,#5283,#5284,#5285));
#1094=EDGE_LOOP('',(#5286,#5287,#5288,#5289));
#1095=EDGE_LOOP('',(#5290,#5291,#5292,#5293));
#1096=EDGE_LOOP('',(#5294,#5295,#5296,#5297));
#1097=EDGE_LOOP('',(#5298,#5299,#5300,#5301));
#1098=EDGE_LOOP('',(#5302,#5303,#5304,#5305));
#1099=EDGE_LOOP('',(#5306,#5307,#5308,#5309));
#1100=EDGE_LOOP('',(#5310,#5311,#5312,#5313));
#1101=EDGE_LOOP('',(#5314,#5315,#5316,#5317));
#1102=EDGE_LOOP('',(#5318,#5319,#5320,#5321));
#1103=EDGE_LOOP('',(#5322,#5323,#5324,#5325));
#1104=EDGE_LOOP('',(#5326,#5327,#5328,#5329));
#1105=EDGE_LOOP('',(#5330,#5331,#5332,#5333));
#1106=EDGE_LOOP('',(#5334,#5335,#5336,#5337));
#1107=EDGE_LOOP('',(#5338,#5339,#5340,#5341));
#1108=EDGE_LOOP('',(#5342,#5343,#5344,#5345));
#1109=EDGE_LOOP('',(#5346,#5347,#5348,#5349));
#1110=EDGE_LOOP('',(#5350,#5351,#5352,#5353));
#1111=EDGE_LOOP('',(#5354,#5355,#5356,#5357));
#1112=EDGE_LOOP('',(#5358,#5359,#5360,#5361));
#1113=EDGE_LOOP('',(#5362,#5363,#5364,#5365));
#1114=EDGE_LOOP('',(#5366,#5367,#5368,#5369));
#1115=EDGE_LOOP('',(#5370,#5371,#5372,#5373));
#1116=EDGE_LOOP('',(#5374,#5375,#5376,#5377));
#1117=EDGE_LOOP('',(#5378,#5379,#5380,#5381));
#1118=EDGE_LOOP('',(#5382,#5383,#5384,#5385));
#1119=EDGE_LOOP('',(#5386,#5387,#5388,#5389));
#1120=EDGE_LOOP('',(#5390,#5391,#5392,#5393));
#1121=EDGE_LOOP('',(#5394,#5395,#5396,#5397));
#1122=EDGE_LOOP('',(#5398,#5399,#5400,#5401));
#1123=EDGE_LOOP('',(#5402,#5403,#5404,#5405));
#1124=EDGE_LOOP('',(#5406,#5407,#5408,#5409));
#1125=EDGE_LOOP('',(#5410,#5411,#5412,#5413));
#1126=EDGE_LOOP('',(#5414,#5415,#5416,#5417,#5418,#5419,#5420,#5421,#5422,
#5423,#5424,#5425,#5426,#5427,#5428));
#1127=EDGE_LOOP('',(#5429,#5430,#5431,#5432,#5433,#5434,#5435,#5436,#5437));
#1128=EDGE_LOOP('',(#5438,#5439,#5440,#5441,#5442,#5443,#5444,#5445,#5446));
#1129=EDGE_LOOP('',(#5447,#5448,#5449,#5450,#5451,#5452,#5453,#5454,#5455));
#1130=EDGE_LOOP('',(#5456,#5457,#5458,#5459,#5460,#5461,#5462,#5463,#5464));
#1131=EDGE_LOOP('',(#5465,#5466,#5467,#5468));
#1132=EDGE_LOOP('',(#5469,#5470,#5471,#5472));
#1133=EDGE_LOOP('',(#5473,#5474,#5475,#5476));
#1134=EDGE_LOOP('',(#5477,#5478,#5479,#5480));
#1135=EDGE_LOOP('',(#5481,#5482,#5483,#5484));
#1136=EDGE_LOOP('',(#5485,#5486,#5487,#5488));
#1137=EDGE_LOOP('',(#5489,#5490,#5491,#5492));
#1138=EDGE_LOOP('',(#5493,#5494,#5495,#5496));
#1139=EDGE_LOOP('',(#5497,#5498,#5499,#5500));
#1140=EDGE_LOOP('',(#5501,#5502,#5503,#5504));
#1141=EDGE_LOOP('',(#5505,#5506,#5507,#5508));
#1142=EDGE_LOOP('',(#5509,#5510,#5511,#5512));
#1143=EDGE_LOOP('',(#5513,#5514,#5515,#5516));
#1144=EDGE_LOOP('',(#5517,#5518,#5519,#5520));
#1145=EDGE_LOOP('',(#5521,#5522,#5523,#5524));
#1146=EDGE_LOOP('',(#5525,#5526,#5527,#5528));
#1147=EDGE_LOOP('',(#5529,#5530,#5531,#5532));
#1148=EDGE_LOOP('',(#5533,#5534,#5535,#5536));
#1149=EDGE_LOOP('',(#5537,#5538,#5539,#5540));
#1150=EDGE_LOOP('',(#5541,#5542,#5543,#5544));
#1151=EDGE_LOOP('',(#5545,#5546,#5547,#5548));
#1152=EDGE_LOOP('',(#5549,#5550,#5551,#5552));
#1153=EDGE_LOOP('',(#5553,#5554,#5555,#5556));
#1154=EDGE_LOOP('',(#5557,#5558,#5559,#5560));
#1155=EDGE_LOOP('',(#5561,#5562,#5563,#5564));
#1156=EDGE_LOOP('',(#5565,#5566,#5567,#5568));
#1157=EDGE_LOOP('',(#5569,#5570,#5571,#5572));
#1158=EDGE_LOOP('',(#5573,#5574,#5575,#5576));
#1159=EDGE_LOOP('',(#5577,#5578,#5579,#5580));
#1160=EDGE_LOOP('',(#5581,#5582,#5583,#5584));
#1161=EDGE_LOOP('',(#5585,#5586,#5587,#5588,#5589,#5590,#5591,#5592,#5593,
#5594,#5595,#5596,#5597,#5598,#5599,#5600,#5601,#5602,#5603,#5604,#5605,
#5606,#5607,#5608,#5609,#5610,#5611,#5612,#5613,#5614));
#1162=EDGE_LOOP('',(#5615,#5616,#5617,#5618));
#1163=EDGE_LOOP('',(#5619,#5620,#5621,#5622));
#1164=EDGE_LOOP('',(#5623,#5624,#5625,#5626));
#1165=EDGE_LOOP('',(#5627,#5628,#5629,#5630));
#1166=EDGE_LOOP('',(#5631,#5632,#5633,#5634));
#1167=EDGE_LOOP('',(#5635,#5636,#5637,#5638));
#1168=EDGE_LOOP('',(#5639,#5640,#5641,#5642));
#1169=EDGE_LOOP('',(#5643,#5644,#5645,#5646));
#1170=EDGE_LOOP('',(#5647,#5648,#5649,#5650));
#1171=EDGE_LOOP('',(#5651,#5652,#5653,#5654));
#1172=EDGE_LOOP('',(#5655,#5656,#5657,#5658));
#1173=EDGE_LOOP('',(#5659,#5660,#5661,#5662));
#1174=EDGE_LOOP('',(#5663,#5664,#5665,#5666,#5667,#5668,#5669,#5670,#5671,
#5672,#5673,#5674));
#1175=EDGE_LOOP('',(#5675,#5676,#5677,#5678));
#1176=EDGE_LOOP('',(#5679,#5680,#5681,#5682));
#1177=EDGE_LOOP('',(#5683,#5684,#5685,#5686));
#1178=EDGE_LOOP('',(#5687,#5688,#5689,#5690));
#1179=EDGE_LOOP('',(#5691,#5692,#5693,#5694));
#1180=EDGE_LOOP('',(#5695,#5696,#5697,#5698));
#1181=EDGE_LOOP('',(#5699,#5700,#5701,#5702));
#1182=EDGE_LOOP('',(#5703,#5704,#5705,#5706));
#1183=EDGE_LOOP('',(#5707,#5708,#5709,#5710));
#1184=EDGE_LOOP('',(#5711,#5712,#5713,#5714));
#1185=EDGE_LOOP('',(#5715,#5716,#5717,#5718,#5719,#5720,#5721,#5722,#5723,
#5724));
#1186=EDGE_LOOP('',(#5725,#5726,#5727,#5728));
#1187=EDGE_LOOP('',(#5729,#5730,#5731,#5732));
#1188=EDGE_LOOP('',(#5733,#5734,#5735,#5736));
#1189=EDGE_LOOP('',(#5737,#5738,#5739,#5740));
#1190=EDGE_LOOP('',(#5741,#5742,#5743,#5744));
#1191=EDGE_LOOP('',(#5745,#5746,#5747,#5748));
#1192=EDGE_LOOP('',(#5749,#5750,#5751,#5752));
#1193=EDGE_LOOP('',(#5753,#5754,#5755,#5756));
#1194=EDGE_LOOP('',(#5757,#5758,#5759,#5760));
#1195=EDGE_LOOP('',(#5761,#5762,#5763,#5764));
#1196=EDGE_LOOP('',(#5765,#5766,#5767,#5768));
#1197=EDGE_LOOP('',(#5769,#5770,#5771,#5772));
#1198=EDGE_LOOP('',(#5773,#5774,#5775,#5776));
#1199=EDGE_LOOP('',(#5777,#5778,#5779,#5780));
#1200=EDGE_LOOP('',(#5781,#5782,#5783,#5784));
#1201=EDGE_LOOP('',(#5785,#5786,#5787,#5788));
#1202=EDGE_LOOP('',(#5789,#5790,#5791,#5792));
#1203=EDGE_LOOP('',(#5793,#5794,#5795,#5796));
#1204=EDGE_LOOP('',(#5797,#5798,#5799,#5800));
#1205=EDGE_LOOP('',(#5801,#5802,#5803,#5804));
#1206=EDGE_LOOP('',(#5805,#5806,#5807,#5808));
#1207=EDGE_LOOP('',(#5809,#5810,#5811,#5812));
#1208=EDGE_LOOP('',(#5813,#5814,#5815,#5816));
#1209=EDGE_LOOP('',(#5817,#5818,#5819,#5820));
#1210=EDGE_LOOP('',(#5821,#5822,#5823,#5824));
#1211=EDGE_LOOP('',(#5825,#5826,#5827,#5828));
#1212=EDGE_LOOP('',(#5829,#5830,#5831,#5832));
#1213=EDGE_LOOP('',(#5833,#5834,#5835,#5836));
#1214=EDGE_LOOP('',(#5837,#5838,#5839,#5840));
#1215=EDGE_LOOP('',(#5841,#5842,#5843,#5844));
#1216=EDGE_LOOP('',(#5845,#5846,#5847,#5848,#5849,#5850,#5851,#5852,#5853,
#5854,#5855,#5856,#5857,#5858,#5859,#5860,#5861,#5862,#5863,#5864,#5865,
#5866,#5867,#5868,#5869,#5870,#5871,#5872,#5873,#5874));
#1217=EDGE_LOOP('',(#5875,#5876,#5877,#5878));
#1218=EDGE_LOOP('',(#5879,#5880,#5881,#5882));
#1219=EDGE_LOOP('',(#5883,#5884,#5885,#5886));
#1220=EDGE_LOOP('',(#5887,#5888,#5889,#5890,#5891,#5892,#5893,#5894,#5895,
#5896,#5897,#5898,#5899,#5900,#5901,#5902,#5903,#5904,#5905,#5906,#5907,
#5908,#5909,#5910));
#1221=EDGE_LOOP('',(#5911,#5912,#5913,#5914));
#1222=EDGE_LOOP('',(#5915,#5916,#5917,#5918));
#1223=EDGE_LOOP('',(#5919,#5920,#5921,#5922));
#1224=EDGE_LOOP('',(#5923,#5924,#5925,#5926));
#1225=EDGE_LOOP('',(#5927,#5928,#5929,#5930,#5931,#5932,#5933,#5934));
#1226=EDGE_LOOP('',(#5935,#5936,#5937,#5938,#5939,#5940));
#1227=EDGE_LOOP('',(#5941,#5942,#5943,#5944,#5945,#5946,#5947,#5948));
#1228=EDGE_LOOP('',(#5949));
#1229=EDGE_LOOP('',(#5950,#5951,#5952,#5953,#5954,#5955,#5956,#5957,#5958,
#5959,#5960,#5961,#5962,#5963,#5964,#5965,#5966,#5967,#5968,#5969,#5970,
#5971,#5972,#5973,#5974,#5975,#5976,#5977,#5978,#5979));
#1230=EDGE_LOOP('',(#5980,#5981,#5982,#5983,#5984,#5985,#5986,#5987,#5988,
#5989));
#1231=EDGE_LOOP('',(#5990,#5991,#5992,#5993,#5994,#5995,#5996,#5997,#5998,
#5999,#6000,#6001));
#1232=EDGE_LOOP('',(#6002,#6003,#6004,#6005,#6006,#6007,#6008,#6009,#6010,
#6011,#6012,#6013,#6014,#6015,#6016,#6017,#6018,#6019,#6020,#6021,#6022,
#6023,#6024,#6025,#6026,#6027,#6028,#6029,#6030,#6031));
#1233=EDGE_LOOP('',(#6032,#6033,#6034,#6035,#6036,#6037,#6038,#6039,#6040,
#6041,#6042,#6043,#6044,#6045,#6046));
#1234=EDGE_LOOP('',(#6047,#6048,#6049,#6050,#6051,#6052,#6053,#6054,#6055,
#6056,#6057,#6058));
#1235=EDGE_LOOP('',(#6059,#6060,#6061,#6062));
#1236=EDGE_LOOP('',(#6063,#6064,#6065,#6066));
#1237=EDGE_LOOP('',(#6067,#6068,#6069,#6070));
#1238=EDGE_LOOP('',(#6071,#6072,#6073,#6074));
#1239=EDGE_LOOP('',(#6075,#6076,#6077,#6078));
#1240=EDGE_LOOP('',(#6079,#6080,#6081,#6082));
#1241=EDGE_LOOP('',(#6083,#6084,#6085,#6086,#6087,#6088,#6089,#6090,#6091,
#6092,#6093,#6094));
#1242=EDGE_LOOP('',(#6095,#6096,#6097,#6098));
#1243=EDGE_LOOP('',(#6099,#6100,#6101,#6102,#6103,#6104,#6105,#6106,#6107,
#6108));
#1244=EDGE_LOOP('',(#6109,#6110,#6111,#6112));
#1245=EDGE_LOOP('',(#6113,#6114,#6115,#6116));
#1246=EDGE_LOOP('',(#6117,#6118,#6119,#6120,#6121,#6122,#6123,#6124,#6125));
#1247=EDGE_LOOP('',(#6126,#6127,#6128,#6129,#6130,#6131,#6132,#6133,#6134));
#1248=EDGE_LOOP('',(#6135,#6136,#6137,#6138));
#1249=EDGE_LOOP('',(#6139,#6140,#6141,#6142));
#1250=EDGE_LOOP('',(#6143,#6144,#6145,#6146));
#1251=EDGE_LOOP('',(#6147,#6148,#6149,#6150,#6151));
#1252=EDGE_LOOP('',(#6152,#6153,#6154,#6155));
#1253=EDGE_LOOP('',(#6156,#6157,#6158,#6159));
#1254=EDGE_LOOP('',(#6160,#6161,#6162,#6163));
#1255=EDGE_LOOP('',(#6164,#6165,#6166,#6167));
#1256=EDGE_LOOP('',(#6168,#6169,#6170,#6171));
#1257=EDGE_LOOP('',(#6172));
#1258=EDGE_LOOP('',(#6173,#6174,#6175,#6176));
#1259=EDGE_LOOP('',(#6177,#6178,#6179,#6180));
#1260=EDGE_LOOP('',(#6181,#6182,#6183,#6184,#6185,#6186));
#1261=EDGE_LOOP('',(#6187,#6188,#6189,#6190,#6191,#6192,#6193,#6194,#6195));
#1262=EDGE_LOOP('',(#6196,#6197,#6198,#6199));
#1263=EDGE_LOOP('',(#6200,#6201,#6202,#6203));
#1264=EDGE_LOOP('',(#6204,#6205,#6206,#6207));
#1265=EDGE_LOOP('',(#6208,#6209,#6210,#6211));
#1266=EDGE_LOOP('',(#6212,#6213,#6214,#6215));
#1267=EDGE_LOOP('',(#6216,#6217,#6218,#6219));
#1268=EDGE_LOOP('',(#6220,#6221,#6222,#6223));
#1269=EDGE_LOOP('',(#6224,#6225,#6226,#6227));
#1270=EDGE_LOOP('',(#6228,#6229,#6230,#6231));
#1271=EDGE_LOOP('',(#6232,#6233,#6234,#6235));
#1272=EDGE_LOOP('',(#6236,#6237,#6238,#6239));
#1273=EDGE_LOOP('',(#6240,#6241,#6242,#6243,#6244,#6245,#6246,#6247,#6248,
#6249));
#1274=EDGE_LOOP('',(#6250,#6251,#6252,#6253,#6254,#6255,#6256,#6257,#6258,
#6259));
#1275=EDGE_LOOP('',(#6260,#6261,#6262,#6263));
#1276=EDGE_LOOP('',(#6264,#6265,#6266,#6267));
#1277=EDGE_LOOP('',(#6268,#6269,#6270,#6271));
#1278=EDGE_LOOP('',(#6272,#6273,#6274,#6275));
#1279=EDGE_LOOP('',(#6276,#6277,#6278,#6279));
#1280=EDGE_LOOP('',(#6280,#6281,#6282,#6283));
#1281=EDGE_LOOP('',(#6284,#6285,#6286,#6287));
#1282=EDGE_LOOP('',(#6288,#6289,#6290,#6291));
#1283=EDGE_LOOP('',(#6292,#6293,#6294,#6295));
#1284=EDGE_LOOP('',(#6296,#6297,#6298,#6299));
#1285=EDGE_LOOP('',(#6300,#6301,#6302,#6303));
#1286=EDGE_LOOP('',(#6304,#6305,#6306,#6307));
#1287=EDGE_LOOP('',(#6308,#6309,#6310,#6311));
#1288=EDGE_LOOP('',(#6312,#6313,#6314,#6315));
#1289=EDGE_LOOP('',(#6316,#6317,#6318,#6319));
#1290=EDGE_LOOP('',(#6320,#6321,#6322,#6323));
#1291=EDGE_LOOP('',(#6324,#6325,#6326,#6327));
#1292=EDGE_LOOP('',(#6328,#6329,#6330,#6331));
#1293=EDGE_LOOP('',(#6332,#6333,#6334,#6335));
#1294=EDGE_LOOP('',(#6336,#6337,#6338,#6339));
#1295=EDGE_LOOP('',(#6340,#6341,#6342,#6343));
#1296=EDGE_LOOP('',(#6344,#6345,#6346,#6347));
#1297=EDGE_LOOP('',(#6348,#6349,#6350,#6351));
#1298=EDGE_LOOP('',(#6352,#6353,#6354,#6355));
#1299=EDGE_LOOP('',(#6356,#6357,#6358,#6359));
#1300=EDGE_LOOP('',(#6360,#6361,#6362,#6363));
#1301=EDGE_LOOP('',(#6364,#6365,#6366,#6367));
#1302=EDGE_LOOP('',(#6368,#6369,#6370,#6371));
#1303=EDGE_LOOP('',(#6372,#6373,#6374,#6375));
#1304=EDGE_LOOP('',(#6376,#6377,#6378,#6379));
#1305=EDGE_LOOP('',(#6380,#6381,#6382,#6383,#6384,#6385,#6386,#6387,#6388,
#6389,#6390,#6391,#6392,#6393,#6394,#6395,#6396,#6397,#6398,#6399,#6400,
#6401,#6402,#6403,#6404,#6405,#6406,#6407,#6408,#6409));
#1306=EDGE_LOOP('',(#6410,#6411,#6412,#6413,#6414,#6415,#6416,#6417,#6418,
#6419,#6420,#6421,#6422,#6423,#6424,#6425,#6426,#6427,#6428,#6429,#6430,
#6431,#6432,#6433,#6434,#6435,#6436,#6437,#6438,#6439));
#1307=EDGE_LOOP('',(#6440,#6441,#6442,#6443));
#1308=EDGE_LOOP('',(#6444,#6445,#6446,#6447));
#1309=EDGE_LOOP('',(#6448,#6449,#6450,#6451));
#1310=EDGE_LOOP('',(#6452,#6453,#6454,#6455));
#1311=EDGE_LOOP('',(#6456,#6457,#6458,#6459));
#1312=EDGE_LOOP('',(#6460,#6461,#6462,#6463));
#1313=EDGE_LOOP('',(#6464,#6465,#6466,#6467));
#1314=EDGE_LOOP('',(#6468,#6469,#6470,#6471));
#1315=EDGE_LOOP('',(#6472,#6473,#6474,#6475));
#1316=EDGE_LOOP('',(#6476,#6477,#6478,#6479));
#1317=EDGE_LOOP('',(#6480,#6481,#6482,#6483));
#1318=EDGE_LOOP('',(#6484,#6485,#6486,#6487));
#1319=EDGE_LOOP('',(#6488,#6489,#6490,#6491));
#1320=EDGE_LOOP('',(#6492,#6493,#6494,#6495));
#1321=EDGE_LOOP('',(#6496,#6497,#6498,#6499));
#1322=EDGE_LOOP('',(#6500,#6501,#6502,#6503));
#1323=EDGE_LOOP('',(#6504,#6505,#6506,#6507));
#1324=EDGE_LOOP('',(#6508,#6509,#6510,#6511));
#1325=EDGE_LOOP('',(#6512,#6513,#6514,#6515));
#1326=EDGE_LOOP('',(#6516,#6517,#6518,#6519));
#1327=EDGE_LOOP('',(#6520,#6521,#6522,#6523));
#1328=EDGE_LOOP('',(#6524,#6525,#6526,#6527));
#1329=EDGE_LOOP('',(#6528,#6529,#6530,#6531));
#1330=EDGE_LOOP('',(#6532,#6533,#6534,#6535));
#1331=EDGE_LOOP('',(#6536,#6537,#6538,#6539));
#1332=EDGE_LOOP('',(#6540,#6541,#6542,#6543));
#1333=EDGE_LOOP('',(#6544,#6545,#6546,#6547));
#1334=EDGE_LOOP('',(#6548,#6549,#6550,#6551));
#1335=EDGE_LOOP('',(#6552,#6553,#6554,#6555));
#1336=EDGE_LOOP('',(#6556,#6557,#6558,#6559));
#1337=EDGE_LOOP('',(#6560,#6561,#6562,#6563));
#1338=EDGE_LOOP('',(#6564,#6565,#6566,#6567));
#1339=EDGE_LOOP('',(#6568,#6569,#6570,#6571));
#1340=EDGE_LOOP('',(#6572,#6573,#6574,#6575,#6576,#6577,#6578,#6579,#6580,
#6581,#6582,#6583,#6584,#6585,#6586));
#1341=EDGE_LOOP('',(#6587,#6588,#6589,#6590,#6591,#6592,#6593,#6594,#6595));
#1342=EDGE_LOOP('',(#6596,#6597,#6598,#6599,#6600,#6601,#6602,#6603,#6604));
#1343=EDGE_LOOP('',(#6605,#6606,#6607,#6608,#6609,#6610,#6611,#6612,#6613,
#6614,#6615,#6616,#6617,#6618,#6619));
#1344=EDGE_LOOP('',(#6620,#6621,#6622,#6623,#6624,#6625,#6626,#6627,#6628));
#1345=EDGE_LOOP('',(#6629,#6630,#6631,#6632,#6633,#6634,#6635,#6636,#6637));
#1346=EDGE_LOOP('',(#6638,#6639,#6640,#6641));
#1347=EDGE_LOOP('',(#6642,#6643,#6644,#6645));
#1348=EDGE_LOOP('',(#6646,#6647,#6648,#6649));
#1349=EDGE_LOOP('',(#6650,#6651,#6652,#6653));
#1350=EDGE_LOOP('',(#6654,#6655,#6656,#6657));
#1351=EDGE_LOOP('',(#6658,#6659,#6660,#6661));
#1352=EDGE_LOOP('',(#6662,#6663,#6664,#6665,#6666,#6667));
#1353=EDGE_LOOP('',(#6668,#6669,#6670,#6671,#6672,#6673));
#1354=EDGE_LOOP('',(#6674,#6675,#6676,#6677));
#1355=EDGE_LOOP('',(#6678,#6679,#6680,#6681));
#1356=EDGE_LOOP('',(#6682,#6683,#6684,#6685));
#1357=EDGE_LOOP('',(#6686,#6687,#6688,#6689));
#1358=EDGE_LOOP('',(#6690,#6691,#6692,#6693));
#1359=EDGE_LOOP('',(#6694,#6695,#6696,#6697));
#1360=EDGE_LOOP('',(#6698,#6699,#6700,#6701));
#1361=EDGE_LOOP('',(#6702,#6703,#6704,#6705));
#1362=EDGE_LOOP('',(#6706,#6707,#6708,#6709,#6710,#6711,#6712,#6713));
#1363=EDGE_LOOP('',(#6714,#6715,#6716,#6717,#6718,#6719,#6720,#6721));
#1364=EDGE_LOOP('',(#6722,#6723,#6724,#6725));
#1365=EDGE_LOOP('',(#6726,#6727,#6728,#6729));
#1366=EDGE_LOOP('',(#6730,#6731,#6732,#6733));
#1367=EDGE_LOOP('',(#6734,#6735,#6736,#6737));
#1368=EDGE_LOOP('',(#6738,#6739,#6740,#6741));
#1369=EDGE_LOOP('',(#6742,#6743,#6744,#6745));
#1370=EDGE_LOOP('',(#6746,#6747,#6748,#6749));
#1371=EDGE_LOOP('',(#6750,#6751,#6752,#6753));
#1372=EDGE_LOOP('',(#6754,#6755,#6756,#6757));
#1373=EDGE_LOOP('',(#6758,#6759,#6760,#6761));
#1374=EDGE_LOOP('',(#6762,#6763,#6764,#6765));
#1375=EDGE_LOOP('',(#6766,#6767,#6768,#6769));
#1376=EDGE_LOOP('',(#6770,#6771,#6772,#6773,#6774,#6775,#6776,#6777,#6778,
#6779,#6780,#6781));
#1377=EDGE_LOOP('',(#6782,#6783,#6784,#6785,#6786,#6787,#6788,#6789,#6790,
#6791,#6792,#6793));
#1378=EDGE_LOOP('',(#6794,#6795,#6796,#6797));
#1379=EDGE_LOOP('',(#6798,#6799,#6800,#6801));
#1380=EDGE_LOOP('',(#6802,#6803,#6804,#6805));
#1381=EDGE_LOOP('',(#6806,#6807,#6808,#6809));
#1382=EDGE_LOOP('',(#6810,#6811,#6812,#6813));
#1383=EDGE_LOOP('',(#6814,#6815,#6816,#6817));
#1384=EDGE_LOOP('',(#6818,#6819,#6820,#6821));
#1385=EDGE_LOOP('',(#6822,#6823,#6824,#6825));
#1386=EDGE_LOOP('',(#6826,#6827,#6828,#6829));
#1387=EDGE_LOOP('',(#6830,#6831,#6832,#6833));
#1388=EDGE_LOOP('',(#6834,#6835,#6836,#6837));
#1389=EDGE_LOOP('',(#6838,#6839,#6840,#6841));
#1390=EDGE_LOOP('',(#6842,#6843,#6844,#6845,#6846,#6847,#6848,#6849,#6850,
#6851,#6852,#6853));
#1391=EDGE_LOOP('',(#6854,#6855,#6856,#6857,#6858,#6859,#6860,#6861,#6862,
#6863,#6864,#6865));
#1392=EDGE_LOOP('',(#6866,#6867,#6868,#6869));
#1393=EDGE_LOOP('',(#6870,#6871,#6872,#6873));
#1394=EDGE_LOOP('',(#6874,#6875,#6876,#6877));
#1395=EDGE_LOOP('',(#6878,#6879,#6880,#6881));
#1396=EDGE_LOOP('',(#6882,#6883,#6884,#6885));
#1397=EDGE_LOOP('',(#6886,#6887,#6888,#6889));
#1398=EDGE_LOOP('',(#6890,#6891,#6892,#6893));
#1399=EDGE_LOOP('',(#6894,#6895,#6896,#6897));
#1400=EDGE_LOOP('',(#6898,#6899,#6900,#6901));
#1401=EDGE_LOOP('',(#6902,#6903,#6904,#6905));
#1402=EDGE_LOOP('',(#6906,#6907,#6908,#6909));
#1403=EDGE_LOOP('',(#6910,#6911,#6912,#6913));
#1404=EDGE_LOOP('',(#6914,#6915,#6916,#6917));
#1405=EDGE_LOOP('',(#6918,#6919,#6920,#6921));
#1406=EDGE_LOOP('',(#6922,#6923,#6924,#6925));
#1407=EDGE_LOOP('',(#6926,#6927,#6928,#6929));
#1408=EDGE_LOOP('',(#6930,#6931,#6932,#6933));
#1409=EDGE_LOOP('',(#6934,#6935,#6936,#6937));
#1410=EDGE_LOOP('',(#6938,#6939,#6940,#6941));
#1411=EDGE_LOOP('',(#6942,#6943,#6944,#6945));
#1412=EDGE_LOOP('',(#6946,#6947,#6948,#6949));
#1413=EDGE_LOOP('',(#6950,#6951,#6952,#6953));
#1414=EDGE_LOOP('',(#6954,#6955,#6956,#6957));
#1415=EDGE_LOOP('',(#6958,#6959,#6960,#6961));
#1416=EDGE_LOOP('',(#6962,#6963,#6964,#6965));
#1417=EDGE_LOOP('',(#6966,#6967,#6968,#6969));
#1418=EDGE_LOOP('',(#6970,#6971,#6972,#6973));
#1419=EDGE_LOOP('',(#6974,#6975,#6976,#6977));
#1420=EDGE_LOOP('',(#6978,#6979,#6980,#6981));
#1421=EDGE_LOOP('',(#6982,#6983,#6984,#6985));
#1422=EDGE_LOOP('',(#6986,#6987,#6988,#6989,#6990,#6991,#6992,#6993,#6994,
#6995,#6996,#6997,#6998,#6999,#7000,#7001,#7002,#7003,#7004,#7005,#7006,
#7007,#7008,#7009,#7010,#7011,#7012,#7013,#7014,#7015));
#1423=EDGE_LOOP('',(#7016,#7017,#7018,#7019,#7020,#7021,#7022,#7023,#7024,
#7025,#7026,#7027,#7028,#7029,#7030,#7031,#7032,#7033,#7034,#7035,#7036,
#7037,#7038,#7039,#7040,#7041,#7042,#7043,#7044,#7045));
#1424=LINE('',#9323,#2182);
#1425=LINE('',#9325,#2183);
#1426=LINE('',#9327,#2184);
#1427=LINE('',#9328,#2185);
#1428=LINE('',#9331,#2186);
#1429=LINE('',#9333,#2187);
#1430=LINE('',#9335,#2188);
#1431=LINE('',#9337,#2189);
#1432=LINE('',#9339,#2190);
#1433=LINE('',#9341,#2191);
#1434=LINE('',#9343,#2192);
#1435=LINE('',#9345,#2193);
#1436=LINE('',#9347,#2194);
#1437=LINE('',#9348,#2195);
#1438=LINE('',#9352,#2196);
#1439=LINE('',#9354,#2197);
#1440=LINE('',#9356,#2198);
#1441=LINE('',#9358,#2199);
#1442=LINE('',#9360,#2200);
#1443=LINE('',#9362,#2201);
#1444=LINE('',#9363,#2202);
#1445=LINE('',#9366,#2203);
#1446=LINE('',#9368,#2204);
#1447=LINE('',#9369,#2205);
#1448=LINE('',#9372,#2206);
#1449=LINE('',#9373,#2207);
#1450=LINE('',#9374,#2208);
#1451=LINE('',#9376,#2209);
#1452=LINE('',#9378,#2210);
#1453=LINE('',#9380,#2211);
#1454=LINE('',#9383,#2212);
#1455=LINE('',#9384,#2213);
#1456=LINE('',#9386,#2214);
#1457=LINE('',#9390,#2215);
#1458=LINE('',#9392,#2216);
#1459=LINE('',#9394,#2217);
#1460=LINE('',#9395,#2218);
#1461=LINE('',#9398,#2219);
#1462=LINE('',#9400,#2220);
#1463=LINE('',#9401,#2221);
#1464=LINE('',#9404,#2222);
#1465=LINE('',#9406,#2223);
#1466=LINE('',#9407,#2224);
#1467=LINE('',#9409,#2225);
#1468=LINE('',#9410,#2226);
#1469=LINE('',#9413,#2227);
#1470=LINE('',#9416,#2228);
#1471=LINE('',#9418,#2229);
#1472=LINE('',#9420,#2230);
#1473=LINE('',#9422,#2231);
#1474=LINE('',#9424,#2232);
#1475=LINE('',#9426,#2233);
#1476=LINE('',#9427,#2234);
#1477=LINE('',#9429,#2235);
#1478=LINE('',#9431,#2236);
#1479=LINE('',#9433,#2237);
#1480=LINE('',#9434,#2238);
#1481=LINE('',#9436,#2239);
#1482=LINE('',#9439,#2240);
#1483=LINE('',#9441,#2241);
#1484=LINE('',#9442,#2242);
#1485=LINE('',#9445,#2243);
#1486=LINE('',#9449,#2244);
#1487=LINE('',#9453,#2245);
#1488=LINE('',#9457,#2246);
#1489=LINE('',#9461,#2247);
#1490=LINE('',#9463,#2248);
#1491=LINE('',#9464,#2249);
#1492=LINE('',#9468,#2250);
#1493=LINE('',#9471,#2251);
#1494=LINE('',#9472,#2252);
#1495=LINE('',#9476,#2253);
#1496=LINE('',#9479,#2254);
#1497=LINE('',#9480,#2255);
#1498=LINE('',#9484,#2256);
#1499=LINE('',#9487,#2257);
#1500=LINE('',#9488,#2258);
#1501=LINE('',#9497,#2259);
#1502=LINE('',#9500,#2260);
#1503=LINE('',#9503,#2261);
#1504=LINE('',#9505,#2262);
#1505=LINE('',#9506,#2263);
#1506=LINE('',#9509,#2264);
#1507=LINE('',#9513,#2265);
#1508=LINE('',#9515,#2266);
#1509=LINE('',#9517,#2267);
#1510=LINE('',#9519,#2268);
#1511=LINE('',#9521,#2269);
#1512=LINE('',#9523,#2270);
#1513=LINE('',#9525,#2271);
#1514=LINE('',#9527,#2272);
#1515=LINE('',#9529,#2273);
#1516=LINE('',#9531,#2274);
#1517=LINE('',#9533,#2275);
#1518=LINE('',#9535,#2276);
#1519=LINE('',#9537,#2277);
#1520=LINE('',#9539,#2278);
#1521=LINE('',#9541,#2279);
#1522=LINE('',#9543,#2280);
#1523=LINE('',#9545,#2281);
#1524=LINE('',#9549,#2282);
#1525=LINE('',#9553,#2283);
#1526=LINE('',#9557,#2284);
#1527=LINE('',#9558,#2285);
#1528=LINE('',#9561,#2286);
#1529=LINE('',#9565,#2287);
#1530=LINE('',#9569,#2288);
#1531=LINE('',#9572,#2289);
#1532=LINE('',#9573,#2290);
#1533=LINE('',#9577,#2291);
#1534=LINE('',#9579,#2292);
#1535=LINE('',#9582,#2293);
#1536=LINE('',#9584,#2294);
#1537=LINE('',#9585,#2295);
#1538=LINE('',#9588,#2296);
#1539=LINE('',#9589,#2297);
#1540=LINE('',#9592,#2298);
#1541=LINE('',#9593,#2299);
#1542=LINE('',#9596,#2300);
#1543=LINE('',#9597,#2301);
#1544=LINE('',#9600,#2302);
#1545=LINE('',#9601,#2303);
#1546=LINE('',#9604,#2304);
#1547=LINE('',#9606,#2305);
#1548=LINE('',#9607,#2306);
#1549=LINE('',#9609,#2307);
#1550=LINE('',#9610,#2308);
#1551=LINE('',#9612,#2309);
#1552=LINE('',#9613,#2310);
#1553=LINE('',#9616,#2311);
#1554=LINE('',#9618,#2312);
#1555=LINE('',#9619,#2313);
#1556=LINE('',#9622,#2314);
#1557=LINE('',#9623,#2315);
#1558=LINE('',#9625,#2316);
#1559=LINE('',#9629,#2317);
#1560=LINE('',#9633,#2318);
#1561=LINE('',#9634,#2319);
#1562=LINE('',#9636,#2320);
#1563=LINE('',#9641,#2321);
#1564=LINE('',#9644,#2322);
#1565=LINE('',#9647,#2323);
#1566=LINE('',#9651,#2324);
#1567=LINE('',#9652,#2325);
#1568=LINE('',#9655,#2326);
#1569=LINE('',#9658,#2327);
#1570=LINE('',#9660,#2328);
#1571=LINE('',#9662,#2329);
#1572=LINE('',#9664,#2330);
#1573=LINE('',#9672,#2331);
#1574=LINE('',#9674,#2332);
#1575=LINE('',#9676,#2333);
#1576=LINE('',#9677,#2334);
#1577=LINE('',#9680,#2335);
#1578=LINE('',#9682,#2336);
#1579=LINE('',#9683,#2337);
#1580=LINE('',#9686,#2338);
#1581=LINE('',#9688,#2339);
#1582=LINE('',#9689,#2340);
#1583=LINE('',#9692,#2341);
#1584=LINE('',#9694,#2342);
#1585=LINE('',#9695,#2343);
#1586=LINE('',#9698,#2344);
#1587=LINE('',#9700,#2345);
#1588=LINE('',#9701,#2346);
#1589=LINE('',#9704,#2347);
#1590=LINE('',#9706,#2348);
#1591=LINE('',#9707,#2349);
#1592=LINE('',#9710,#2350);
#1593=LINE('',#9712,#2351);
#1594=LINE('',#9713,#2352);
#1595=LINE('',#9716,#2353);
#1596=LINE('',#9718,#2354);
#1597=LINE('',#9719,#2355);
#1598=LINE('',#9722,#2356);
#1599=LINE('',#9724,#2357);
#1600=LINE('',#9725,#2358);
#1601=LINE('',#9728,#2359);
#1602=LINE('',#9730,#2360);
#1603=LINE('',#9731,#2361);
#1604=LINE('',#9734,#2362);
#1605=LINE('',#9736,#2363);
#1606=LINE('',#9737,#2364);
#1607=LINE('',#9739,#2365);
#1608=LINE('',#9740,#2366);
#1609=LINE('',#9745,#2367);
#1610=LINE('',#9747,#2368);
#1611=LINE('',#9749,#2369);
#1612=LINE('',#9750,#2370);
#1613=LINE('',#9753,#2371);
#1614=LINE('',#9755,#2372);
#1615=LINE('',#9756,#2373);
#1616=LINE('',#9759,#2374);
#1617=LINE('',#9761,#2375);
#1618=LINE('',#9762,#2376);
#1619=LINE('',#9765,#2377);
#1620=LINE('',#9767,#2378);
#1621=LINE('',#9768,#2379);
#1622=LINE('',#9771,#2380);
#1623=LINE('',#9773,#2381);
#1624=LINE('',#9774,#2382);
#1625=LINE('',#9776,#2383);
#1626=LINE('',#9777,#2384);
#1627=LINE('',#9782,#2385);
#1628=LINE('',#9784,#2386);
#1629=LINE('',#9786,#2387);
#1630=LINE('',#9787,#2388);
#1631=LINE('',#9790,#2389);
#1632=LINE('',#9792,#2390);
#1633=LINE('',#9793,#2391);
#1634=LINE('',#9796,#2392);
#1635=LINE('',#9798,#2393);
#1636=LINE('',#9799,#2394);
#1637=LINE('',#9802,#2395);
#1638=LINE('',#9804,#2396);
#1639=LINE('',#9805,#2397);
#1640=LINE('',#9808,#2398);
#1641=LINE('',#9810,#2399);
#1642=LINE('',#9811,#2400);
#1643=LINE('',#9814,#2401);
#1644=LINE('',#9816,#2402);
#1645=LINE('',#9817,#2403);
#1646=LINE('',#9820,#2404);
#1647=LINE('',#9822,#2405);
#1648=LINE('',#9823,#2406);
#1649=LINE('',#9825,#2407);
#1650=LINE('',#9826,#2408);
#1651=LINE('',#9846,#2409);
#1652=LINE('',#9853,#2410);
#1653=LINE('',#9871,#2411);
#1654=LINE('',#9894,#2412);
#1655=LINE('',#9917,#2413);
#1656=LINE('',#9940,#2414);
#1657=LINE('',#9963,#2415);
#1658=LINE('',#9971,#2416);
#1659=LINE('',#9973,#2417);
#1660=LINE('',#9974,#2418);
#1661=LINE('',#9977,#2419);
#1662=LINE('',#9979,#2420);
#1663=LINE('',#9980,#2421);
#1664=LINE('',#9982,#2422);
#1665=LINE('',#9983,#2423);
#1666=LINE('',#10002,#2424);
#1667=LINE('',#10009,#2425);
#1668=LINE('',#10027,#2426);
#1669=LINE('',#10050,#2427);
#1670=LINE('',#10073,#2428);
#1671=LINE('',#10096,#2429);
#1672=LINE('',#10119,#2430);
#1673=LINE('',#10127,#2431);
#1674=LINE('',#10129,#2432);
#1675=LINE('',#10130,#2433);
#1676=LINE('',#10133,#2434);
#1677=LINE('',#10135,#2435);
#1678=LINE('',#10136,#2436);
#1679=LINE('',#10138,#2437);
#1680=LINE('',#10139,#2438);
#1681=LINE('',#10143,#2439);
#1682=LINE('',#10145,#2440);
#1683=LINE('',#10147,#2441);
#1684=LINE('',#10148,#2442);
#1685=LINE('',#10166,#2443);
#1686=LINE('',#10189,#2444);
#1687=LINE('',#10212,#2445);
#1688=LINE('',#10235,#2446);
#1689=LINE('',#10258,#2447);
#1690=LINE('',#10281,#2448);
#1691=LINE('',#10304,#2449);
#1692=LINE('',#10327,#2450);
#1693=LINE('',#10350,#2451);
#1694=LINE('',#10373,#2452);
#1695=LINE('',#10396,#2453);
#1696=LINE('',#10419,#2454);
#1697=LINE('',#10427,#2455);
#1698=LINE('',#10429,#2456);
#1699=LINE('',#10430,#2457);
#1700=LINE('',#10432,#2458);
#1701=LINE('',#10433,#2459);
#1702=LINE('',#10455,#2460);
#1703=LINE('',#10462,#2461);
#1704=LINE('',#10480,#2462);
#1705=LINE('',#10503,#2463);
#1706=LINE('',#10526,#2464);
#1707=LINE('',#10549,#2465);
#1708=LINE('',#10572,#2466);
#1709=LINE('',#10595,#2467);
#1710=LINE('',#10618,#2468);
#1711=LINE('',#10641,#2469);
#1712=LINE('',#10664,#2470);
#1713=LINE('',#10687,#2471);
#1714=LINE('',#10710,#2472);
#1715=LINE('',#10733,#2473);
#1716=LINE('',#10741,#2474);
#1717=LINE('',#10743,#2475);
#1718=LINE('',#10744,#2476);
#1719=LINE('',#10762,#2477);
#1720=LINE('',#10785,#2478);
#1721=LINE('',#10808,#2479);
#1722=LINE('',#10831,#2480);
#1723=LINE('',#10854,#2481);
#1724=LINE('',#10877,#2482);
#1725=LINE('',#10900,#2483);
#1726=LINE('',#10923,#2484);
#1727=LINE('',#10946,#2485);
#1728=LINE('',#10969,#2486);
#1729=LINE('',#10992,#2487);
#1730=LINE('',#11015,#2488);
#1731=LINE('',#11038,#2489);
#1732=LINE('',#11061,#2490);
#1733=LINE('',#11069,#2491);
#1734=LINE('',#11071,#2492);
#1735=LINE('',#11072,#2493);
#1736=LINE('',#11097,#2494);
#1737=LINE('',#11099,#2495);
#1738=LINE('',#11101,#2496);
#1739=LINE('',#11102,#2497);
#1740=LINE('',#11105,#2498);
#1741=LINE('',#11107,#2499);
#1742=LINE('',#11108,#2500);
#1743=LINE('',#11111,#2501);
#1744=LINE('',#11113,#2502);
#1745=LINE('',#11114,#2503);
#1746=LINE('',#11117,#2504);
#1747=LINE('',#11119,#2505);
#1748=LINE('',#11120,#2506);
#1749=LINE('',#11123,#2507);
#1750=LINE('',#11125,#2508);
#1751=LINE('',#11126,#2509);
#1752=LINE('',#11129,#2510);
#1753=LINE('',#11131,#2511);
#1754=LINE('',#11132,#2512);
#1755=LINE('',#11135,#2513);
#1756=LINE('',#11137,#2514);
#1757=LINE('',#11138,#2515);
#1758=LINE('',#11141,#2516);
#1759=LINE('',#11143,#2517);
#1760=LINE('',#11144,#2518);
#1761=LINE('',#11147,#2519);
#1762=LINE('',#11149,#2520);
#1763=LINE('',#11150,#2521);
#1764=LINE('',#11153,#2522);
#1765=LINE('',#11155,#2523);
#1766=LINE('',#11156,#2524);
#1767=LINE('',#11159,#2525);
#1768=LINE('',#11161,#2526);
#1769=LINE('',#11162,#2527);
#1770=LINE('',#11164,#2528);
#1771=LINE('',#11165,#2529);
#1772=LINE('',#11170,#2530);
#1773=LINE('',#11172,#2531);
#1774=LINE('',#11174,#2532);
#1775=LINE('',#11175,#2533);
#1776=LINE('',#11178,#2534);
#1777=LINE('',#11180,#2535);
#1778=LINE('',#11181,#2536);
#1779=LINE('',#11184,#2537);
#1780=LINE('',#11186,#2538);
#1781=LINE('',#11187,#2539);
#1782=LINE('',#11190,#2540);
#1783=LINE('',#11192,#2541);
#1784=LINE('',#11193,#2542);
#1785=LINE('',#11196,#2543);
#1786=LINE('',#11198,#2544);
#1787=LINE('',#11199,#2545);
#1788=LINE('',#11202,#2546);
#1789=LINE('',#11204,#2547);
#1790=LINE('',#11205,#2548);
#1791=LINE('',#11208,#2549);
#1792=LINE('',#11210,#2550);
#1793=LINE('',#11211,#2551);
#1794=LINE('',#11214,#2552);
#1795=LINE('',#11216,#2553);
#1796=LINE('',#11217,#2554);
#1797=LINE('',#11220,#2555);
#1798=LINE('',#11222,#2556);
#1799=LINE('',#11223,#2557);
#1800=LINE('',#11225,#2558);
#1801=LINE('',#11226,#2559);
#1802=LINE('',#11246,#2560);
#1803=LINE('',#11253,#2561);
#1804=LINE('',#11271,#2562);
#1805=LINE('',#11294,#2563);
#1806=LINE('',#11317,#2564);
#1807=LINE('',#11340,#2565);
#1808=LINE('',#11363,#2566);
#1809=LINE('',#11386,#2567);
#1810=LINE('',#11409,#2568);
#1811=LINE('',#11432,#2569);
#1812=LINE('',#11455,#2570);
#1813=LINE('',#11478,#2571);
#1814=LINE('',#11501,#2572);
#1815=LINE('',#11524,#2573);
#1816=LINE('',#11532,#2574);
#1817=LINE('',#11534,#2575);
#1818=LINE('',#11535,#2576);
#1819=LINE('',#11553,#2577);
#1820=LINE('',#11576,#2578);
#1821=LINE('',#11599,#2579);
#1822=LINE('',#11622,#2580);
#1823=LINE('',#11645,#2581);
#1824=LINE('',#11668,#2582);
#1825=LINE('',#11691,#2583);
#1826=LINE('',#11714,#2584);
#1827=LINE('',#11737,#2585);
#1828=LINE('',#11760,#2586);
#1829=LINE('',#11783,#2587);
#1830=LINE('',#11806,#2588);
#1831=LINE('',#11829,#2589);
#1832=LINE('',#11852,#2590);
#1833=LINE('',#11860,#2591);
#1834=LINE('',#11862,#2592);
#1835=LINE('',#11863,#2593);
#1836=LINE('',#11889,#2594);
#1837=LINE('',#11896,#2595);
#1838=LINE('',#11899,#2596);
#1839=LINE('',#11902,#2597);
#1840=LINE('',#11904,#2598);
#1841=LINE('',#11905,#2599);
#1842=LINE('',#11908,#2600);
#1843=LINE('',#11912,#2601);
#1844=LINE('',#11916,#2602);
#1845=LINE('',#11918,#2603);
#1846=LINE('',#11920,#2604);
#1847=LINE('',#11922,#2605);
#1848=LINE('',#11924,#2606);
#1849=LINE('',#11926,#2607);
#1850=LINE('',#11928,#2608);
#1851=LINE('',#11930,#2609);
#1852=LINE('',#11932,#2610);
#1853=LINE('',#11934,#2611);
#1854=LINE('',#11936,#2612);
#1855=LINE('',#11938,#2613);
#1856=LINE('',#11940,#2614);
#1857=LINE('',#11942,#2615);
#1858=LINE('',#11944,#2616);
#1859=LINE('',#11946,#2617);
#1860=LINE('',#11948,#2618);
#1861=LINE('',#11954,#2619);
#1862=LINE('',#11955,#2620);
#1863=LINE('',#11958,#2621);
#1864=LINE('',#11959,#2622);
#1865=LINE('',#11963,#2623);
#1866=LINE('',#11967,#2624);
#1867=LINE('',#11969,#2625);
#1868=LINE('',#11970,#2626);
#1869=LINE('',#11973,#2627);
#1870=LINE('',#11975,#2628);
#1871=LINE('',#11976,#2629);
#1872=LINE('',#11979,#2630);
#1873=LINE('',#11981,#2631);
#1874=LINE('',#11982,#2632);
#1875=LINE('',#11985,#2633);
#1876=LINE('',#11986,#2634);
#1877=LINE('',#11989,#2635);
#1878=LINE('',#11990,#2636);
#1879=LINE('',#11993,#2637);
#1880=LINE('',#11994,#2638);
#1881=LINE('',#11997,#2639);
#1882=LINE('',#11998,#2640);
#1883=LINE('',#12001,#2641);
#1884=LINE('',#12003,#2642);
#1885=LINE('',#12005,#2643);
#1886=LINE('',#12007,#2644);
#1887=LINE('',#12009,#2645);
#1888=LINE('',#12010,#2646);
#1889=LINE('',#12013,#2647);
#1890=LINE('',#12015,#2648);
#1891=LINE('',#12016,#2649);
#1892=LINE('',#12019,#2650);
#1893=LINE('',#12020,#2651);
#1894=LINE('',#12022,#2652);
#1895=LINE('',#12026,#2653);
#1896=LINE('',#12030,#2654);
#1897=LINE('',#12031,#2655);
#1898=LINE('',#12034,#2656);
#1899=LINE('',#12036,#2657);
#1900=LINE('',#12037,#2658);
#1901=LINE('',#12040,#2659);
#1902=LINE('',#12041,#2660);
#1903=LINE('',#12043,#2661);
#1904=LINE('',#12047,#2662);
#1905=LINE('',#12053,#2663);
#1906=LINE('',#12056,#2664);
#1907=LINE('',#12058,#2665);
#1908=LINE('',#12059,#2666);
#1909=LINE('',#12061,#2667);
#1910=LINE('',#12065,#2668);
#1911=LINE('',#12068,#2669);
#1912=LINE('',#12071,#2670);
#1913=LINE('',#12072,#2671);
#1914=LINE('',#12075,#2672);
#1915=LINE('',#12076,#2673);
#1916=LINE('',#12078,#2674);
#1917=LINE('',#12082,#2675);
#1918=LINE('',#12084,#2676);
#1919=LINE('',#12092,#2677);
#1920=LINE('',#12094,#2678);
#1921=LINE('',#12096,#2679);
#1922=LINE('',#12097,#2680);
#1923=LINE('',#12100,#2681);
#1924=LINE('',#12102,#2682);
#1925=LINE('',#12103,#2683);
#1926=LINE('',#12106,#2684);
#1927=LINE('',#12108,#2685);
#1928=LINE('',#12109,#2686);
#1929=LINE('',#12112,#2687);
#1930=LINE('',#12114,#2688);
#1931=LINE('',#12115,#2689);
#1932=LINE('',#12118,#2690);
#1933=LINE('',#12120,#2691);
#1934=LINE('',#12121,#2692);
#1935=LINE('',#12124,#2693);
#1936=LINE('',#12126,#2694);
#1937=LINE('',#12127,#2695);
#1938=LINE('',#12130,#2696);
#1939=LINE('',#12132,#2697);
#1940=LINE('',#12133,#2698);
#1941=LINE('',#12136,#2699);
#1942=LINE('',#12138,#2700);
#1943=LINE('',#12139,#2701);
#1944=LINE('',#12142,#2702);
#1945=LINE('',#12144,#2703);
#1946=LINE('',#12145,#2704);
#1947=LINE('',#12147,#2705);
#1948=LINE('',#12148,#2706);
#1949=LINE('',#12169,#2707);
#1950=LINE('',#12176,#2708);
#1951=LINE('',#12199,#2709);
#1952=LINE('',#12222,#2710);
#1953=LINE('',#12245,#2711);
#1954=LINE('',#12268,#2712);
#1955=LINE('',#12291,#2713);
#1956=LINE('',#12314,#2714);
#1957=LINE('',#12337,#2715);
#1958=LINE('',#12360,#2716);
#1959=LINE('',#12383,#2717);
#1960=LINE('',#12406,#2718);
#1961=LINE('',#12429,#2719);
#1962=LINE('',#12452,#2720);
#1963=LINE('',#12455,#2721);
#1964=LINE('',#12457,#2722);
#1965=LINE('',#12458,#2723);
#1966=LINE('',#12481,#2724);
#1967=LINE('',#12504,#2725);
#1968=LINE('',#12527,#2726);
#1969=LINE('',#12550,#2727);
#1970=LINE('',#12573,#2728);
#1971=LINE('',#12596,#2729);
#1972=LINE('',#12619,#2730);
#1973=LINE('',#12642,#2731);
#1974=LINE('',#12665,#2732);
#1975=LINE('',#12688,#2733);
#1976=LINE('',#12711,#2734);
#1977=LINE('',#12734,#2735);
#1978=LINE('',#12757,#2736);
#1979=LINE('',#12780,#2737);
#1980=LINE('',#12783,#2738);
#1981=LINE('',#12785,#2739);
#1982=LINE('',#12786,#2740);
#1983=LINE('',#12827,#2741);
#1984=LINE('',#12834,#2742);
#1985=LINE('',#12857,#2743);
#1986=LINE('',#12880,#2744);
#1987=LINE('',#12903,#2745);
#1988=LINE('',#12926,#2746);
#1989=LINE('',#12949,#2747);
#1990=LINE('',#12952,#2748);
#1991=LINE('',#12954,#2749);
#1992=LINE('',#12955,#2750);
#1993=LINE('',#12958,#2751);
#1994=LINE('',#12960,#2752);
#1995=LINE('',#12961,#2753);
#1996=LINE('',#12963,#2754);
#1997=LINE('',#12964,#2755);
#1998=LINE('',#12983,#2756);
#1999=LINE('',#12990,#2757);
#2000=LINE('',#13013,#2758);
#2001=LINE('',#13036,#2759);
#2002=LINE('',#13059,#2760);
#2003=LINE('',#13082,#2761);
#2004=LINE('',#13105,#2762);
#2005=LINE('',#13108,#2763);
#2006=LINE('',#13110,#2764);
#2007=LINE('',#13111,#2765);
#2008=LINE('',#13114,#2766);
#2009=LINE('',#13116,#2767);
#2010=LINE('',#13117,#2768);
#2011=LINE('',#13119,#2769);
#2012=LINE('',#13120,#2770);
#2013=LINE('',#13124,#2771);
#2014=LINE('',#13126,#2772);
#2015=LINE('',#13128,#2773);
#2016=LINE('',#13129,#2774);
#2017=LINE('',#13152,#2775);
#2018=LINE('',#13175,#2776);
#2019=LINE('',#13198,#2777);
#2020=LINE('',#13221,#2778);
#2021=LINE('',#13244,#2779);
#2022=LINE('',#13267,#2780);
#2023=LINE('',#13290,#2781);
#2024=LINE('',#13313,#2782);
#2025=LINE('',#13336,#2783);
#2026=LINE('',#13359,#2784);
#2027=LINE('',#13382,#2785);
#2028=LINE('',#13405,#2786);
#2029=LINE('',#13408,#2787);
#2030=LINE('',#13410,#2788);
#2031=LINE('',#13411,#2789);
#2032=LINE('',#13413,#2790);
#2033=LINE('',#13414,#2791);
#2034=LINE('',#13420,#2792);
#2035=LINE('',#13422,#2793);
#2036=LINE('',#13424,#2794);
#2037=LINE('',#13425,#2795);
#2038=LINE('',#13428,#2796);
#2039=LINE('',#13430,#2797);
#2040=LINE('',#13431,#2798);
#2041=LINE('',#13434,#2799);
#2042=LINE('',#13436,#2800);
#2043=LINE('',#13437,#2801);
#2044=LINE('',#13440,#2802);
#2045=LINE('',#13442,#2803);
#2046=LINE('',#13443,#2804);
#2047=LINE('',#13446,#2805);
#2048=LINE('',#13448,#2806);
#2049=LINE('',#13449,#2807);
#2050=LINE('',#13451,#2808);
#2051=LINE('',#13452,#2809);
#2052=LINE('',#13458,#2810);
#2053=LINE('',#13460,#2811);
#2054=LINE('',#13462,#2812);
#2055=LINE('',#13463,#2813);
#2056=LINE('',#13466,#2814);
#2057=LINE('',#13468,#2815);
#2058=LINE('',#13469,#2816);
#2059=LINE('',#13472,#2817);
#2060=LINE('',#13474,#2818);
#2061=LINE('',#13475,#2819);
#2062=LINE('',#13478,#2820);
#2063=LINE('',#13480,#2821);
#2064=LINE('',#13481,#2822);
#2065=LINE('',#13484,#2823);
#2066=LINE('',#13486,#2824);
#2067=LINE('',#13487,#2825);
#2068=LINE('',#13490,#2826);
#2069=LINE('',#13492,#2827);
#2070=LINE('',#13493,#2828);
#2071=LINE('',#13496,#2829);
#2072=LINE('',#13498,#2830);
#2073=LINE('',#13499,#2831);
#2074=LINE('',#13501,#2832);
#2075=LINE('',#13502,#2833);
#2076=LINE('',#13508,#2834);
#2077=LINE('',#13510,#2835);
#2078=LINE('',#13512,#2836);
#2079=LINE('',#13513,#2837);
#2080=LINE('',#13516,#2838);
#2081=LINE('',#13518,#2839);
#2082=LINE('',#13519,#2840);
#2083=LINE('',#13522,#2841);
#2084=LINE('',#13524,#2842);
#2085=LINE('',#13525,#2843);
#2086=LINE('',#13528,#2844);
#2087=LINE('',#13530,#2845);
#2088=LINE('',#13531,#2846);
#2089=LINE('',#13534,#2847);
#2090=LINE('',#13536,#2848);
#2091=LINE('',#13537,#2849);
#2092=LINE('',#13540,#2850);
#2093=LINE('',#13542,#2851);
#2094=LINE('',#13543,#2852);
#2095=LINE('',#13546,#2853);
#2096=LINE('',#13548,#2854);
#2097=LINE('',#13549,#2855);
#2098=LINE('',#13552,#2856);
#2099=LINE('',#13554,#2857);
#2100=LINE('',#13555,#2858);
#2101=LINE('',#13558,#2859);
#2102=LINE('',#13560,#2860);
#2103=LINE('',#13561,#2861);
#2104=LINE('',#13564,#2862);
#2105=LINE('',#13566,#2863);
#2106=LINE('',#13567,#2864);
#2107=LINE('',#13570,#2865);
#2108=LINE('',#13572,#2866);
#2109=LINE('',#13573,#2867);
#2110=LINE('',#13575,#2868);
#2111=LINE('',#13576,#2869);
#2112=LINE('',#13582,#2870);
#2113=LINE('',#13584,#2871);
#2114=LINE('',#13586,#2872);
#2115=LINE('',#13587,#2873);
#2116=LINE('',#13590,#2874);
#2117=LINE('',#13592,#2875);
#2118=LINE('',#13593,#2876);
#2119=LINE('',#13596,#2877);
#2120=LINE('',#13598,#2878);
#2121=LINE('',#13599,#2879);
#2122=LINE('',#13602,#2880);
#2123=LINE('',#13604,#2881);
#2124=LINE('',#13605,#2882);
#2125=LINE('',#13608,#2883);
#2126=LINE('',#13610,#2884);
#2127=LINE('',#13611,#2885);
#2128=LINE('',#13614,#2886);
#2129=LINE('',#13616,#2887);
#2130=LINE('',#13617,#2888);
#2131=LINE('',#13620,#2889);
#2132=LINE('',#13622,#2890);
#2133=LINE('',#13623,#2891);
#2134=LINE('',#13626,#2892);
#2135=LINE('',#13628,#2893);
#2136=LINE('',#13629,#2894);
#2137=LINE('',#13632,#2895);
#2138=LINE('',#13634,#2896);
#2139=LINE('',#13635,#2897);
#2140=LINE('',#13638,#2898);
#2141=LINE('',#13640,#2899);
#2142=LINE('',#13641,#2900);
#2143=LINE('',#13644,#2901);
#2144=LINE('',#13646,#2902);
#2145=LINE('',#13647,#2903);
#2146=LINE('',#13649,#2904);
#2147=LINE('',#13650,#2905);
#2148=LINE('',#13671,#2906);
#2149=LINE('',#13678,#2907);
#2150=LINE('',#13701,#2908);
#2151=LINE('',#13724,#2909);
#2152=LINE('',#13747,#2910);
#2153=LINE('',#13770,#2911);
#2154=LINE('',#13793,#2912);
#2155=LINE('',#13816,#2913);
#2156=LINE('',#13839,#2914);
#2157=LINE('',#13862,#2915);
#2158=LINE('',#13885,#2916);
#2159=LINE('',#13908,#2917);
#2160=LINE('',#13931,#2918);
#2161=LINE('',#13954,#2919);
#2162=LINE('',#13957,#2920);
#2163=LINE('',#13959,#2921);
#2164=LINE('',#13960,#2922);
#2165=LINE('',#13983,#2923);
#2166=LINE('',#14006,#2924);
#2167=LINE('',#14029,#2925);
#2168=LINE('',#14052,#2926);
#2169=LINE('',#14075,#2927);
#2170=LINE('',#14098,#2928);
#2171=LINE('',#14121,#2929);
#2172=LINE('',#14144,#2930);
#2173=LINE('',#14167,#2931);
#2174=LINE('',#14190,#2932);
#2175=LINE('',#14213,#2933);
#2176=LINE('',#14236,#2934);
#2177=LINE('',#14259,#2935);
#2178=LINE('',#14282,#2936);
#2179=LINE('',#14285,#2937);
#2180=LINE('',#14287,#2938);
#2181=LINE('',#14288,#2939);
#2182=VECTOR('',#7989,10.);
#2183=VECTOR('',#7990,10.);
#2184=VECTOR('',#7991,10.);
#2185=VECTOR('',#7992,10.);
#2186=VECTOR('',#7995,10.);
#2187=VECTOR('',#7996,10.);
#2188=VECTOR('',#7997,10.);
#2189=VECTOR('',#7998,10.);
#2190=VECTOR('',#7999,10.);
#2191=VECTOR('',#8000,10.);
#2192=VECTOR('',#8001,10.);
#2193=VECTOR('',#8002,10.);
#2194=VECTOR('',#8003,10.);
#2195=VECTOR('',#8004,10.);
#2196=VECTOR('',#8007,10.);
#2197=VECTOR('',#8008,10.);
#2198=VECTOR('',#8009,10.);
#2199=VECTOR('',#8010,10.);
#2200=VECTOR('',#8011,10.);
#2201=VECTOR('',#8012,10.);
#2202=VECTOR('',#8013,10.);
#2203=VECTOR('',#8016,10.);
#2204=VECTOR('',#8017,10.);
#2205=VECTOR('',#8018,10.);
#2206=VECTOR('',#8021,10.);
#2207=VECTOR('',#8022,10.);
#2208=VECTOR('',#8023,10.);
#2209=VECTOR('',#8026,10.);
#2210=VECTOR('',#8029,10.);
#2211=VECTOR('',#8032,10.);
#2212=VECTOR('',#8035,10.);
#2213=VECTOR('',#8036,10.);
#2214=VECTOR('',#8039,10.);
#2215=VECTOR('',#8042,10.);
#2216=VECTOR('',#8043,10.);
#2217=VECTOR('',#8044,10.);
#2218=VECTOR('',#8045,10.);
#2219=VECTOR('',#8048,10.);
#2220=VECTOR('',#8049,10.);
#2221=VECTOR('',#8050,10.);
#2222=VECTOR('',#8053,10.);
#2223=VECTOR('',#8054,10.);
#2224=VECTOR('',#8055,10.);
#2225=VECTOR('',#8058,10.);
#2226=VECTOR('',#8059,10.);
#2227=VECTOR('',#8064,10.);
#2228=VECTOR('',#8067,10.);
#2229=VECTOR('',#8068,10.);
#2230=VECTOR('',#8069,10.);
#2231=VECTOR('',#8070,10.);
#2232=VECTOR('',#8071,10.);
#2233=VECTOR('',#8072,10.);
#2234=VECTOR('',#8073,10.);
#2235=VECTOR('',#8076,10.);
#2236=VECTOR('',#8077,10.);
#2237=VECTOR('',#8078,10.);
#2238=VECTOR('',#8079,10.);
#2239=VECTOR('',#8082,10.);
#2240=VECTOR('',#8085,10.);
#2241=VECTOR('',#8086,10.);
#2242=VECTOR('',#8087,10.);
#2243=VECTOR('',#8088,10.);
#2244=VECTOR('',#8091,10.);
#2245=VECTOR('',#8094,10.);
#2246=VECTOR('',#8097,10.);
#2247=VECTOR('',#8102,10.);
#2248=VECTOR('',#8103,10.);
#2249=VECTOR('',#8104,10.);
#2250=VECTOR('',#8109,10.);
#2251=VECTOR('',#8112,10.);
#2252=VECTOR('',#8113,10.);
#2253=VECTOR('',#8118,10.);
#2254=VECTOR('',#8121,10.);
#2255=VECTOR('',#8122,10.);
#2256=VECTOR('',#8127,10.);
#2257=VECTOR('',#8130,10.);
#2258=VECTOR('',#8131,10.);
#2259=VECTOR('',#8142,10.);
#2260=VECTOR('',#8145,10.);
#2261=VECTOR('',#8148,10.);
#2262=VECTOR('',#8149,10.);
#2263=VECTOR('',#8150,10.);
#2264=VECTOR('',#8153,10.);
#2265=VECTOR('',#8156,10.);
#2266=VECTOR('',#8157,10.);
#2267=VECTOR('',#8158,10.);
#2268=VECTOR('',#8159,10.);
#2269=VECTOR('',#8160,10.);
#2270=VECTOR('',#8161,10.);
#2271=VECTOR('',#8162,10.);
#2272=VECTOR('',#8163,10.);
#2273=VECTOR('',#8164,10.);
#2274=VECTOR('',#8165,10.);
#2275=VECTOR('',#8166,10.);
#2276=VECTOR('',#8167,10.);
#2277=VECTOR('',#8168,10.);
#2278=VECTOR('',#8169,10.);
#2279=VECTOR('',#8170,10.);
#2280=VECTOR('',#8171,10.);
#2281=VECTOR('',#8172,10.);
#2282=VECTOR('',#8175,10.);
#2283=VECTOR('',#8180,10.);
#2284=VECTOR('',#8185,10.);
#2285=VECTOR('',#8186,10.);
#2286=VECTOR('',#8189,10.);
#2287=VECTOR('',#8194,10.);
#2288=VECTOR('',#8197,10.);
#2289=VECTOR('',#8200,10.);
#2290=VECTOR('',#8201,10.);
#2291=VECTOR('',#8206,10.);
#2292=VECTOR('',#8209,10.);
#2293=VECTOR('',#8212,10.);
#2294=VECTOR('',#8213,10.);
#2295=VECTOR('',#8214,10.);
#2296=VECTOR('',#8217,10.);
#2297=VECTOR('',#8218,10.);
#2298=VECTOR('',#8221,10.);
#2299=VECTOR('',#8222,10.);
#2300=VECTOR('',#8225,10.);
#2301=VECTOR('',#8226,10.);
#2302=VECTOR('',#8229,10.);
#2303=VECTOR('',#8230,10.);
#2304=VECTOR('',#8233,10.);
#2305=VECTOR('',#8234,10.);
#2306=VECTOR('',#8235,10.);
#2307=VECTOR('',#8238,10.);
#2308=VECTOR('',#8239,10.);
#2309=VECTOR('',#8240,10.);
#2310=VECTOR('',#8241,10.);
#2311=VECTOR('',#8244,10.);
#2312=VECTOR('',#8245,10.);
#2313=VECTOR('',#8246,10.);
#2314=VECTOR('',#8249,10.);
#2315=VECTOR('',#8250,10.);
#2316=VECTOR('',#8251,10.);
#2317=VECTOR('',#8254,10.);
#2318=VECTOR('',#8259,10.);
#2319=VECTOR('',#8260,10.);
#2320=VECTOR('',#8263,10.);
#2321=VECTOR('',#8268,10.);
#2322=VECTOR('',#8271,10.);
#2323=VECTOR('',#8274,10.);
#2324=VECTOR('',#8279,10.);
#2325=VECTOR('',#8280,10.);
#2326=VECTOR('',#8283,10.);
#2327=VECTOR('',#8288,10.);
#2328=VECTOR('',#8291,10.);
#2329=VECTOR('',#8294,10.);
#2330=VECTOR('',#8297,10.);
#2331=VECTOR('',#8308,10.);
#2332=VECTOR('',#8309,10.);
#2333=VECTOR('',#8310,10.);
#2334=VECTOR('',#8311,10.);
#2335=VECTOR('',#8314,10.);
#2336=VECTOR('',#8315,10.);
#2337=VECTOR('',#8316,10.);
#2338=VECTOR('',#8319,10.);
#2339=VECTOR('',#8320,10.);
#2340=VECTOR('',#8321,10.);
#2341=VECTOR('',#8324,10.);
#2342=VECTOR('',#8325,10.);
#2343=VECTOR('',#8326,10.);
#2344=VECTOR('',#8329,10.);
#2345=VECTOR('',#8330,10.);
#2346=VECTOR('',#8331,10.);
#2347=VECTOR('',#8334,10.);
#2348=VECTOR('',#8335,10.);
#2349=VECTOR('',#8336,10.);
#2350=VECTOR('',#8339,10.);
#2351=VECTOR('',#8340,10.);
#2352=VECTOR('',#8341,10.);
#2353=VECTOR('',#8344,10.);
#2354=VECTOR('',#8345,10.);
#2355=VECTOR('',#8346,10.);
#2356=VECTOR('',#8349,10.);
#2357=VECTOR('',#8350,10.);
#2358=VECTOR('',#8351,10.);
#2359=VECTOR('',#8354,10.);
#2360=VECTOR('',#8355,10.);
#2361=VECTOR('',#8356,10.);
#2362=VECTOR('',#8359,10.);
#2363=VECTOR('',#8360,10.);
#2364=VECTOR('',#8361,10.);
#2365=VECTOR('',#8364,10.);
#2366=VECTOR('',#8365,10.);
#2367=VECTOR('',#8370,10.);
#2368=VECTOR('',#8371,10.);
#2369=VECTOR('',#8372,10.);
#2370=VECTOR('',#8373,10.);
#2371=VECTOR('',#8376,10.);
#2372=VECTOR('',#8377,10.);
#2373=VECTOR('',#8378,10.);
#2374=VECTOR('',#8381,10.);
#2375=VECTOR('',#8382,10.);
#2376=VECTOR('',#8383,10.);
#2377=VECTOR('',#8386,10.);
#2378=VECTOR('',#8387,10.);
#2379=VECTOR('',#8388,10.);
#2380=VECTOR('',#8391,10.);
#2381=VECTOR('',#8392,10.);
#2382=VECTOR('',#8393,10.);
#2383=VECTOR('',#8396,10.);
#2384=VECTOR('',#8397,10.);
#2385=VECTOR('',#8402,10.);
#2386=VECTOR('',#8403,10.);
#2387=VECTOR('',#8404,10.);
#2388=VECTOR('',#8405,10.);
#2389=VECTOR('',#8408,10.);
#2390=VECTOR('',#8409,10.);
#2391=VECTOR('',#8410,10.);
#2392=VECTOR('',#8413,10.);
#2393=VECTOR('',#8414,10.);
#2394=VECTOR('',#8415,10.);
#2395=VECTOR('',#8418,10.);
#2396=VECTOR('',#8419,10.);
#2397=VECTOR('',#8420,10.);
#2398=VECTOR('',#8423,10.);
#2399=VECTOR('',#8424,10.);
#2400=VECTOR('',#8425,10.);
#2401=VECTOR('',#8428,10.);
#2402=VECTOR('',#8429,10.);
#2403=VECTOR('',#8430,10.);
#2404=VECTOR('',#8433,10.);
#2405=VECTOR('',#8434,10.);
#2406=VECTOR('',#8435,10.);
#2407=VECTOR('',#8438,10.);
#2408=VECTOR('',#8439,10.);
#2409=VECTOR('',#8442,10.);
#2410=VECTOR('',#8443,10.);
#2411=VECTOR('',#8444,10.);
#2412=VECTOR('',#8445,10.);
#2413=VECTOR('',#8446,10.);
#2414=VECTOR('',#8447,10.);
#2415=VECTOR('',#8448,10.);
#2416=VECTOR('',#8451,10.);
#2417=VECTOR('',#8452,10.);
#2418=VECTOR('',#8453,10.);
#2419=VECTOR('',#8456,10.);
#2420=VECTOR('',#8457,10.);
#2421=VECTOR('',#8458,10.);
#2422=VECTOR('',#8461,10.);
#2423=VECTOR('',#8462,10.);
#2424=VECTOR('',#8463,10.);
#2425=VECTOR('',#8464,10.);
#2426=VECTOR('',#8465,10.);
#2427=VECTOR('',#8466,10.);
#2428=VECTOR('',#8467,10.);
#2429=VECTOR('',#8468,10.);
#2430=VECTOR('',#8469,10.);
#2431=VECTOR('',#8472,10.);
#2432=VECTOR('',#8473,10.);
#2433=VECTOR('',#8474,10.);
#2434=VECTOR('',#8477,10.);
#2435=VECTOR('',#8478,10.);
#2436=VECTOR('',#8479,10.);
#2437=VECTOR('',#8482,10.);
#2438=VECTOR('',#8483,10.);
#2439=VECTOR('',#8486,10.);
#2440=VECTOR('',#8487,10.);
#2441=VECTOR('',#8488,10.);
#2442=VECTOR('',#8489,10.);
#2443=VECTOR('',#8490,10.);
#2444=VECTOR('',#8491,10.);
#2445=VECTOR('',#8492,10.);
#2446=VECTOR('',#8493,10.);
#2447=VECTOR('',#8494,10.);
#2448=VECTOR('',#8495,10.);
#2449=VECTOR('',#8496,10.);
#2450=VECTOR('',#8497,10.);
#2451=VECTOR('',#8498,10.);
#2452=VECTOR('',#8499,10.);
#2453=VECTOR('',#8500,10.);
#2454=VECTOR('',#8501,10.);
#2455=VECTOR('',#8504,10.);
#2456=VECTOR('',#8505,10.);
#2457=VECTOR('',#8506,10.);
#2458=VECTOR('',#8509,10.);
#2459=VECTOR('',#8510,10.);
#2460=VECTOR('',#8517,10.);
#2461=VECTOR('',#8518,10.);
#2462=VECTOR('',#8519,10.);
#2463=VECTOR('',#8520,10.);
#2464=VECTOR('',#8521,10.);
#2465=VECTOR('',#8522,10.);
#2466=VECTOR('',#8523,10.);
#2467=VECTOR('',#8524,10.);
#2468=VECTOR('',#8525,10.);
#2469=VECTOR('',#8526,10.);
#2470=VECTOR('',#8527,10.);
#2471=VECTOR('',#8528,10.);
#2472=VECTOR('',#8529,10.);
#2473=VECTOR('',#8530,10.);
#2474=VECTOR('',#8533,10.);
#2475=VECTOR('',#8534,10.);
#2476=VECTOR('',#8535,10.);
#2477=VECTOR('',#8536,10.);
#2478=VECTOR('',#8537,10.);
#2479=VECTOR('',#8538,10.);
#2480=VECTOR('',#8539,10.);
#2481=VECTOR('',#8540,10.);
#2482=VECTOR('',#8541,10.);
#2483=VECTOR('',#8542,10.);
#2484=VECTOR('',#8543,10.);
#2485=VECTOR('',#8544,10.);
#2486=VECTOR('',#8545,10.);
#2487=VECTOR('',#8546,10.);
#2488=VECTOR('',#8547,10.);
#2489=VECTOR('',#8548,10.);
#2490=VECTOR('',#8549,10.);
#2491=VECTOR('',#8552,10.);
#2492=VECTOR('',#8553,10.);
#2493=VECTOR('',#8554,10.);
#2494=VECTOR('',#8559,10.);
#2495=VECTOR('',#8560,10.);
#2496=VECTOR('',#8561,10.);
#2497=VECTOR('',#8562,10.);
#2498=VECTOR('',#8565,10.);
#2499=VECTOR('',#8566,10.);
#2500=VECTOR('',#8567,10.);
#2501=VECTOR('',#8570,10.);
#2502=VECTOR('',#8571,10.);
#2503=VECTOR('',#8572,10.);
#2504=VECTOR('',#8575,10.);
#2505=VECTOR('',#8576,10.);
#2506=VECTOR('',#8577,10.);
#2507=VECTOR('',#8580,10.);
#2508=VECTOR('',#8581,10.);
#2509=VECTOR('',#8582,10.);
#2510=VECTOR('',#8585,10.);
#2511=VECTOR('',#8586,10.);
#2512=VECTOR('',#8587,10.);
#2513=VECTOR('',#8590,10.);
#2514=VECTOR('',#8591,10.);
#2515=VECTOR('',#8592,10.);
#2516=VECTOR('',#8595,10.);
#2517=VECTOR('',#8596,10.);
#2518=VECTOR('',#8597,10.);
#2519=VECTOR('',#8600,10.);
#2520=VECTOR('',#8601,10.);
#2521=VECTOR('',#8602,10.);
#2522=VECTOR('',#8605,10.);
#2523=VECTOR('',#8606,10.);
#2524=VECTOR('',#8607,10.);
#2525=VECTOR('',#8610,10.);
#2526=VECTOR('',#8611,10.);
#2527=VECTOR('',#8612,10.);
#2528=VECTOR('',#8615,10.);
#2529=VECTOR('',#8616,10.);
#2530=VECTOR('',#8621,10.);
#2531=VECTOR('',#8622,10.);
#2532=VECTOR('',#8623,10.);
#2533=VECTOR('',#8624,10.);
#2534=VECTOR('',#8627,10.);
#2535=VECTOR('',#8628,10.);
#2536=VECTOR('',#8629,10.);
#2537=VECTOR('',#8632,10.);
#2538=VECTOR('',#8633,10.);
#2539=VECTOR('',#8634,10.);
#2540=VECTOR('',#8637,10.);
#2541=VECTOR('',#8638,10.);
#2542=VECTOR('',#8639,10.);
#2543=VECTOR('',#8642,10.);
#2544=VECTOR('',#8643,10.);
#2545=VECTOR('',#8644,10.);
#2546=VECTOR('',#8647,10.);
#2547=VECTOR('',#8648,10.);
#2548=VECTOR('',#8649,10.);
#2549=VECTOR('',#8652,10.);
#2550=VECTOR('',#8653,10.);
#2551=VECTOR('',#8654,10.);
#2552=VECTOR('',#8657,10.);
#2553=VECTOR('',#8658,10.);
#2554=VECTOR('',#8659,10.);
#2555=VECTOR('',#8662,10.);
#2556=VECTOR('',#8663,10.);
#2557=VECTOR('',#8664,10.);
#2558=VECTOR('',#8667,10.);
#2559=VECTOR('',#8668,10.);
#2560=VECTOR('',#8671,10.);
#2561=VECTOR('',#8672,10.);
#2562=VECTOR('',#8673,10.);
#2563=VECTOR('',#8674,10.);
#2564=VECTOR('',#8675,10.);
#2565=VECTOR('',#8676,10.);
#2566=VECTOR('',#8677,10.);
#2567=VECTOR('',#8678,10.);
#2568=VECTOR('',#8679,10.);
#2569=VECTOR('',#8680,10.);
#2570=VECTOR('',#8681,10.);
#2571=VECTOR('',#8682,10.);
#2572=VECTOR('',#8683,10.);
#2573=VECTOR('',#8684,10.);
#2574=VECTOR('',#8687,10.);
#2575=VECTOR('',#8688,10.);
#2576=VECTOR('',#8689,10.);
#2577=VECTOR('',#8690,10.);
#2578=VECTOR('',#8691,10.);
#2579=VECTOR('',#8692,10.);
#2580=VECTOR('',#8693,10.);
#2581=VECTOR('',#8694,10.);
#2582=VECTOR('',#8695,10.);
#2583=VECTOR('',#8696,10.);
#2584=VECTOR('',#8697,10.);
#2585=VECTOR('',#8698,10.);
#2586=VECTOR('',#8699,10.);
#2587=VECTOR('',#8700,10.);
#2588=VECTOR('',#8701,10.);
#2589=VECTOR('',#8702,10.);
#2590=VECTOR('',#8703,10.);
#2591=VECTOR('',#8706,10.);
#2592=VECTOR('',#8707,10.);
#2593=VECTOR('',#8708,10.);
#2594=VECTOR('',#8715,1.);
#2595=VECTOR('',#8722,10.);
#2596=VECTOR('',#8725,10.);
#2597=VECTOR('',#8728,10.);
#2598=VECTOR('',#8729,10.);
#2599=VECTOR('',#8730,10.);
#2600=VECTOR('',#8733,10.);
#2601=VECTOR('',#8736,10.);
#2602=VECTOR('',#8739,10.);
#2603=VECTOR('',#8740,10.);
#2604=VECTOR('',#8741,10.);
#2605=VECTOR('',#8742,10.);
#2606=VECTOR('',#8743,10.);
#2607=VECTOR('',#8744,10.);
#2608=VECTOR('',#8745,10.);
#2609=VECTOR('',#8746,10.);
#2610=VECTOR('',#8747,10.);
#2611=VECTOR('',#8748,10.);
#2612=VECTOR('',#8749,10.);
#2613=VECTOR('',#8750,10.);
#2614=VECTOR('',#8751,10.);
#2615=VECTOR('',#8752,10.);
#2616=VECTOR('',#8753,10.);
#2617=VECTOR('',#8754,10.);
#2618=VECTOR('',#8755,10.);
#2619=VECTOR('',#8762,10.);
#2620=VECTOR('',#8763,10.);
#2621=VECTOR('',#8766,10.);
#2622=VECTOR('',#8767,10.);
#2623=VECTOR('',#8772,10.);
#2624=VECTOR('',#8777,10.);
#2625=VECTOR('',#8780,10.);
#2626=VECTOR('',#8781,10.);
#2627=VECTOR('',#8784,10.);
#2628=VECTOR('',#8785,10.);
#2629=VECTOR('',#8786,10.);
#2630=VECTOR('',#8789,10.);
#2631=VECTOR('',#8790,10.);
#2632=VECTOR('',#8791,10.);
#2633=VECTOR('',#8794,10.);
#2634=VECTOR('',#8795,10.);
#2635=VECTOR('',#8798,10.);
#2636=VECTOR('',#8799,10.);
#2637=VECTOR('',#8802,10.);
#2638=VECTOR('',#8803,10.);
#2639=VECTOR('',#8806,10.);
#2640=VECTOR('',#8807,10.);
#2641=VECTOR('',#8810,10.);
#2642=VECTOR('',#8811,10.);
#2643=VECTOR('',#8812,10.);
#2644=VECTOR('',#8813,10.);
#2645=VECTOR('',#8814,10.);
#2646=VECTOR('',#8815,10.);
#2647=VECTOR('',#8818,10.);
#2648=VECTOR('',#8819,10.);
#2649=VECTOR('',#8820,10.);
#2650=VECTOR('',#8823,10.);
#2651=VECTOR('',#8824,10.);
#2652=VECTOR('',#8825,10.);
#2653=VECTOR('',#8828,10.);
#2654=VECTOR('',#8833,10.);
#2655=VECTOR('',#8834,10.);
#2656=VECTOR('',#8837,10.);
#2657=VECTOR('',#8838,10.);
#2658=VECTOR('',#8839,10.);
#2659=VECTOR('',#8842,10.);
#2660=VECTOR('',#8843,10.);
#2661=VECTOR('',#8844,10.);
#2662=VECTOR('',#8847,10.);
#2663=VECTOR('',#8854,10.);
#2664=VECTOR('',#8857,10.);
#2665=VECTOR('',#8858,10.);
#2666=VECTOR('',#8859,10.);
#2667=VECTOR('',#8862,10.);
#2668=VECTOR('',#8867,10.);
#2669=VECTOR('',#8872,10.);
#2670=VECTOR('',#8875,10.);
#2671=VECTOR('',#8876,10.);
#2672=VECTOR('',#8879,10.);
#2673=VECTOR('',#8880,10.);
#2674=VECTOR('',#8883,10.);
#2675=VECTOR('',#8890,10.);
#2676=VECTOR('',#8893,10.);
#2677=VECTOR('',#8904,10.);
#2678=VECTOR('',#8905,10.);
#2679=VECTOR('',#8906,10.);
#2680=VECTOR('',#8907,10.);
#2681=VECTOR('',#8910,10.);
#2682=VECTOR('',#8911,10.);
#2683=VECTOR('',#8912,10.);
#2684=VECTOR('',#8915,10.);
#2685=VECTOR('',#8916,10.);
#2686=VECTOR('',#8917,10.);
#2687=VECTOR('',#8920,10.);
#2688=VECTOR('',#8921,10.);
#2689=VECTOR('',#8922,10.);
#2690=VECTOR('',#8925,10.);
#2691=VECTOR('',#8926,10.);
#2692=VECTOR('',#8927,10.);
#2693=VECTOR('',#8930,10.);
#2694=VECTOR('',#8931,10.);
#2695=VECTOR('',#8932,10.);
#2696=VECTOR('',#8935,10.);
#2697=VECTOR('',#8936,10.);
#2698=VECTOR('',#8937,10.);
#2699=VECTOR('',#8940,10.);
#2700=VECTOR('',#8941,10.);
#2701=VECTOR('',#8942,10.);
#2702=VECTOR('',#8945,10.);
#2703=VECTOR('',#8946,10.);
#2704=VECTOR('',#8947,10.);
#2705=VECTOR('',#8950,10.);
#2706=VECTOR('',#8951,10.);
#2707=VECTOR('',#8956,10.);
#2708=VECTOR('',#8957,10.);
#2709=VECTOR('',#8958,10.);
#2710=VECTOR('',#8959,10.);
#2711=VECTOR('',#8960,10.);
#2712=VECTOR('',#8961,10.);
#2713=VECTOR('',#8962,10.);
#2714=VECTOR('',#8963,10.);
#2715=VECTOR('',#8964,10.);
#2716=VECTOR('',#8965,10.);
#2717=VECTOR('',#8966,10.);
#2718=VECTOR('',#8967,10.);
#2719=VECTOR('',#8968,10.);
#2720=VECTOR('',#8969,10.);
#2721=VECTOR('',#8972,10.);
#2722=VECTOR('',#8973,10.);
#2723=VECTOR('',#8974,10.);
#2724=VECTOR('',#8975,10.);
#2725=VECTOR('',#8976,10.);
#2726=VECTOR('',#8977,10.);
#2727=VECTOR('',#8978,10.);
#2728=VECTOR('',#8979,10.);
#2729=VECTOR('',#8980,10.);
#2730=VECTOR('',#8981,10.);
#2731=VECTOR('',#8982,10.);
#2732=VECTOR('',#8983,10.);
#2733=VECTOR('',#8984,10.);
#2734=VECTOR('',#8985,10.);
#2735=VECTOR('',#8986,10.);
#2736=VECTOR('',#8987,10.);
#2737=VECTOR('',#8988,10.);
#2738=VECTOR('',#8991,10.);
#2739=VECTOR('',#8992,10.);
#2740=VECTOR('',#8993,10.);
#2741=VECTOR('',#8998,10.);
#2742=VECTOR('',#8999,10.);
#2743=VECTOR('',#9000,10.);
#2744=VECTOR('',#9001,10.);
#2745=VECTOR('',#9002,10.);
#2746=VECTOR('',#9003,10.);
#2747=VECTOR('',#9004,10.);
#2748=VECTOR('',#9007,10.);
#2749=VECTOR('',#9008,10.);
#2750=VECTOR('',#9009,10.);
#2751=VECTOR('',#9012,10.);
#2752=VECTOR('',#9013,10.);
#2753=VECTOR('',#9014,10.);
#2754=VECTOR('',#9017,10.);
#2755=VECTOR('',#9018,10.);
#2756=VECTOR('',#9019,10.);
#2757=VECTOR('',#9020,10.);
#2758=VECTOR('',#9021,10.);
#2759=VECTOR('',#9022,10.);
#2760=VECTOR('',#9023,10.);
#2761=VECTOR('',#9024,10.);
#2762=VECTOR('',#9025,10.);
#2763=VECTOR('',#9028,10.);
#2764=VECTOR('',#9029,10.);
#2765=VECTOR('',#9030,10.);
#2766=VECTOR('',#9033,10.);
#2767=VECTOR('',#9034,10.);
#2768=VECTOR('',#9035,10.);
#2769=VECTOR('',#9038,10.);
#2770=VECTOR('',#9039,10.);
#2771=VECTOR('',#9042,10.);
#2772=VECTOR('',#9043,10.);
#2773=VECTOR('',#9044,10.);
#2774=VECTOR('',#9045,10.);
#2775=VECTOR('',#9046,10.);
#2776=VECTOR('',#9047,10.);
#2777=VECTOR('',#9048,10.);
#2778=VECTOR('',#9049,10.);
#2779=VECTOR('',#9050,10.);
#2780=VECTOR('',#9051,10.);
#2781=VECTOR('',#9052,10.);
#2782=VECTOR('',#9053,10.);
#2783=VECTOR('',#9054,10.);
#2784=VECTOR('',#9055,10.);
#2785=VECTOR('',#9056,10.);
#2786=VECTOR('',#9057,10.);
#2787=VECTOR('',#9060,10.);
#2788=VECTOR('',#9061,10.);
#2789=VECTOR('',#9062,10.);
#2790=VECTOR('',#9065,10.);
#2791=VECTOR('',#9066,10.);
#2792=VECTOR('',#9073,10.);
#2793=VECTOR('',#9074,10.);
#2794=VECTOR('',#9075,10.);
#2795=VECTOR('',#9076,10.);
#2796=VECTOR('',#9079,10.);
#2797=VECTOR('',#9080,10.);
#2798=VECTOR('',#9081,10.);
#2799=VECTOR('',#9084,10.);
#2800=VECTOR('',#9085,10.);
#2801=VECTOR('',#9086,10.);
#2802=VECTOR('',#9089,10.);
#2803=VECTOR('',#9090,10.);
#2804=VECTOR('',#9091,10.);
#2805=VECTOR('',#9094,10.);
#2806=VECTOR('',#9095,10.);
#2807=VECTOR('',#9096,10.);
#2808=VECTOR('',#9099,10.);
#2809=VECTOR('',#9100,10.);
#2810=VECTOR('',#9107,10.);
#2811=VECTOR('',#9108,10.);
#2812=VECTOR('',#9109,10.);
#2813=VECTOR('',#9110,10.);
#2814=VECTOR('',#9113,10.);
#2815=VECTOR('',#9114,10.);
#2816=VECTOR('',#9115,10.);
#2817=VECTOR('',#9118,10.);
#2818=VECTOR('',#9119,10.);
#2819=VECTOR('',#9120,10.);
#2820=VECTOR('',#9123,10.);
#2821=VECTOR('',#9124,10.);
#2822=VECTOR('',#9125,10.);
#2823=VECTOR('',#9128,10.);
#2824=VECTOR('',#9129,10.);
#2825=VECTOR('',#9130,10.);
#2826=VECTOR('',#9133,10.);
#2827=VECTOR('',#9134,10.);
#2828=VECTOR('',#9135,10.);
#2829=VECTOR('',#9138,10.);
#2830=VECTOR('',#9139,10.);
#2831=VECTOR('',#9140,10.);
#2832=VECTOR('',#9143,10.);
#2833=VECTOR('',#9144,10.);
#2834=VECTOR('',#9151,10.);
#2835=VECTOR('',#9152,10.);
#2836=VECTOR('',#9153,10.);
#2837=VECTOR('',#9154,10.);
#2838=VECTOR('',#9157,10.);
#2839=VECTOR('',#9158,10.);
#2840=VECTOR('',#9159,10.);
#2841=VECTOR('',#9162,10.);
#2842=VECTOR('',#9163,10.);
#2843=VECTOR('',#9164,10.);
#2844=VECTOR('',#9167,10.);
#2845=VECTOR('',#9168,10.);
#2846=VECTOR('',#9169,10.);
#2847=VECTOR('',#9172,10.);
#2848=VECTOR('',#9173,10.);
#2849=VECTOR('',#9174,10.);
#2850=VECTOR('',#9177,10.);
#2851=VECTOR('',#9178,10.);
#2852=VECTOR('',#9179,10.);
#2853=VECTOR('',#9182,10.);
#2854=VECTOR('',#9183,10.);
#2855=VECTOR('',#9184,10.);
#2856=VECTOR('',#9187,10.);
#2857=VECTOR('',#9188,10.);
#2858=VECTOR('',#9189,10.);
#2859=VECTOR('',#9192,10.);
#2860=VECTOR('',#9193,10.);
#2861=VECTOR('',#9194,10.);
#2862=VECTOR('',#9197,10.);
#2863=VECTOR('',#9198,10.);
#2864=VECTOR('',#9199,10.);
#2865=VECTOR('',#9202,10.);
#2866=VECTOR('',#9203,10.);
#2867=VECTOR('',#9204,10.);
#2868=VECTOR('',#9207,10.);
#2869=VECTOR('',#9208,10.);
#2870=VECTOR('',#9215,10.);
#2871=VECTOR('',#9216,10.);
#2872=VECTOR('',#9217,10.);
#2873=VECTOR('',#9218,10.);
#2874=VECTOR('',#9221,10.);
#2875=VECTOR('',#9222,10.);
#2876=VECTOR('',#9223,10.);
#2877=VECTOR('',#9226,10.);
#2878=VECTOR('',#9227,10.);
#2879=VECTOR('',#9228,10.);
#2880=VECTOR('',#9231,10.);
#2881=VECTOR('',#9232,10.);
#2882=VECTOR('',#9233,10.);
#2883=VECTOR('',#9236,10.);
#2884=VECTOR('',#9237,10.);
#2885=VECTOR('',#9238,10.);
#2886=VECTOR('',#9241,10.);
#2887=VECTOR('',#9242,10.);
#2888=VECTOR('',#9243,10.);
#2889=VECTOR('',#9246,10.);
#2890=VECTOR('',#9247,10.);
#2891=VECTOR('',#9248,10.);
#2892=VECTOR('',#9251,10.);
#2893=VECTOR('',#9252,10.);
#2894=VECTOR('',#9253,10.);
#2895=VECTOR('',#9256,10.);
#2896=VECTOR('',#9257,10.);
#2897=VECTOR('',#9258,10.);
#2898=VECTOR('',#9261,10.);
#2899=VECTOR('',#9262,10.);
#2900=VECTOR('',#9263,10.);
#2901=VECTOR('',#9266,10.);
#2902=VECTOR('',#9267,10.);
#2903=VECTOR('',#9268,10.);
#2904=VECTOR('',#9271,10.);
#2905=VECTOR('',#9272,10.);
#2906=VECTOR('',#9277,10.);
#2907=VECTOR('',#9278,10.);
#2908=VECTOR('',#9279,10.);
#2909=VECTOR('',#9280,10.);
#2910=VECTOR('',#9281,10.);
#2911=VECTOR('',#9282,10.);
#2912=VECTOR('',#9283,10.);
#2913=VECTOR('',#9284,10.);
#2914=VECTOR('',#9285,10.);
#2915=VECTOR('',#9286,10.);
#2916=VECTOR('',#9287,10.);
#2917=VECTOR('',#9288,10.);
#2918=VECTOR('',#9289,10.);
#2919=VECTOR('',#9290,10.);
#2920=VECTOR('',#9293,10.);
#2921=VECTOR('',#9294,10.);
#2922=VECTOR('',#9295,10.);
#2923=VECTOR('',#9296,10.);
#2924=VECTOR('',#9297,10.);
#2925=VECTOR('',#9298,10.);
#2926=VECTOR('',#9299,10.);
#2927=VECTOR('',#9300,10.);
#2928=VECTOR('',#9301,10.);
#2929=VECTOR('',#9302,10.);
#2930=VECTOR('',#9303,10.);
#2931=VECTOR('',#9304,10.);
#2932=VECTOR('',#9305,10.);
#2933=VECTOR('',#9306,10.);
#2934=VECTOR('',#9307,10.);
#2935=VECTOR('',#9308,10.);
#2936=VECTOR('',#9309,10.);
#2937=VECTOR('',#9312,10.);
#2938=VECTOR('',#9313,10.);
#2939=VECTOR('',#9314,10.);
#2940=VERTEX_POINT('',#9321);
#2941=VERTEX_POINT('',#9322);
#2942=VERTEX_POINT('',#9324);
#2943=VERTEX_POINT('',#9326);
#2944=VERTEX_POINT('',#9330);
#2945=VERTEX_POINT('',#9332);
#2946=VERTEX_POINT('',#9334);
#2947=VERTEX_POINT('',#9336);
#2948=VERTEX_POINT('',#9338);
#2949=VERTEX_POINT('',#9340);
#2950=VERTEX_POINT('',#9342);
#2951=VERTEX_POINT('',#9344);
#2952=VERTEX_POINT('',#9346);
#2953=VERTEX_POINT('',#9350);
#2954=VERTEX_POINT('',#9351);
#2955=VERTEX_POINT('',#9353);
#2956=VERTEX_POINT('',#9355);
#2957=VERTEX_POINT('',#9357);
#2958=VERTEX_POINT('',#9359);
#2959=VERTEX_POINT('',#9361);
#2960=VERTEX_POINT('',#9365);
#2961=VERTEX_POINT('',#9367);
#2962=VERTEX_POINT('',#9371);
#2963=VERTEX_POINT('',#9382);
#2964=VERTEX_POINT('',#9388);
#2965=VERTEX_POINT('',#9389);
#2966=VERTEX_POINT('',#9391);
#2967=VERTEX_POINT('',#9393);
#2968=VERTEX_POINT('',#9397);
#2969=VERTEX_POINT('',#9399);
#2970=VERTEX_POINT('',#9403);
#2971=VERTEX_POINT('',#9405);
#2972=VERTEX_POINT('',#9415);
#2973=VERTEX_POINT('',#9417);
#2974=VERTEX_POINT('',#9419);
#2975=VERTEX_POINT('',#9421);
#2976=VERTEX_POINT('',#9423);
#2977=VERTEX_POINT('',#9425);
#2978=VERTEX_POINT('',#9430);
#2979=VERTEX_POINT('',#9432);
#2980=VERTEX_POINT('',#9438);
#2981=VERTEX_POINT('',#9440);
#2982=VERTEX_POINT('',#9443);
#2983=VERTEX_POINT('',#9444);
#2984=VERTEX_POINT('',#9446);
#2985=VERTEX_POINT('',#9448);
#2986=VERTEX_POINT('',#9450);
#2987=VERTEX_POINT('',#9452);
#2988=VERTEX_POINT('',#9454);
#2989=VERTEX_POINT('',#9456);
#2990=VERTEX_POINT('',#9460);
#2991=VERTEX_POINT('',#9462);
#2992=VERTEX_POINT('',#9466);
#2993=VERTEX_POINT('',#9470);
#2994=VERTEX_POINT('',#9474);
#2995=VERTEX_POINT('',#9478);
#2996=VERTEX_POINT('',#9482);
#2997=VERTEX_POINT('',#9486);
#2998=VERTEX_POINT('',#9493);
#2999=VERTEX_POINT('',#9494);
#3000=VERTEX_POINT('',#9496);
#3001=VERTEX_POINT('',#9498);
#3002=VERTEX_POINT('',#9502);
#3003=VERTEX_POINT('',#9504);
#3004=VERTEX_POINT('',#9508);
#3005=VERTEX_POINT('',#9510);
#3006=VERTEX_POINT('',#9512);
#3007=VERTEX_POINT('',#9514);
#3008=VERTEX_POINT('',#9516);
#3009=VERTEX_POINT('',#9518);
#3010=VERTEX_POINT('',#9520);
#3011=VERTEX_POINT('',#9522);
#3012=VERTEX_POINT('',#9524);
#3013=VERTEX_POINT('',#9526);
#3014=VERTEX_POINT('',#9528);
#3015=VERTEX_POINT('',#9530);
#3016=VERTEX_POINT('',#9532);
#3017=VERTEX_POINT('',#9534);
#3018=VERTEX_POINT('',#9536);
#3019=VERTEX_POINT('',#9538);
#3020=VERTEX_POINT('',#9540);
#3021=VERTEX_POINT('',#9542);
#3022=VERTEX_POINT('',#9544);
#3023=VERTEX_POINT('',#9546);
#3024=VERTEX_POINT('',#9548);
#3025=VERTEX_POINT('',#9552);
#3026=VERTEX_POINT('',#9556);
#3027=VERTEX_POINT('',#9560);
#3028=VERTEX_POINT('',#9564);
#3029=VERTEX_POINT('',#9566);
#3030=VERTEX_POINT('',#9568);
#3031=VERTEX_POINT('',#9571);
#3032=VERTEX_POINT('',#9575);
#3033=VERTEX_POINT('',#9581);
#3034=VERTEX_POINT('',#9583);
#3035=VERTEX_POINT('',#9587);
#3036=VERTEX_POINT('',#9591);
#3037=VERTEX_POINT('',#9595);
#3038=VERTEX_POINT('',#9599);
#3039=VERTEX_POINT('',#9603);
#3040=VERTEX_POINT('',#9605);
#3041=VERTEX_POINT('',#9611);
#3042=VERTEX_POINT('',#9615);
#3043=VERTEX_POINT('',#9617);
#3044=VERTEX_POINT('',#9621);
#3045=VERTEX_POINT('',#9624);
#3046=VERTEX_POINT('',#9626);
#3047=VERTEX_POINT('',#9628);
#3048=VERTEX_POINT('',#9632);
#3049=VERTEX_POINT('',#9638);
#3050=VERTEX_POINT('',#9640);
#3051=VERTEX_POINT('',#9642);
#3052=VERTEX_POINT('',#9646);
#3053=VERTEX_POINT('',#9650);
#3054=VERTEX_POINT('',#9654);
#3055=VERTEX_POINT('',#9670);
#3056=VERTEX_POINT('',#9671);
#3057=VERTEX_POINT('',#9673);
#3058=VERTEX_POINT('',#9675);
#3059=VERTEX_POINT('',#9679);
#3060=VERTEX_POINT('',#9681);
#3061=VERTEX_POINT('',#9685);
#3062=VERTEX_POINT('',#9687);
#3063=VERTEX_POINT('',#9691);
#3064=VERTEX_POINT('',#9693);
#3065=VERTEX_POINT('',#9697);
#3066=VERTEX_POINT('',#9699);
#3067=VERTEX_POINT('',#9703);
#3068=VERTEX_POINT('',#9705);
#3069=VERTEX_POINT('',#9709);
#3070=VERTEX_POINT('',#9711);
#3071=VERTEX_POINT('',#9715);
#3072=VERTEX_POINT('',#9717);
#3073=VERTEX_POINT('',#9721);
#3074=VERTEX_POINT('',#9723);
#3075=VERTEX_POINT('',#9727);
#3076=VERTEX_POINT('',#9729);
#3077=VERTEX_POINT('',#9733);
#3078=VERTEX_POINT('',#9735);
#3079=VERTEX_POINT('',#9743);
#3080=VERTEX_POINT('',#9744);
#3081=VERTEX_POINT('',#9746);
#3082=VERTEX_POINT('',#9748);
#3083=VERTEX_POINT('',#9752);
#3084=VERTEX_POINT('',#9754);
#3085=VERTEX_POINT('',#9758);
#3086=VERTEX_POINT('',#9760);
#3087=VERTEX_POINT('',#9764);
#3088=VERTEX_POINT('',#9766);
#3089=VERTEX_POINT('',#9770);
#3090=VERTEX_POINT('',#9772);
#3091=VERTEX_POINT('',#9780);
#3092=VERTEX_POINT('',#9781);
#3093=VERTEX_POINT('',#9783);
#3094=VERTEX_POINT('',#9785);
#3095=VERTEX_POINT('',#9789);
#3096=VERTEX_POINT('',#9791);
#3097=VERTEX_POINT('',#9795);
#3098=VERTEX_POINT('',#9797);
#3099=VERTEX_POINT('',#9801);
#3100=VERTEX_POINT('',#9803);
#3101=VERTEX_POINT('',#9807);
#3102=VERTEX_POINT('',#9809);
#3103=VERTEX_POINT('',#9813);
#3104=VERTEX_POINT('',#9815);
#3105=VERTEX_POINT('',#9819);
#3106=VERTEX_POINT('',#9821);
#3107=VERTEX_POINT('',#9838);
#3108=VERTEX_POINT('',#9839);
#3109=VERTEX_POINT('',#9845);
#3110=VERTEX_POINT('',#9847);
#3111=VERTEX_POINT('',#9864);
#3112=VERTEX_POINT('',#9870);
#3113=VERTEX_POINT('',#9887);
#3114=VERTEX_POINT('',#9893);
#3115=VERTEX_POINT('',#9910);
#3116=VERTEX_POINT('',#9916);
#3117=VERTEX_POINT('',#9933);
#3118=VERTEX_POINT('',#9939);
#3119=VERTEX_POINT('',#9956);
#3120=VERTEX_POINT('',#9962);
#3121=VERTEX_POINT('',#9970);
#3122=VERTEX_POINT('',#9972);
#3123=VERTEX_POINT('',#9976);
#3124=VERTEX_POINT('',#9978);
#3125=VERTEX_POINT('',#9994);
#3126=VERTEX_POINT('',#9995);
#3127=VERTEX_POINT('',#10001);
#3128=VERTEX_POINT('',#10003);
#3129=VERTEX_POINT('',#10020);
#3130=VERTEX_POINT('',#10026);
#3131=VERTEX_POINT('',#10043);
#3132=VERTEX_POINT('',#10049);
#3133=VERTEX_POINT('',#10066);
#3134=VERTEX_POINT('',#10072);
#3135=VERTEX_POINT('',#10089);
#3136=VERTEX_POINT('',#10095);
#3137=VERTEX_POINT('',#10112);
#3138=VERTEX_POINT('',#10118);
#3139=VERTEX_POINT('',#10126);
#3140=VERTEX_POINT('',#10128);
#3141=VERTEX_POINT('',#10132);
#3142=VERTEX_POINT('',#10134);
#3143=VERTEX_POINT('',#10141);
#3144=VERTEX_POINT('',#10142);
#3145=VERTEX_POINT('',#10144);
#3146=VERTEX_POINT('',#10146);
#3147=VERTEX_POINT('',#10159);
#3148=VERTEX_POINT('',#10165);
#3149=VERTEX_POINT('',#10182);
#3150=VERTEX_POINT('',#10188);
#3151=VERTEX_POINT('',#10205);
#3152=VERTEX_POINT('',#10211);
#3153=VERTEX_POINT('',#10228);
#3154=VERTEX_POINT('',#10234);
#3155=VERTEX_POINT('',#10251);
#3156=VERTEX_POINT('',#10257);
#3157=VERTEX_POINT('',#10274);
#3158=VERTEX_POINT('',#10280);
#3159=VERTEX_POINT('',#10297);
#3160=VERTEX_POINT('',#10303);
#3161=VERTEX_POINT('',#10320);
#3162=VERTEX_POINT('',#10326);
#3163=VERTEX_POINT('',#10343);
#3164=VERTEX_POINT('',#10349);
#3165=VERTEX_POINT('',#10366);
#3166=VERTEX_POINT('',#10372);
#3167=VERTEX_POINT('',#10389);
#3168=VERTEX_POINT('',#10395);
#3169=VERTEX_POINT('',#10412);
#3170=VERTEX_POINT('',#10418);
#3171=VERTEX_POINT('',#10426);
#3172=VERTEX_POINT('',#10428);
#3173=VERTEX_POINT('',#10447);
#3174=VERTEX_POINT('',#10448);
#3175=VERTEX_POINT('',#10454);
#3176=VERTEX_POINT('',#10456);
#3177=VERTEX_POINT('',#10473);
#3178=VERTEX_POINT('',#10479);
#3179=VERTEX_POINT('',#10496);
#3180=VERTEX_POINT('',#10502);
#3181=VERTEX_POINT('',#10519);
#3182=VERTEX_POINT('',#10525);
#3183=VERTEX_POINT('',#10542);
#3184=VERTEX_POINT('',#10548);
#3185=VERTEX_POINT('',#10565);
#3186=VERTEX_POINT('',#10571);
#3187=VERTEX_POINT('',#10588);
#3188=VERTEX_POINT('',#10594);
#3189=VERTEX_POINT('',#10611);
#3190=VERTEX_POINT('',#10617);
#3191=VERTEX_POINT('',#10634);
#3192=VERTEX_POINT('',#10640);
#3193=VERTEX_POINT('',#10657);
#3194=VERTEX_POINT('',#10663);
#3195=VERTEX_POINT('',#10680);
#3196=VERTEX_POINT('',#10686);
#3197=VERTEX_POINT('',#10703);
#3198=VERTEX_POINT('',#10709);
#3199=VERTEX_POINT('',#10726);
#3200=VERTEX_POINT('',#10732);
#3201=VERTEX_POINT('',#10740);
#3202=VERTEX_POINT('',#10742);
#3203=VERTEX_POINT('',#10755);
#3204=VERTEX_POINT('',#10761);
#3205=VERTEX_POINT('',#10778);
#3206=VERTEX_POINT('',#10784);
#3207=VERTEX_POINT('',#10801);
#3208=VERTEX_POINT('',#10807);
#3209=VERTEX_POINT('',#10824);
#3210=VERTEX_POINT('',#10830);
#3211=VERTEX_POINT('',#10847);
#3212=VERTEX_POINT('',#10853);
#3213=VERTEX_POINT('',#10870);
#3214=VERTEX_POINT('',#10876);
#3215=VERTEX_POINT('',#10893);
#3216=VERTEX_POINT('',#10899);
#3217=VERTEX_POINT('',#10916);
#3218=VERTEX_POINT('',#10922);
#3219=VERTEX_POINT('',#10939);
#3220=VERTEX_POINT('',#10945);
#3221=VERTEX_POINT('',#10962);
#3222=VERTEX_POINT('',#10968);
#3223=VERTEX_POINT('',#10985);
#3224=VERTEX_POINT('',#10991);
#3225=VERTEX_POINT('',#11008);
#3226=VERTEX_POINT('',#11014);
#3227=VERTEX_POINT('',#11031);
#3228=VERTEX_POINT('',#11037);
#3229=VERTEX_POINT('',#11054);
#3230=VERTEX_POINT('',#11060);
#3231=VERTEX_POINT('',#11068);
#3232=VERTEX_POINT('',#11070);
#3233=VERTEX_POINT('',#11095);
#3234=VERTEX_POINT('',#11096);
#3235=VERTEX_POINT('',#11098);
#3236=VERTEX_POINT('',#11100);
#3237=VERTEX_POINT('',#11104);
#3238=VERTEX_POINT('',#11106);
#3239=VERTEX_POINT('',#11110);
#3240=VERTEX_POINT('',#11112);
#3241=VERTEX_POINT('',#11116);
#3242=VERTEX_POINT('',#11118);
#3243=VERTEX_POINT('',#11122);
#3244=VERTEX_POINT('',#11124);
#3245=VERTEX_POINT('',#11128);
#3246=VERTEX_POINT('',#11130);
#3247=VERTEX_POINT('',#11134);
#3248=VERTEX_POINT('',#11136);
#3249=VERTEX_POINT('',#11140);
#3250=VERTEX_POINT('',#11142);
#3251=VERTEX_POINT('',#11146);
#3252=VERTEX_POINT('',#11148);
#3253=VERTEX_POINT('',#11152);
#3254=VERTEX_POINT('',#11154);
#3255=VERTEX_POINT('',#11158);
#3256=VERTEX_POINT('',#11160);
#3257=VERTEX_POINT('',#11168);
#3258=VERTEX_POINT('',#11169);
#3259=VERTEX_POINT('',#11171);
#3260=VERTEX_POINT('',#11173);
#3261=VERTEX_POINT('',#11177);
#3262=VERTEX_POINT('',#11179);
#3263=VERTEX_POINT('',#11183);
#3264=VERTEX_POINT('',#11185);
#3265=VERTEX_POINT('',#11189);
#3266=VERTEX_POINT('',#11191);
#3267=VERTEX_POINT('',#11195);
#3268=VERTEX_POINT('',#11197);
#3269=VERTEX_POINT('',#11201);
#3270=VERTEX_POINT('',#11203);
#3271=VERTEX_POINT('',#11207);
#3272=VERTEX_POINT('',#11209);
#3273=VERTEX_POINT('',#11213);
#3274=VERTEX_POINT('',#11215);
#3275=VERTEX_POINT('',#11219);
#3276=VERTEX_POINT('',#11221);
#3277=VERTEX_POINT('',#11238);
#3278=VERTEX_POINT('',#11239);
#3279=VERTEX_POINT('',#11245);
#3280=VERTEX_POINT('',#11247);
#3281=VERTEX_POINT('',#11264);
#3282=VERTEX_POINT('',#11270);
#3283=VERTEX_POINT('',#11287);
#3284=VERTEX_POINT('',#11293);
#3285=VERTEX_POINT('',#11310);
#3286=VERTEX_POINT('',#11316);
#3287=VERTEX_POINT('',#11333);
#3288=VERTEX_POINT('',#11339);
#3289=VERTEX_POINT('',#11356);
#3290=VERTEX_POINT('',#11362);
#3291=VERTEX_POINT('',#11379);
#3292=VERTEX_POINT('',#11385);
#3293=VERTEX_POINT('',#11402);
#3294=VERTEX_POINT('',#11408);
#3295=VERTEX_POINT('',#11425);
#3296=VERTEX_POINT('',#11431);
#3297=VERTEX_POINT('',#11448);
#3298=VERTEX_POINT('',#11454);
#3299=VERTEX_POINT('',#11471);
#3300=VERTEX_POINT('',#11477);
#3301=VERTEX_POINT('',#11494);
#3302=VERTEX_POINT('',#11500);
#3303=VERTEX_POINT('',#11517);
#3304=VERTEX_POINT('',#11523);
#3305=VERTEX_POINT('',#11531);
#3306=VERTEX_POINT('',#11533);
#3307=VERTEX_POINT('',#11546);
#3308=VERTEX_POINT('',#11552);
#3309=VERTEX_POINT('',#11569);
#3310=VERTEX_POINT('',#11575);
#3311=VERTEX_POINT('',#11592);
#3312=VERTEX_POINT('',#11598);
#3313=VERTEX_POINT('',#11615);
#3314=VERTEX_POINT('',#11621);
#3315=VERTEX_POINT('',#11638);
#3316=VERTEX_POINT('',#11644);
#3317=VERTEX_POINT('',#11661);
#3318=VERTEX_POINT('',#11667);
#3319=VERTEX_POINT('',#11684);
#3320=VERTEX_POINT('',#11690);
#3321=VERTEX_POINT('',#11707);
#3322=VERTEX_POINT('',#11713);
#3323=VERTEX_POINT('',#11730);
#3324=VERTEX_POINT('',#11736);
#3325=VERTEX_POINT('',#11753);
#3326=VERTEX_POINT('',#11759);
#3327=VERTEX_POINT('',#11776);
#3328=VERTEX_POINT('',#11782);
#3329=VERTEX_POINT('',#11799);
#3330=VERTEX_POINT('',#11805);
#3331=VERTEX_POINT('',#11822);
#3332=VERTEX_POINT('',#11828);
#3333=VERTEX_POINT('',#11845);
#3334=VERTEX_POINT('',#11851);
#3335=VERTEX_POINT('',#11859);
#3336=VERTEX_POINT('',#11861);
#3337=VERTEX_POINT('',#11886);
#3338=VERTEX_POINT('',#11888);
#3339=VERTEX_POINT('',#11892);
#3340=VERTEX_POINT('',#11893);
#3341=VERTEX_POINT('',#11895);
#3342=VERTEX_POINT('',#11897);
#3343=VERTEX_POINT('',#11901);
#3344=VERTEX_POINT('',#11903);
#3345=VERTEX_POINT('',#11907);
#3346=VERTEX_POINT('',#11909);
#3347=VERTEX_POINT('',#11911);
#3348=VERTEX_POINT('',#11913);
#3349=VERTEX_POINT('',#11915);
#3350=VERTEX_POINT('',#11917);
#3351=VERTEX_POINT('',#11919);
#3352=VERTEX_POINT('',#11921);
#3353=VERTEX_POINT('',#11923);
#3354=VERTEX_POINT('',#11925);
#3355=VERTEX_POINT('',#11927);
#3356=VERTEX_POINT('',#11929);
#3357=VERTEX_POINT('',#11931);
#3358=VERTEX_POINT('',#11933);
#3359=VERTEX_POINT('',#11935);
#3360=VERTEX_POINT('',#11937);
#3361=VERTEX_POINT('',#11939);
#3362=VERTEX_POINT('',#11941);
#3363=VERTEX_POINT('',#11943);
#3364=VERTEX_POINT('',#11945);
#3365=VERTEX_POINT('',#11947);
#3366=VERTEX_POINT('',#11951);
#3367=VERTEX_POINT('',#11952);
#3368=VERTEX_POINT('',#11957);
#3369=VERTEX_POINT('',#11961);
#3370=VERTEX_POINT('',#11965);
#3371=VERTEX_POINT('',#11972);
#3372=VERTEX_POINT('',#11974);
#3373=VERTEX_POINT('',#11978);
#3374=VERTEX_POINT('',#11980);
#3375=VERTEX_POINT('',#11984);
#3376=VERTEX_POINT('',#11988);
#3377=VERTEX_POINT('',#11992);
#3378=VERTEX_POINT('',#11996);
#3379=VERTEX_POINT('',#12000);
#3380=VERTEX_POINT('',#12002);
#3381=VERTEX_POINT('',#12004);
#3382=VERTEX_POINT('',#12006);
#3383=VERTEX_POINT('',#12008);
#3384=VERTEX_POINT('',#12012);
#3385=VERTEX_POINT('',#12014);
#3386=VERTEX_POINT('',#12018);
#3387=VERTEX_POINT('',#12021);
#3388=VERTEX_POINT('',#12023);
#3389=VERTEX_POINT('',#12025);
#3390=VERTEX_POINT('',#12029);
#3391=VERTEX_POINT('',#12033);
#3392=VERTEX_POINT('',#12035);
#3393=VERTEX_POINT('',#12039);
#3394=VERTEX_POINT('',#12042);
#3395=VERTEX_POINT('',#12044);
#3396=VERTEX_POINT('',#12046);
#3397=VERTEX_POINT('',#12050);
#3398=VERTEX_POINT('',#12052);
#3399=VERTEX_POINT('',#12054);
#3400=VERTEX_POINT('',#12057);
#3401=VERTEX_POINT('',#12064);
#3402=VERTEX_POINT('',#12070);
#3403=VERTEX_POINT('',#12074);
#3404=VERTEX_POINT('',#12090);
#3405=VERTEX_POINT('',#12091);
#3406=VERTEX_POINT('',#12093);
#3407=VERTEX_POINT('',#12095);
#3408=VERTEX_POINT('',#12099);
#3409=VERTEX_POINT('',#12101);
#3410=VERTEX_POINT('',#12105);
#3411=VERTEX_POINT('',#12107);
#3412=VERTEX_POINT('',#12111);
#3413=VERTEX_POINT('',#12113);
#3414=VERTEX_POINT('',#12117);
#3415=VERTEX_POINT('',#12119);
#3416=VERTEX_POINT('',#12123);
#3417=VERTEX_POINT('',#12125);
#3418=VERTEX_POINT('',#12129);
#3419=VERTEX_POINT('',#12131);
#3420=VERTEX_POINT('',#12135);
#3421=VERTEX_POINT('',#12137);
#3422=VERTEX_POINT('',#12141);
#3423=VERTEX_POINT('',#12143);
#3424=VERTEX_POINT('',#12161);
#3425=VERTEX_POINT('',#12162);
#3426=VERTEX_POINT('',#12168);
#3427=VERTEX_POINT('',#12170);
#3428=VERTEX_POINT('',#12187);
#3429=VERTEX_POINT('',#12193);
#3430=VERTEX_POINT('',#12210);
#3431=VERTEX_POINT('',#12216);
#3432=VERTEX_POINT('',#12233);
#3433=VERTEX_POINT('',#12239);
#3434=VERTEX_POINT('',#12256);
#3435=VERTEX_POINT('',#12262);
#3436=VERTEX_POINT('',#12279);
#3437=VERTEX_POINT('',#12285);
#3438=VERTEX_POINT('',#12302);
#3439=VERTEX_POINT('',#12308);
#3440=VERTEX_POINT('',#12325);
#3441=VERTEX_POINT('',#12331);
#3442=VERTEX_POINT('',#12348);
#3443=VERTEX_POINT('',#12354);
#3444=VERTEX_POINT('',#12371);
#3445=VERTEX_POINT('',#12377);
#3446=VERTEX_POINT('',#12394);
#3447=VERTEX_POINT('',#12400);
#3448=VERTEX_POINT('',#12417);
#3449=VERTEX_POINT('',#12423);
#3450=VERTEX_POINT('',#12440);
#3451=VERTEX_POINT('',#12446);
#3452=VERTEX_POINT('',#12454);
#3453=VERTEX_POINT('',#12456);
#3454=VERTEX_POINT('',#12469);
#3455=VERTEX_POINT('',#12475);
#3456=VERTEX_POINT('',#12492);
#3457=VERTEX_POINT('',#12498);
#3458=VERTEX_POINT('',#12515);
#3459=VERTEX_POINT('',#12521);
#3460=VERTEX_POINT('',#12538);
#3461=VERTEX_POINT('',#12544);
#3462=VERTEX_POINT('',#12561);
#3463=VERTEX_POINT('',#12567);
#3464=VERTEX_POINT('',#12584);
#3465=VERTEX_POINT('',#12590);
#3466=VERTEX_POINT('',#12607);
#3467=VERTEX_POINT('',#12613);
#3468=VERTEX_POINT('',#12630);
#3469=VERTEX_POINT('',#12636);
#3470=VERTEX_POINT('',#12653);
#3471=VERTEX_POINT('',#12659);
#3472=VERTEX_POINT('',#12676);
#3473=VERTEX_POINT('',#12682);
#3474=VERTEX_POINT('',#12699);
#3475=VERTEX_POINT('',#12705);
#3476=VERTEX_POINT('',#12722);
#3477=VERTEX_POINT('',#12728);
#3478=VERTEX_POINT('',#12745);
#3479=VERTEX_POINT('',#12751);
#3480=VERTEX_POINT('',#12768);
#3481=VERTEX_POINT('',#12774);
#3482=VERTEX_POINT('',#12782);
#3483=VERTEX_POINT('',#12784);
#3484=VERTEX_POINT('',#12819);
#3485=VERTEX_POINT('',#12820);
#3486=VERTEX_POINT('',#12826);
#3487=VERTEX_POINT('',#12828);
#3488=VERTEX_POINT('',#12845);
#3489=VERTEX_POINT('',#12851);
#3490=VERTEX_POINT('',#12868);
#3491=VERTEX_POINT('',#12874);
#3492=VERTEX_POINT('',#12891);
#3493=VERTEX_POINT('',#12897);
#3494=VERTEX_POINT('',#12914);
#3495=VERTEX_POINT('',#12920);
#3496=VERTEX_POINT('',#12937);
#3497=VERTEX_POINT('',#12943);
#3498=VERTEX_POINT('',#12951);
#3499=VERTEX_POINT('',#12953);
#3500=VERTEX_POINT('',#12957);
#3501=VERTEX_POINT('',#12959);
#3502=VERTEX_POINT('',#12975);
#3503=VERTEX_POINT('',#12976);
#3504=VERTEX_POINT('',#12982);
#3505=VERTEX_POINT('',#12984);
#3506=VERTEX_POINT('',#13001);
#3507=VERTEX_POINT('',#13007);
#3508=VERTEX_POINT('',#13024);
#3509=VERTEX_POINT('',#13030);
#3510=VERTEX_POINT('',#13047);
#3511=VERTEX_POINT('',#13053);
#3512=VERTEX_POINT('',#13070);
#3513=VERTEX_POINT('',#13076);
#3514=VERTEX_POINT('',#13093);
#3515=VERTEX_POINT('',#13099);
#3516=VERTEX_POINT('',#13107);
#3517=VERTEX_POINT('',#13109);
#3518=VERTEX_POINT('',#13113);
#3519=VERTEX_POINT('',#13115);
#3520=VERTEX_POINT('',#13122);
#3521=VERTEX_POINT('',#13123);
#3522=VERTEX_POINT('',#13125);
#3523=VERTEX_POINT('',#13127);
#3524=VERTEX_POINT('',#13140);
#3525=VERTEX_POINT('',#13146);
#3526=VERTEX_POINT('',#13163);
#3527=VERTEX_POINT('',#13169);
#3528=VERTEX_POINT('',#13186);
#3529=VERTEX_POINT('',#13192);
#3530=VERTEX_POINT('',#13209);
#3531=VERTEX_POINT('',#13215);
#3532=VERTEX_POINT('',#13232);
#3533=VERTEX_POINT('',#13238);
#3534=VERTEX_POINT('',#13255);
#3535=VERTEX_POINT('',#13261);
#3536=VERTEX_POINT('',#13278);
#3537=VERTEX_POINT('',#13284);
#3538=VERTEX_POINT('',#13301);
#3539=VERTEX_POINT('',#13307);
#3540=VERTEX_POINT('',#13324);
#3541=VERTEX_POINT('',#13330);
#3542=VERTEX_POINT('',#13347);
#3543=VERTEX_POINT('',#13353);
#3544=VERTEX_POINT('',#13370);
#3545=VERTEX_POINT('',#13376);
#3546=VERTEX_POINT('',#13393);
#3547=VERTEX_POINT('',#13399);
#3548=VERTEX_POINT('',#13407);
#3549=VERTEX_POINT('',#13409);
#3550=VERTEX_POINT('',#13418);
#3551=VERTEX_POINT('',#13419);
#3552=VERTEX_POINT('',#13421);
#3553=VERTEX_POINT('',#13423);
#3554=VERTEX_POINT('',#13427);
#3555=VERTEX_POINT('',#13429);
#3556=VERTEX_POINT('',#13433);
#3557=VERTEX_POINT('',#13435);
#3558=VERTEX_POINT('',#13439);
#3559=VERTEX_POINT('',#13441);
#3560=VERTEX_POINT('',#13445);
#3561=VERTEX_POINT('',#13447);
#3562=VERTEX_POINT('',#13456);
#3563=VERTEX_POINT('',#13457);
#3564=VERTEX_POINT('',#13459);
#3565=VERTEX_POINT('',#13461);
#3566=VERTEX_POINT('',#13465);
#3567=VERTEX_POINT('',#13467);
#3568=VERTEX_POINT('',#13471);
#3569=VERTEX_POINT('',#13473);
#3570=VERTEX_POINT('',#13477);
#3571=VERTEX_POINT('',#13479);
#3572=VERTEX_POINT('',#13483);
#3573=VERTEX_POINT('',#13485);
#3574=VERTEX_POINT('',#13489);
#3575=VERTEX_POINT('',#13491);
#3576=VERTEX_POINT('',#13495);
#3577=VERTEX_POINT('',#13497);
#3578=VERTEX_POINT('',#13506);
#3579=VERTEX_POINT('',#13507);
#3580=VERTEX_POINT('',#13509);
#3581=VERTEX_POINT('',#13511);
#3582=VERTEX_POINT('',#13515);
#3583=VERTEX_POINT('',#13517);
#3584=VERTEX_POINT('',#13521);
#3585=VERTEX_POINT('',#13523);
#3586=VERTEX_POINT('',#13527);
#3587=VERTEX_POINT('',#13529);
#3588=VERTEX_POINT('',#13533);
#3589=VERTEX_POINT('',#13535);
#3590=VERTEX_POINT('',#13539);
#3591=VERTEX_POINT('',#13541);
#3592=VERTEX_POINT('',#13545);
#3593=VERTEX_POINT('',#13547);
#3594=VERTEX_POINT('',#13551);
#3595=VERTEX_POINT('',#13553);
#3596=VERTEX_POINT('',#13557);
#3597=VERTEX_POINT('',#13559);
#3598=VERTEX_POINT('',#13563);
#3599=VERTEX_POINT('',#13565);
#3600=VERTEX_POINT('',#13569);
#3601=VERTEX_POINT('',#13571);
#3602=VERTEX_POINT('',#13580);
#3603=VERTEX_POINT('',#13581);
#3604=VERTEX_POINT('',#13583);
#3605=VERTEX_POINT('',#13585);
#3606=VERTEX_POINT('',#13589);
#3607=VERTEX_POINT('',#13591);
#3608=VERTEX_POINT('',#13595);
#3609=VERTEX_POINT('',#13597);
#3610=VERTEX_POINT('',#13601);
#3611=VERTEX_POINT('',#13603);
#3612=VERTEX_POINT('',#13607);
#3613=VERTEX_POINT('',#13609);
#3614=VERTEX_POINT('',#13613);
#3615=VERTEX_POINT('',#13615);
#3616=VERTEX_POINT('',#13619);
#3617=VERTEX_POINT('',#13621);
#3618=VERTEX_POINT('',#13625);
#3619=VERTEX_POINT('',#13627);
#3620=VERTEX_POINT('',#13631);
#3621=VERTEX_POINT('',#13633);
#3622=VERTEX_POINT('',#13637);
#3623=VERTEX_POINT('',#13639);
#3624=VERTEX_POINT('',#13643);
#3625=VERTEX_POINT('',#13645);
#3626=VERTEX_POINT('',#13663);
#3627=VERTEX_POINT('',#13664);
#3628=VERTEX_POINT('',#13670);
#3629=VERTEX_POINT('',#13672);
#3630=VERTEX_POINT('',#13689);
#3631=VERTEX_POINT('',#13695);
#3632=VERTEX_POINT('',#13712);
#3633=VERTEX_POINT('',#13718);
#3634=VERTEX_POINT('',#13735);
#3635=VERTEX_POINT('',#13741);
#3636=VERTEX_POINT('',#13758);
#3637=VERTEX_POINT('',#13764);
#3638=VERTEX_POINT('',#13781);
#3639=VERTEX_POINT('',#13787);
#3640=VERTEX_POINT('',#13804);
#3641=VERTEX_POINT('',#13810);
#3642=VERTEX_POINT('',#13827);
#3643=VERTEX_POINT('',#13833);
#3644=VERTEX_POINT('',#13850);
#3645=VERTEX_POINT('',#13856);
#3646=VERTEX_POINT('',#13873);
#3647=VERTEX_POINT('',#13879);
#3648=VERTEX_POINT('',#13896);
#3649=VERTEX_POINT('',#13902);
#3650=VERTEX_POINT('',#13919);
#3651=VERTEX_POINT('',#13925);
#3652=VERTEX_POINT('',#13942);
#3653=VERTEX_POINT('',#13948);
#3654=VERTEX_POINT('',#13956);
#3655=VERTEX_POINT('',#13958);
#3656=VERTEX_POINT('',#13971);
#3657=VERTEX_POINT('',#13977);
#3658=VERTEX_POINT('',#13994);
#3659=VERTEX_POINT('',#14000);
#3660=VERTEX_POINT('',#14017);
#3661=VERTEX_POINT('',#14023);
#3662=VERTEX_POINT('',#14040);
#3663=VERTEX_POINT('',#14046);
#3664=VERTEX_POINT('',#14063);
#3665=VERTEX_POINT('',#14069);
#3666=VERTEX_POINT('',#14086);
#3667=VERTEX_POINT('',#14092);
#3668=VERTEX_POINT('',#14109);
#3669=VERTEX_POINT('',#14115);
#3670=VERTEX_POINT('',#14132);
#3671=VERTEX_POINT('',#14138);
#3672=VERTEX_POINT('',#14155);
#3673=VERTEX_POINT('',#14161);
#3674=VERTEX_POINT('',#14178);
#3675=VERTEX_POINT('',#14184);
#3676=VERTEX_POINT('',#14201);
#3677=VERTEX_POINT('',#14207);
#3678=VERTEX_POINT('',#14224);
#3679=VERTEX_POINT('',#14230);
#3680=VERTEX_POINT('',#14247);
#3681=VERTEX_POINT('',#14253);
#3682=VERTEX_POINT('',#14270);
#3683=VERTEX_POINT('',#14276);
#3684=VERTEX_POINT('',#14284);
#3685=VERTEX_POINT('',#14286);
#3686=EDGE_CURVE('',#2940,#2941,#1424,.T.);
#3687=EDGE_CURVE('',#2942,#2940,#1425,.T.);
#3688=EDGE_CURVE('',#2942,#2943,#1426,.T.);
#3689=EDGE_CURVE('',#2941,#2943,#1427,.T.);
#3690=EDGE_CURVE('',#2940,#2944,#1428,.T.);
#3691=EDGE_CURVE('',#2944,#2945,#1429,.T.);
#3692=EDGE_CURVE('',#2945,#2946,#1430,.T.);
#3693=EDGE_CURVE('',#2946,#2947,#1431,.T.);
#3694=EDGE_CURVE('',#2947,#2948,#1432,.T.);
#3695=EDGE_CURVE('',#2949,#2948,#1433,.T.);
#3696=EDGE_CURVE('',#2949,#2950,#1434,.T.);
#3697=EDGE_CURVE('',#2950,#2951,#1435,.T.);
#3698=EDGE_CURVE('',#2952,#2951,#1436,.T.);
#3699=EDGE_CURVE('',#2942,#2952,#1437,.T.);
#3700=EDGE_CURVE('',#2953,#2954,#1438,.T.);
#3701=EDGE_CURVE('',#2953,#2955,#1439,.T.);
#3702=EDGE_CURVE('',#2956,#2955,#1440,.T.);
#3703=EDGE_CURVE('',#2957,#2956,#1441,.T.);
#3704=EDGE_CURVE('',#2958,#2957,#1442,.T.);
#3705=EDGE_CURVE('',#2959,#2958,#1443,.T.);
#3706=EDGE_CURVE('',#2954,#2959,#1444,.T.);
#3707=EDGE_CURVE('',#2956,#2960,#1445,.T.);
#3708=EDGE_CURVE('',#2955,#2961,#1446,.T.);
#3709=EDGE_CURVE('',#2960,#2961,#1447,.T.);
#3710=EDGE_CURVE('',#2961,#2962,#1448,.T.);
#3711=EDGE_CURVE('',#2946,#2953,#1449,.T.);
#3712=EDGE_CURVE('',#2962,#2945,#1450,.T.);
#3713=EDGE_CURVE('',#2954,#2947,#1451,.T.);
#3714=EDGE_CURVE('',#2948,#2959,#1452,.T.);
#3715=EDGE_CURVE('',#2958,#2949,#1453,.T.);
#3716=EDGE_CURVE('',#2963,#2944,#1454,.T.);
#3717=EDGE_CURVE('',#2962,#2963,#1455,.T.);
#3718=EDGE_CURVE('',#2963,#2941,#1456,.T.);
#3719=EDGE_CURVE('',#2964,#2965,#1457,.T.);
#3720=EDGE_CURVE('',#2964,#2966,#1458,.T.);
#3721=EDGE_CURVE('',#2966,#2967,#1459,.T.);
#3722=EDGE_CURVE('',#2965,#2967,#1460,.T.);
#3723=EDGE_CURVE('',#2968,#2964,#1461,.T.);
#3724=EDGE_CURVE('',#2968,#2969,#1462,.T.);
#3725=EDGE_CURVE('',#2969,#2966,#1463,.T.);
#3726=EDGE_CURVE('',#2970,#2968,#1464,.T.);
#3727=EDGE_CURVE('',#2970,#2971,#1465,.T.);
#3728=EDGE_CURVE('',#2971,#2969,#1466,.T.);
#3729=EDGE_CURVE('',#2965,#2970,#1467,.T.);
#3730=EDGE_CURVE('',#2967,#2971,#1468,.T.);
#3731=EDGE_CURVE('',#2950,#2957,#1469,.T.);
#3732=EDGE_CURVE('',#2951,#2972,#1470,.T.);
#3733=EDGE_CURVE('',#2972,#2973,#1471,.T.);
#3734=EDGE_CURVE('',#2973,#2974,#1472,.T.);
#3735=EDGE_CURVE('',#2974,#2975,#1473,.T.);
#3736=EDGE_CURVE('',#2976,#2975,#1474,.T.);
#3737=EDGE_CURVE('',#2977,#2976,#1475,.T.);
#3738=EDGE_CURVE('',#2977,#2952,#1476,.T.);
#3739=EDGE_CURVE('',#2973,#2943,#1477,.T.);
#3740=EDGE_CURVE('',#2978,#2977,#1478,.T.);
#3741=EDGE_CURVE('',#2979,#2978,#1479,.T.);
#3742=EDGE_CURVE('',#2974,#2979,#1480,.T.);
#3743=EDGE_CURVE('',#2972,#2960,#1481,.T.);
#3744=EDGE_CURVE('',#2978,#2980,#1482,.T.);
#3745=EDGE_CURVE('',#2981,#2980,#1483,.T.);
#3746=EDGE_CURVE('',#2979,#2981,#1484,.T.);
#3747=EDGE_CURVE('',#2982,#2983,#1485,.T.);
#3748=EDGE_CURVE('',#2983,#2984,#553,.T.);
#3749=EDGE_CURVE('',#2984,#2985,#1486,.T.);
#3750=EDGE_CURVE('',#2985,#2986,#554,.T.);
#3751=EDGE_CURVE('',#2986,#2987,#1487,.T.);
#3752=EDGE_CURVE('',#2987,#2988,#555,.T.);
#3753=EDGE_CURVE('',#2988,#2989,#1488,.T.);
#3754=EDGE_CURVE('',#2989,#2982,#556,.T.);
#3755=EDGE_CURVE('',#2990,#2986,#1489,.T.);
#3756=EDGE_CURVE('',#2991,#2990,#1490,.T.);
#3757=EDGE_CURVE('',#2991,#2987,#1491,.T.);
#3758=EDGE_CURVE('',#2992,#2991,#557,.T.);
#3759=EDGE_CURVE('',#2992,#2988,#1492,.T.);
#3760=EDGE_CURVE('',#2993,#2992,#1493,.T.);
#3761=EDGE_CURVE('',#2993,#2989,#1494,.T.);
#3762=EDGE_CURVE('',#2994,#2993,#558,.T.);
#3763=EDGE_CURVE('',#2994,#2982,#1495,.T.);
#3764=EDGE_CURVE('',#2995,#2994,#1496,.T.);
#3765=EDGE_CURVE('',#2995,#2983,#1497,.T.);
#3766=EDGE_CURVE('',#2996,#2995,#559,.T.);
#3767=EDGE_CURVE('',#2996,#2984,#1498,.T.);
#3768=EDGE_CURVE('',#2997,#2996,#1499,.T.);
#3769=EDGE_CURVE('',#2997,#2985,#1500,.T.);
#3770=EDGE_CURVE('',#2990,#2997,#560,.T.);
#3771=EDGE_CURVE('',#2998,#2999,#561,.T.);
#3772=EDGE_CURVE('',#2999,#3000,#1501,.T.);
#3773=EDGE_CURVE('',#3000,#3001,#562,.T.);
#3774=EDGE_CURVE('',#3001,#2998,#1502,.T.);
#3775=EDGE_CURVE('',#2999,#3002,#1503,.T.);
#3776=EDGE_CURVE('',#3003,#3002,#1504,.T.);
#3777=EDGE_CURVE('',#3000,#3003,#1505,.T.);
#3778=EDGE_CURVE('',#3004,#2998,#1506,.T.);
#3779=EDGE_CURVE('',#3005,#3004,#563,.T.);
#3780=EDGE_CURVE('',#3006,#3005,#1507,.T.);
#3781=EDGE_CURVE('',#3007,#3006,#1508,.T.);
#3782=EDGE_CURVE('',#3007,#3008,#1509,.T.);
#3783=EDGE_CURVE('',#3008,#3009,#1510,.T.);
#3784=EDGE_CURVE('',#3009,#3010,#1511,.T.);
#3785=EDGE_CURVE('',#3011,#3010,#1512,.T.);
#3786=EDGE_CURVE('',#3011,#3012,#1513,.T.);
#3787=EDGE_CURVE('',#3012,#3013,#1514,.T.);
#3788=EDGE_CURVE('',#3013,#3014,#1515,.T.);
#3789=EDGE_CURVE('',#3014,#3015,#1516,.T.);
#3790=EDGE_CURVE('',#3015,#3016,#1517,.T.);
#3791=EDGE_CURVE('',#3017,#3016,#1518,.T.);
#3792=EDGE_CURVE('',#3017,#3018,#1519,.T.);
#3793=EDGE_CURVE('',#3018,#3019,#1520,.T.);
#3794=EDGE_CURVE('',#3019,#3020,#1521,.T.);
#3795=EDGE_CURVE('',#3021,#3020,#1522,.T.);
#3796=EDGE_CURVE('',#3022,#3021,#1523,.T.);
#3797=EDGE_CURVE('',#3023,#3022,#564,.T.);
#3798=EDGE_CURVE('',#3024,#3023,#1524,.T.);
#3799=EDGE_CURVE('',#3002,#3024,#565,.T.);
#3800=EDGE_CURVE('',#3024,#3025,#1525,.T.);
#3801=EDGE_CURVE('',#3025,#3003,#566,.T.);
#3802=EDGE_CURVE('',#3026,#3023,#1526,.T.);
#3803=EDGE_CURVE('',#3025,#3026,#1527,.T.);
#3804=EDGE_CURVE('',#3022,#3027,#1528,.T.);
#3805=EDGE_CURVE('',#3027,#3026,#567,.T.);
#3806=EDGE_CURVE('',#3021,#3028,#1529,.T.);
#3807=EDGE_CURVE('',#3028,#3029,#568,.T.);
#3808=EDGE_CURVE('',#3029,#3030,#1530,.T.);
#3809=EDGE_CURVE('',#3030,#3006,#569,.T.);
#3810=EDGE_CURVE('',#3031,#3005,#1531,.T.);
#3811=EDGE_CURVE('',#3031,#3027,#1532,.T.);
#3812=EDGE_CURVE('',#3032,#3031,#570,.T.);
#3813=EDGE_CURVE('',#3004,#3032,#1533,.T.);
#3814=EDGE_CURVE('',#3032,#3001,#1534,.T.);
#3815=EDGE_CURVE('',#3011,#3033,#1535,.T.);
#3816=EDGE_CURVE('',#3034,#3033,#1536,.T.);
#3817=EDGE_CURVE('',#3012,#3034,#1537,.T.);
#3818=EDGE_CURVE('',#3035,#3034,#1538,.T.);
#3819=EDGE_CURVE('',#3013,#3035,#1539,.T.);
#3820=EDGE_CURVE('',#3036,#3035,#1540,.T.);
#3821=EDGE_CURVE('',#3014,#3036,#1541,.T.);
#3822=EDGE_CURVE('',#3037,#3036,#1542,.T.);
#3823=EDGE_CURVE('',#3015,#3037,#1543,.T.);
#3824=EDGE_CURVE('',#3038,#3037,#1544,.T.);
#3825=EDGE_CURVE('',#3016,#3038,#1545,.T.);
#3826=EDGE_CURVE('',#3039,#3011,#1546,.T.);
#3827=EDGE_CURVE('',#3039,#3040,#1547,.T.);
#3828=EDGE_CURVE('',#3033,#3040,#1548,.T.);
#3829=EDGE_CURVE('',#3040,#2976,#1549,.T.);
#3830=EDGE_CURVE('',#2975,#2981,#1550,.T.);
#3831=EDGE_CURVE('',#2980,#3041,#1551,.T.);
#3832=EDGE_CURVE('',#3041,#3038,#1552,.T.);
#3833=EDGE_CURVE('',#3008,#3042,#1553,.T.);
#3834=EDGE_CURVE('',#3042,#3043,#1554,.T.);
#3835=EDGE_CURVE('',#3043,#3009,#1555,.T.);
#3836=EDGE_CURVE('',#3043,#3044,#1556,.T.);
#3837=EDGE_CURVE('',#3044,#3018,#1557,.T.);
#3838=EDGE_CURVE('',#3045,#3017,#1558,.T.);
#3839=EDGE_CURVE('',#3046,#3045,#571,.T.);
#3840=EDGE_CURVE('',#3047,#3046,#1559,.T.);
#3841=EDGE_CURVE('',#3010,#3047,#572,.T.);
#3842=EDGE_CURVE('',#3048,#3042,#1560,.T.);
#3843=EDGE_CURVE('',#3044,#3048,#1561,.T.);
#3844=EDGE_CURVE('',#3048,#3019,#1562,.T.);
#3845=EDGE_CURVE('',#3049,#3007,#573,.T.);
#3846=EDGE_CURVE('',#3050,#3049,#1563,.T.);
#3847=EDGE_CURVE('',#3051,#3050,#574,.T.);
#3848=EDGE_CURVE('',#3020,#3051,#1564,.T.);
#3849=EDGE_CURVE('',#3052,#3047,#1565,.T.);
#3850=EDGE_CURVE('',#3039,#3052,#575,.T.);
#3851=EDGE_CURVE('',#3046,#3053,#1566,.T.);
#3852=EDGE_CURVE('',#3052,#3053,#1567,.T.);
#3853=EDGE_CURVE('',#3045,#3054,#1568,.T.);
#3854=EDGE_CURVE('',#3053,#3054,#576,.T.);
#3855=EDGE_CURVE('',#3054,#3041,#1569,.T.);
#3856=EDGE_CURVE('',#3028,#3051,#1570,.T.);
#3857=EDGE_CURVE('',#3049,#3030,#1571,.T.);
#3858=EDGE_CURVE('',#3029,#3050,#1572,.T.);
#3859=EDGE_CURVE('',#3055,#3056,#1573,.T.);
#3860=EDGE_CURVE('',#3055,#3057,#1574,.T.);
#3861=EDGE_CURVE('',#3057,#3058,#1575,.T.);
#3862=EDGE_CURVE('',#3056,#3058,#1576,.T.);
#3863=EDGE_CURVE('',#3059,#3055,#1577,.T.);
#3864=EDGE_CURVE('',#3059,#3060,#1578,.T.);
#3865=EDGE_CURVE('',#3060,#3057,#1579,.T.);
#3866=EDGE_CURVE('',#3061,#3059,#1580,.T.);
#3867=EDGE_CURVE('',#3061,#3062,#1581,.T.);
#3868=EDGE_CURVE('',#3062,#3060,#1582,.T.);
#3869=EDGE_CURVE('',#3063,#3061,#1583,.T.);
#3870=EDGE_CURVE('',#3063,#3064,#1584,.T.);
#3871=EDGE_CURVE('',#3064,#3062,#1585,.T.);
#3872=EDGE_CURVE('',#3065,#3063,#1586,.T.);
#3873=EDGE_CURVE('',#3065,#3066,#1587,.T.);
#3874=EDGE_CURVE('',#3066,#3064,#1588,.T.);
#3875=EDGE_CURVE('',#3067,#3065,#1589,.T.);
#3876=EDGE_CURVE('',#3067,#3068,#1590,.T.);
#3877=EDGE_CURVE('',#3068,#3066,#1591,.T.);
#3878=EDGE_CURVE('',#3069,#3067,#1592,.T.);
#3879=EDGE_CURVE('',#3069,#3070,#1593,.T.);
#3880=EDGE_CURVE('',#3070,#3068,#1594,.T.);
#3881=EDGE_CURVE('',#3071,#3069,#1595,.T.);
#3882=EDGE_CURVE('',#3071,#3072,#1596,.T.);
#3883=EDGE_CURVE('',#3072,#3070,#1597,.T.);
#3884=EDGE_CURVE('',#3073,#3071,#1598,.T.);
#3885=EDGE_CURVE('',#3073,#3074,#1599,.T.);
#3886=EDGE_CURVE('',#3074,#3072,#1600,.T.);
#3887=EDGE_CURVE('',#3075,#3073,#1601,.T.);
#3888=EDGE_CURVE('',#3075,#3076,#1602,.T.);
#3889=EDGE_CURVE('',#3076,#3074,#1603,.T.);
#3890=EDGE_CURVE('',#3077,#3075,#1604,.T.);
#3891=EDGE_CURVE('',#3077,#3078,#1605,.T.);
#3892=EDGE_CURVE('',#3078,#3076,#1606,.T.);
#3893=EDGE_CURVE('',#3056,#3077,#1607,.T.);
#3894=EDGE_CURVE('',#3058,#3078,#1608,.T.);
#3895=EDGE_CURVE('',#3079,#3080,#1609,.T.);
#3896=EDGE_CURVE('',#3079,#3081,#1610,.T.);
#3897=EDGE_CURVE('',#3081,#3082,#1611,.T.);
#3898=EDGE_CURVE('',#3080,#3082,#1612,.T.);
#3899=EDGE_CURVE('',#3083,#3079,#1613,.T.);
#3900=EDGE_CURVE('',#3083,#3084,#1614,.T.);
#3901=EDGE_CURVE('',#3084,#3081,#1615,.T.);
#3902=EDGE_CURVE('',#3085,#3083,#1616,.T.);
#3903=EDGE_CURVE('',#3085,#3086,#1617,.T.);
#3904=EDGE_CURVE('',#3086,#3084,#1618,.T.);
#3905=EDGE_CURVE('',#3087,#3085,#1619,.T.);
#3906=EDGE_CURVE('',#3087,#3088,#1620,.T.);
#3907=EDGE_CURVE('',#3088,#3086,#1621,.T.);
#3908=EDGE_CURVE('',#3089,#3087,#1622,.T.);
#3909=EDGE_CURVE('',#3089,#3090,#1623,.T.);
#3910=EDGE_CURVE('',#3090,#3088,#1624,.T.);
#3911=EDGE_CURVE('',#3080,#3089,#1625,.T.);
#3912=EDGE_CURVE('',#3082,#3090,#1626,.T.);
#3913=EDGE_CURVE('',#3091,#3092,#1627,.T.);
#3914=EDGE_CURVE('',#3091,#3093,#1628,.T.);
#3915=EDGE_CURVE('',#3093,#3094,#1629,.T.);
#3916=EDGE_CURVE('',#3092,#3094,#1630,.T.);
#3917=EDGE_CURVE('',#3095,#3091,#1631,.T.);
#3918=EDGE_CURVE('',#3095,#3096,#1632,.T.);
#3919=EDGE_CURVE('',#3096,#3093,#1633,.T.);
#3920=EDGE_CURVE('',#3097,#3095,#1634,.T.);
#3921=EDGE_CURVE('',#3097,#3098,#1635,.T.);
#3922=EDGE_CURVE('',#3098,#3096,#1636,.T.);
#3923=EDGE_CURVE('',#3099,#3097,#1637,.T.);
#3924=EDGE_CURVE('',#3099,#3100,#1638,.T.);
#3925=EDGE_CURVE('',#3100,#3098,#1639,.T.);
#3926=EDGE_CURVE('',#3101,#3099,#1640,.T.);
#3927=EDGE_CURVE('',#3101,#3102,#1641,.T.);
#3928=EDGE_CURVE('',#3102,#3100,#1642,.T.);
#3929=EDGE_CURVE('',#3103,#3101,#1643,.T.);
#3930=EDGE_CURVE('',#3103,#3104,#1644,.T.);
#3931=EDGE_CURVE('',#3104,#3102,#1645,.T.);
#3932=EDGE_CURVE('',#3105,#3103,#1646,.T.);
#3933=EDGE_CURVE('',#3105,#3106,#1647,.T.);
#3934=EDGE_CURVE('',#3106,#3104,#1648,.T.);
#3935=EDGE_CURVE('',#3092,#3105,#1649,.T.);
#3936=EDGE_CURVE('',#3094,#3106,#1650,.T.);
#3937=EDGE_CURVE('',#3107,#3108,#13,.T.);
#3938=EDGE_CURVE('',#3107,#3109,#1651,.T.);
#3939=EDGE_CURVE('',#3109,#3110,#14,.T.);
#3940=EDGE_CURVE('',#3108,#3110,#1652,.T.);
#3941=EDGE_CURVE('',#3111,#3107,#15,.T.);
#3942=EDGE_CURVE('',#3111,#3112,#1653,.T.);
#3943=EDGE_CURVE('',#3112,#3109,#16,.T.);
#3944=EDGE_CURVE('',#3113,#3111,#17,.T.);
#3945=EDGE_CURVE('',#3113,#3114,#1654,.T.);
#3946=EDGE_CURVE('',#3114,#3112,#18,.T.);
#3947=EDGE_CURVE('',#3115,#3113,#19,.T.);
#3948=EDGE_CURVE('',#3115,#3116,#1655,.T.);
#3949=EDGE_CURVE('',#3116,#3114,#20,.T.);
#3950=EDGE_CURVE('',#3117,#3115,#21,.T.);
#3951=EDGE_CURVE('',#3117,#3118,#1656,.T.);
#3952=EDGE_CURVE('',#3118,#3116,#22,.T.);
#3953=EDGE_CURVE('',#3119,#3117,#23,.T.);
#3954=EDGE_CURVE('',#3119,#3120,#1657,.T.);
#3955=EDGE_CURVE('',#3120,#3118,#24,.T.);
#3956=EDGE_CURVE('',#3121,#3119,#1658,.T.);
#3957=EDGE_CURVE('',#3121,#3122,#1659,.T.);
#3958=EDGE_CURVE('',#3122,#3120,#1660,.T.);
#3959=EDGE_CURVE('',#3123,#3121,#1661,.T.);
#3960=EDGE_CURVE('',#3123,#3124,#1662,.T.);
#3961=EDGE_CURVE('',#3124,#3122,#1663,.T.);
#3962=EDGE_CURVE('',#3108,#3123,#1664,.T.);
#3963=EDGE_CURVE('',#3110,#3124,#1665,.T.);
#3964=EDGE_CURVE('',#3125,#3126,#25,.T.);
#3965=EDGE_CURVE('',#3125,#3127,#1666,.T.);
#3966=EDGE_CURVE('',#3127,#3128,#26,.T.);
#3967=EDGE_CURVE('',#3126,#3128,#1667,.T.);
#3968=EDGE_CURVE('',#3129,#3125,#27,.T.);
#3969=EDGE_CURVE('',#3129,#3130,#1668,.T.);
#3970=EDGE_CURVE('',#3130,#3127,#28,.T.);
#3971=EDGE_CURVE('',#3131,#3129,#29,.T.);
#3972=EDGE_CURVE('',#3131,#3132,#1669,.T.);
#3973=EDGE_CURVE('',#3132,#3130,#30,.T.);
#3974=EDGE_CURVE('',#3133,#3131,#31,.T.);
#3975=EDGE_CURVE('',#3133,#3134,#1670,.T.);
#3976=EDGE_CURVE('',#3134,#3132,#32,.T.);
#3977=EDGE_CURVE('',#3135,#3133,#33,.T.);
#3978=EDGE_CURVE('',#3135,#3136,#1671,.T.);
#3979=EDGE_CURVE('',#3136,#3134,#34,.T.);
#3980=EDGE_CURVE('',#3137,#3135,#35,.T.);
#3981=EDGE_CURVE('',#3137,#3138,#1672,.T.);
#3982=EDGE_CURVE('',#3138,#3136,#36,.T.);
#3983=EDGE_CURVE('',#3139,#3137,#1673,.T.);
#3984=EDGE_CURVE('',#3139,#3140,#1674,.T.);
#3985=EDGE_CURVE('',#3140,#3138,#1675,.T.);
#3986=EDGE_CURVE('',#3141,#3139,#1676,.T.);
#3987=EDGE_CURVE('',#3141,#3142,#1677,.T.);
#3988=EDGE_CURVE('',#3142,#3140,#1678,.T.);
#3989=EDGE_CURVE('',#3126,#3141,#1679,.T.);
#3990=EDGE_CURVE('',#3128,#3142,#1680,.T.);
#3991=EDGE_CURVE('',#3143,#3144,#1681,.T.);
#3992=EDGE_CURVE('',#3143,#3145,#1682,.T.);
#3993=EDGE_CURVE('',#3145,#3146,#1683,.T.);
#3994=EDGE_CURVE('',#3144,#3146,#1684,.T.);
#3995=EDGE_CURVE('',#3147,#3143,#37,.T.);
#3996=EDGE_CURVE('',#3147,#3148,#1685,.T.);
#3997=EDGE_CURVE('',#3148,#3145,#38,.T.);
#3998=EDGE_CURVE('',#3149,#3147,#39,.T.);
#3999=EDGE_CURVE('',#3149,#3150,#1686,.T.);
#4000=EDGE_CURVE('',#3150,#3148,#40,.T.);
#4001=EDGE_CURVE('',#3151,#3149,#41,.T.);
#4002=EDGE_CURVE('',#3151,#3152,#1687,.T.);
#4003=EDGE_CURVE('',#3152,#3150,#42,.T.);
#4004=EDGE_CURVE('',#3153,#3151,#43,.T.);
#4005=EDGE_CURVE('',#3153,#3154,#1688,.T.);
#4006=EDGE_CURVE('',#3154,#3152,#44,.T.);
#4007=EDGE_CURVE('',#3155,#3153,#45,.T.);
#4008=EDGE_CURVE('',#3155,#3156,#1689,.T.);
#4009=EDGE_CURVE('',#3156,#3154,#46,.T.);
#4010=EDGE_CURVE('',#3157,#3155,#47,.T.);
#4011=EDGE_CURVE('',#3157,#3158,#1690,.T.);
#4012=EDGE_CURVE('',#3158,#3156,#48,.T.);
#4013=EDGE_CURVE('',#3159,#3157,#49,.T.);
#4014=EDGE_CURVE('',#3159,#3160,#1691,.T.);
#4015=EDGE_CURVE('',#3160,#3158,#50,.T.);
#4016=EDGE_CURVE('',#3161,#3159,#51,.T.);
#4017=EDGE_CURVE('',#3161,#3162,#1692,.T.);
#4018=EDGE_CURVE('',#3162,#3160,#52,.T.);
#4019=EDGE_CURVE('',#3163,#3161,#53,.T.);
#4020=EDGE_CURVE('',#3163,#3164,#1693,.T.);
#4021=EDGE_CURVE('',#3164,#3162,#54,.T.);
#4022=EDGE_CURVE('',#3165,#3163,#55,.T.);
#4023=EDGE_CURVE('',#3165,#3166,#1694,.T.);
#4024=EDGE_CURVE('',#3166,#3164,#56,.T.);
#4025=EDGE_CURVE('',#3167,#3165,#57,.T.);
#4026=EDGE_CURVE('',#3167,#3168,#1695,.T.);
#4027=EDGE_CURVE('',#3168,#3166,#58,.T.);
#4028=EDGE_CURVE('',#3169,#3167,#59,.T.);
#4029=EDGE_CURVE('',#3169,#3170,#1696,.T.);
#4030=EDGE_CURVE('',#3170,#3168,#60,.T.);
#4031=EDGE_CURVE('',#3171,#3169,#1697,.T.);
#4032=EDGE_CURVE('',#3171,#3172,#1698,.T.);
#4033=EDGE_CURVE('',#3172,#3170,#1699,.T.);
#4034=EDGE_CURVE('',#3144,#3171,#1700,.T.);
#4035=EDGE_CURVE('',#3146,#3172,#1701,.T.);
#4036=EDGE_CURVE('',#3173,#3174,#61,.T.);
#4037=EDGE_CURVE('',#3173,#3175,#1702,.T.);
#4038=EDGE_CURVE('',#3175,#3176,#62,.T.);
#4039=EDGE_CURVE('',#3174,#3176,#1703,.T.);
#4040=EDGE_CURVE('',#3177,#3173,#63,.T.);
#4041=EDGE_CURVE('',#3177,#3178,#1704,.T.);
#4042=EDGE_CURVE('',#3178,#3175,#64,.T.);
#4043=EDGE_CURVE('',#3179,#3177,#65,.T.);
#4044=EDGE_CURVE('',#3179,#3180,#1705,.T.);
#4045=EDGE_CURVE('',#3180,#3178,#66,.T.);
#4046=EDGE_CURVE('',#3181,#3179,#67,.T.);
#4047=EDGE_CURVE('',#3181,#3182,#1706,.T.);
#4048=EDGE_CURVE('',#3182,#3180,#68,.T.);
#4049=EDGE_CURVE('',#3183,#3181,#69,.T.);
#4050=EDGE_CURVE('',#3183,#3184,#1707,.T.);
#4051=EDGE_CURVE('',#3184,#3182,#70,.T.);
#4052=EDGE_CURVE('',#3185,#3183,#71,.T.);
#4053=EDGE_CURVE('',#3185,#3186,#1708,.T.);
#4054=EDGE_CURVE('',#3186,#3184,#72,.T.);
#4055=EDGE_CURVE('',#3187,#3185,#73,.T.);
#4056=EDGE_CURVE('',#3187,#3188,#1709,.T.);
#4057=EDGE_CURVE('',#3188,#3186,#74,.T.);
#4058=EDGE_CURVE('',#3189,#3187,#75,.T.);
#4059=EDGE_CURVE('',#3189,#3190,#1710,.T.);
#4060=EDGE_CURVE('',#3190,#3188,#76,.T.);
#4061=EDGE_CURVE('',#3191,#3189,#77,.T.);
#4062=EDGE_CURVE('',#3191,#3192,#1711,.T.);
#4063=EDGE_CURVE('',#3192,#3190,#78,.T.);
#4064=EDGE_CURVE('',#3193,#3191,#79,.T.);
#4065=EDGE_CURVE('',#3193,#3194,#1712,.T.);
#4066=EDGE_CURVE('',#3194,#3192,#80,.T.);
#4067=EDGE_CURVE('',#3195,#3193,#81,.T.);
#4068=EDGE_CURVE('',#3195,#3196,#1713,.T.);
#4069=EDGE_CURVE('',#3196,#3194,#82,.T.);
#4070=EDGE_CURVE('',#3197,#3195,#83,.T.);
#4071=EDGE_CURVE('',#3197,#3198,#1714,.T.);
#4072=EDGE_CURVE('',#3198,#3196,#84,.T.);
#4073=EDGE_CURVE('',#3199,#3197,#85,.T.);
#4074=EDGE_CURVE('',#3199,#3200,#1715,.T.);
#4075=EDGE_CURVE('',#3200,#3198,#86,.T.);
#4076=EDGE_CURVE('',#3201,#3199,#1716,.T.);
#4077=EDGE_CURVE('',#3201,#3202,#1717,.T.);
#4078=EDGE_CURVE('',#3202,#3200,#1718,.T.);
#4079=EDGE_CURVE('',#3203,#3201,#87,.T.);
#4080=EDGE_CURVE('',#3203,#3204,#1719,.T.);
#4081=EDGE_CURVE('',#3204,#3202,#88,.T.);
#4082=EDGE_CURVE('',#3205,#3203,#89,.T.);
#4083=EDGE_CURVE('',#3205,#3206,#1720,.T.);
#4084=EDGE_CURVE('',#3206,#3204,#90,.T.);
#4085=EDGE_CURVE('',#3207,#3205,#91,.T.);
#4086=EDGE_CURVE('',#3207,#3208,#1721,.T.);
#4087=EDGE_CURVE('',#3208,#3206,#92,.T.);
#4088=EDGE_CURVE('',#3209,#3207,#93,.T.);
#4089=EDGE_CURVE('',#3209,#3210,#1722,.T.);
#4090=EDGE_CURVE('',#3210,#3208,#94,.T.);
#4091=EDGE_CURVE('',#3211,#3209,#95,.T.);
#4092=EDGE_CURVE('',#3211,#3212,#1723,.T.);
#4093=EDGE_CURVE('',#3212,#3210,#96,.T.);
#4094=EDGE_CURVE('',#3213,#3211,#97,.T.);
#4095=EDGE_CURVE('',#3213,#3214,#1724,.T.);
#4096=EDGE_CURVE('',#3214,#3212,#98,.T.);
#4097=EDGE_CURVE('',#3215,#3213,#99,.T.);
#4098=EDGE_CURVE('',#3215,#3216,#1725,.T.);
#4099=EDGE_CURVE('',#3216,#3214,#100,.T.);
#4100=EDGE_CURVE('',#3217,#3215,#101,.T.);
#4101=EDGE_CURVE('',#3217,#3218,#1726,.T.);
#4102=EDGE_CURVE('',#3218,#3216,#102,.T.);
#4103=EDGE_CURVE('',#3219,#3217,#103,.T.);
#4104=EDGE_CURVE('',#3219,#3220,#1727,.T.);
#4105=EDGE_CURVE('',#3220,#3218,#104,.T.);
#4106=EDGE_CURVE('',#3221,#3219,#105,.T.);
#4107=EDGE_CURVE('',#3221,#3222,#1728,.T.);
#4108=EDGE_CURVE('',#3222,#3220,#106,.T.);
#4109=EDGE_CURVE('',#3223,#3221,#107,.T.);
#4110=EDGE_CURVE('',#3223,#3224,#1729,.T.);
#4111=EDGE_CURVE('',#3224,#3222,#108,.T.);
#4112=EDGE_CURVE('',#3225,#3223,#109,.T.);
#4113=EDGE_CURVE('',#3225,#3226,#1730,.T.);
#4114=EDGE_CURVE('',#3226,#3224,#110,.T.);
#4115=EDGE_CURVE('',#3227,#3225,#111,.T.);
#4116=EDGE_CURVE('',#3227,#3228,#1731,.T.);
#4117=EDGE_CURVE('',#3228,#3226,#112,.T.);
#4118=EDGE_CURVE('',#3229,#3227,#113,.T.);
#4119=EDGE_CURVE('',#3229,#3230,#1732,.T.);
#4120=EDGE_CURVE('',#3230,#3228,#114,.T.);
#4121=EDGE_CURVE('',#3231,#3229,#1733,.T.);
#4122=EDGE_CURVE('',#3231,#3232,#1734,.T.);
#4123=EDGE_CURVE('',#3232,#3230,#1735,.T.);
#4124=EDGE_CURVE('',#3174,#3231,#115,.T.);
#4125=EDGE_CURVE('',#3176,#3232,#116,.T.);
#4126=EDGE_CURVE('',#3233,#3234,#1736,.T.);
#4127=EDGE_CURVE('',#3233,#3235,#1737,.T.);
#4128=EDGE_CURVE('',#3235,#3236,#1738,.T.);
#4129=EDGE_CURVE('',#3234,#3236,#1739,.T.);
#4130=EDGE_CURVE('',#3237,#3233,#1740,.T.);
#4131=EDGE_CURVE('',#3237,#3238,#1741,.T.);
#4132=EDGE_CURVE('',#3238,#3235,#1742,.T.);
#4133=EDGE_CURVE('',#3239,#3237,#1743,.T.);
#4134=EDGE_CURVE('',#3239,#3240,#1744,.T.);
#4135=EDGE_CURVE('',#3240,#3238,#1745,.T.);
#4136=EDGE_CURVE('',#3241,#3239,#1746,.T.);
#4137=EDGE_CURVE('',#3241,#3242,#1747,.T.);
#4138=EDGE_CURVE('',#3242,#3240,#1748,.T.);
#4139=EDGE_CURVE('',#3243,#3241,#1749,.T.);
#4140=EDGE_CURVE('',#3243,#3244,#1750,.T.);
#4141=EDGE_CURVE('',#3244,#3242,#1751,.T.);
#4142=EDGE_CURVE('',#3245,#3243,#1752,.T.);
#4143=EDGE_CURVE('',#3245,#3246,#1753,.T.);
#4144=EDGE_CURVE('',#3246,#3244,#1754,.T.);
#4145=EDGE_CURVE('',#3247,#3245,#1755,.T.);
#4146=EDGE_CURVE('',#3247,#3248,#1756,.T.);
#4147=EDGE_CURVE('',#3248,#3246,#1757,.T.);
#4148=EDGE_CURVE('',#3249,#3247,#1758,.T.);
#4149=EDGE_CURVE('',#3249,#3250,#1759,.T.);
#4150=EDGE_CURVE('',#3250,#3248,#1760,.T.);
#4151=EDGE_CURVE('',#3251,#3249,#1761,.T.);
#4152=EDGE_CURVE('',#3251,#3252,#1762,.T.);
#4153=EDGE_CURVE('',#3252,#3250,#1763,.T.);
#4154=EDGE_CURVE('',#3253,#3251,#1764,.T.);
#4155=EDGE_CURVE('',#3253,#3254,#1765,.T.);
#4156=EDGE_CURVE('',#3254,#3252,#1766,.T.);
#4157=EDGE_CURVE('',#3255,#3253,#1767,.T.);
#4158=EDGE_CURVE('',#3255,#3256,#1768,.T.);
#4159=EDGE_CURVE('',#3256,#3254,#1769,.T.);
#4160=EDGE_CURVE('',#3234,#3255,#1770,.T.);
#4161=EDGE_CURVE('',#3236,#3256,#1771,.T.);
#4162=EDGE_CURVE('',#3257,#3258,#1772,.T.);
#4163=EDGE_CURVE('',#3257,#3259,#1773,.T.);
#4164=EDGE_CURVE('',#3259,#3260,#1774,.T.);
#4165=EDGE_CURVE('',#3258,#3260,#1775,.T.);
#4166=EDGE_CURVE('',#3261,#3257,#1776,.T.);
#4167=EDGE_CURVE('',#3261,#3262,#1777,.T.);
#4168=EDGE_CURVE('',#3262,#3259,#1778,.T.);
#4169=EDGE_CURVE('',#3263,#3261,#1779,.T.);
#4170=EDGE_CURVE('',#3263,#3264,#1780,.T.);
#4171=EDGE_CURVE('',#3264,#3262,#1781,.T.);
#4172=EDGE_CURVE('',#3265,#3263,#1782,.T.);
#4173=EDGE_CURVE('',#3265,#3266,#1783,.T.);
#4174=EDGE_CURVE('',#3266,#3264,#1784,.T.);
#4175=EDGE_CURVE('',#3267,#3265,#1785,.T.);
#4176=EDGE_CURVE('',#3267,#3268,#1786,.T.);
#4177=EDGE_CURVE('',#3268,#3266,#1787,.T.);
#4178=EDGE_CURVE('',#3269,#3267,#1788,.T.);
#4179=EDGE_CURVE('',#3269,#3270,#1789,.T.);
#4180=EDGE_CURVE('',#3270,#3268,#1790,.T.);
#4181=EDGE_CURVE('',#3271,#3269,#1791,.T.);
#4182=EDGE_CURVE('',#3271,#3272,#1792,.T.);
#4183=EDGE_CURVE('',#3272,#3270,#1793,.T.);
#4184=EDGE_CURVE('',#3273,#3271,#1794,.T.);
#4185=EDGE_CURVE('',#3273,#3274,#1795,.T.);
#4186=EDGE_CURVE('',#3274,#3272,#1796,.T.);
#4187=EDGE_CURVE('',#3275,#3273,#1797,.T.);
#4188=EDGE_CURVE('',#3275,#3276,#1798,.T.);
#4189=EDGE_CURVE('',#3276,#3274,#1799,.T.);
#4190=EDGE_CURVE('',#3258,#3275,#1800,.T.);
#4191=EDGE_CURVE('',#3260,#3276,#1801,.T.);
#4192=EDGE_CURVE('',#3277,#3278,#117,.T.);
#4193=EDGE_CURVE('',#3277,#3279,#1802,.T.);
#4194=EDGE_CURVE('',#3279,#3280,#118,.T.);
#4195=EDGE_CURVE('',#3278,#3280,#1803,.T.);
#4196=EDGE_CURVE('',#3281,#3277,#119,.T.);
#4197=EDGE_CURVE('',#3281,#3282,#1804,.T.);
#4198=EDGE_CURVE('',#3282,#3279,#120,.T.);
#4199=EDGE_CURVE('',#3283,#3281,#121,.T.);
#4200=EDGE_CURVE('',#3283,#3284,#1805,.T.);
#4201=EDGE_CURVE('',#3284,#3282,#122,.T.);
#4202=EDGE_CURVE('',#3285,#3283,#123,.T.);
#4203=EDGE_CURVE('',#3285,#3286,#1806,.T.);
#4204=EDGE_CURVE('',#3286,#3284,#124,.T.);
#4205=EDGE_CURVE('',#3287,#3285,#125,.T.);
#4206=EDGE_CURVE('',#3287,#3288,#1807,.T.);
#4207=EDGE_CURVE('',#3288,#3286,#126,.T.);
#4208=EDGE_CURVE('',#3289,#3287,#127,.T.);
#4209=EDGE_CURVE('',#3289,#3290,#1808,.T.);
#4210=EDGE_CURVE('',#3290,#3288,#128,.T.);
#4211=EDGE_CURVE('',#3291,#3289,#129,.T.);
#4212=EDGE_CURVE('',#3291,#3292,#1809,.T.);
#4213=EDGE_CURVE('',#3292,#3290,#130,.T.);
#4214=EDGE_CURVE('',#3293,#3291,#131,.T.);
#4215=EDGE_CURVE('',#3293,#3294,#1810,.T.);
#4216=EDGE_CURVE('',#3294,#3292,#132,.T.);
#4217=EDGE_CURVE('',#3295,#3293,#133,.T.);
#4218=EDGE_CURVE('',#3295,#3296,#1811,.T.);
#4219=EDGE_CURVE('',#3296,#3294,#134,.T.);
#4220=EDGE_CURVE('',#3297,#3295,#135,.T.);
#4221=EDGE_CURVE('',#3297,#3298,#1812,.T.);
#4222=EDGE_CURVE('',#3298,#3296,#136,.T.);
#4223=EDGE_CURVE('',#3299,#3297,#137,.T.);
#4224=EDGE_CURVE('',#3299,#3300,#1813,.T.);
#4225=EDGE_CURVE('',#3300,#3298,#138,.T.);
#4226=EDGE_CURVE('',#3301,#3299,#139,.T.);
#4227=EDGE_CURVE('',#3301,#3302,#1814,.T.);
#4228=EDGE_CURVE('',#3302,#3300,#140,.T.);
#4229=EDGE_CURVE('',#3303,#3301,#141,.T.);
#4230=EDGE_CURVE('',#3303,#3304,#1815,.T.);
#4231=EDGE_CURVE('',#3304,#3302,#142,.T.);
#4232=EDGE_CURVE('',#3305,#3303,#1816,.T.);
#4233=EDGE_CURVE('',#3305,#3306,#1817,.T.);
#4234=EDGE_CURVE('',#3306,#3304,#1818,.T.);
#4235=EDGE_CURVE('',#3307,#3305,#143,.T.);
#4236=EDGE_CURVE('',#3307,#3308,#1819,.T.);
#4237=EDGE_CURVE('',#3308,#3306,#144,.T.);
#4238=EDGE_CURVE('',#3309,#3307,#145,.T.);
#4239=EDGE_CURVE('',#3309,#3310,#1820,.T.);
#4240=EDGE_CURVE('',#3310,#3308,#146,.T.);
#4241=EDGE_CURVE('',#3311,#3309,#147,.T.);
#4242=EDGE_CURVE('',#3311,#3312,#1821,.T.);
#4243=EDGE_CURVE('',#3312,#3310,#148,.T.);
#4244=EDGE_CURVE('',#3313,#3311,#149,.T.);
#4245=EDGE_CURVE('',#3313,#3314,#1822,.T.);
#4246=EDGE_CURVE('',#3314,#3312,#150,.T.);
#4247=EDGE_CURVE('',#3315,#3313,#151,.T.);
#4248=EDGE_CURVE('',#3315,#3316,#1823,.T.);
#4249=EDGE_CURVE('',#3316,#3314,#152,.T.);
#4250=EDGE_CURVE('',#3317,#3315,#153,.T.);
#4251=EDGE_CURVE('',#3317,#3318,#1824,.T.);
#4252=EDGE_CURVE('',#3318,#3316,#154,.T.);
#4253=EDGE_CURVE('',#3319,#3317,#155,.T.);
#4254=EDGE_CURVE('',#3319,#3320,#1825,.T.);
#4255=EDGE_CURVE('',#3320,#3318,#156,.T.);
#4256=EDGE_CURVE('',#3321,#3319,#157,.T.);
#4257=EDGE_CURVE('',#3321,#3322,#1826,.T.);
#4258=EDGE_CURVE('',#3322,#3320,#158,.T.);
#4259=EDGE_CURVE('',#3323,#3321,#159,.T.);
#4260=EDGE_CURVE('',#3323,#3324,#1827,.T.);
#4261=EDGE_CURVE('',#3324,#3322,#160,.T.);
#4262=EDGE_CURVE('',#3325,#3323,#161,.T.);
#4263=EDGE_CURVE('',#3325,#3326,#1828,.T.);
#4264=EDGE_CURVE('',#3326,#3324,#162,.T.);
#4265=EDGE_CURVE('',#3327,#3325,#163,.T.);
#4266=EDGE_CURVE('',#3327,#3328,#1829,.T.);
#4267=EDGE_CURVE('',#3328,#3326,#164,.T.);
#4268=EDGE_CURVE('',#3329,#3327,#165,.T.);
#4269=EDGE_CURVE('',#3329,#3330,#1830,.T.);
#4270=EDGE_CURVE('',#3330,#3328,#166,.T.);
#4271=EDGE_CURVE('',#3331,#3329,#167,.T.);
#4272=EDGE_CURVE('',#3331,#3332,#1831,.T.);
#4273=EDGE_CURVE('',#3332,#3330,#168,.T.);
#4274=EDGE_CURVE('',#3333,#3331,#169,.T.);
#4275=EDGE_CURVE('',#3333,#3334,#1832,.T.);
#4276=EDGE_CURVE('',#3334,#3332,#170,.T.);
#4277=EDGE_CURVE('',#3335,#3333,#1833,.T.);
#4278=EDGE_CURVE('',#3335,#3336,#1834,.T.);
#4279=EDGE_CURVE('',#3336,#3334,#1835,.T.);
#4280=EDGE_CURVE('',#3278,#3335,#171,.T.);
#4281=EDGE_CURVE('',#3280,#3336,#172,.T.);
#4282=EDGE_CURVE('',#3337,#3337,#577,.T.);
#4283=EDGE_CURVE('',#3337,#3338,#1836,.T.);
#4284=EDGE_CURVE('',#3338,#3338,#578,.T.);
#4285=EDGE_CURVE('',#3339,#3340,#579,.T.);
#4286=EDGE_CURVE('',#3340,#3341,#1837,.T.);
#4287=EDGE_CURVE('',#3341,#3342,#580,.T.);
#4288=EDGE_CURVE('',#3342,#3339,#1838,.T.);
#4289=EDGE_CURVE('',#3342,#3343,#1839,.T.);
#4290=EDGE_CURVE('',#3344,#3343,#1840,.T.);
#4291=EDGE_CURVE('',#3339,#3344,#1841,.T.);
#4292=EDGE_CURVE('',#3345,#3341,#1842,.T.);
#4293=EDGE_CURVE('',#3346,#3345,#581,.T.);
#4294=EDGE_CURVE('',#3347,#3346,#1843,.T.);
#4295=EDGE_CURVE('',#3348,#3347,#582,.T.);
#4296=EDGE_CURVE('',#3349,#3348,#1844,.T.);
#4297=EDGE_CURVE('',#3350,#3349,#1845,.T.);
#4298=EDGE_CURVE('',#3350,#3351,#1846,.T.);
#4299=EDGE_CURVE('',#3351,#3352,#1847,.T.);
#4300=EDGE_CURVE('',#3352,#3353,#1848,.T.);
#4301=EDGE_CURVE('',#3354,#3353,#1849,.T.);
#4302=EDGE_CURVE('',#3354,#3355,#1850,.T.);
#4303=EDGE_CURVE('',#3355,#3356,#1851,.T.);
#4304=EDGE_CURVE('',#3356,#3357,#1852,.T.);
#4305=EDGE_CURVE('',#3357,#3358,#1853,.T.);
#4306=EDGE_CURVE('',#3358,#3359,#1854,.T.);
#4307=EDGE_CURVE('',#3360,#3359,#1855,.T.);
#4308=EDGE_CURVE('',#3360,#3361,#1856,.T.);
#4309=EDGE_CURVE('',#3361,#3362,#1857,.T.);
#4310=EDGE_CURVE('',#3362,#3363,#1858,.T.);
#4311=EDGE_CURVE('',#3364,#3363,#1859,.T.);
#4312=EDGE_CURVE('',#3365,#3364,#1860,.T.);
#4313=EDGE_CURVE('',#3343,#3365,#583,.T.);
#4314=EDGE_CURVE('',#3366,#3367,#584,.T.);
#4315=EDGE_CURVE('',#3367,#3346,#1861,.T.);
#4316=EDGE_CURVE('',#3345,#3366,#1862,.T.);
#4317=EDGE_CURVE('',#3368,#3367,#1863,.T.);
#4318=EDGE_CURVE('',#3347,#3368,#1864,.T.);
#4319=EDGE_CURVE('',#3368,#3369,#585,.T.);
#4320=EDGE_CURVE('',#3369,#3348,#1865,.T.);
#4321=EDGE_CURVE('',#3370,#3344,#586,.T.);
#4322=EDGE_CURVE('',#3365,#3370,#1866,.T.);
#4323=EDGE_CURVE('',#3370,#3369,#1867,.T.);
#4324=EDGE_CURVE('',#3366,#3340,#1868,.T.);
#4325=EDGE_CURVE('',#3358,#3371,#1869,.T.);
#4326=EDGE_CURVE('',#3371,#3372,#1870,.T.);
#4327=EDGE_CURVE('',#3359,#3372,#1871,.T.);
#4328=EDGE_CURVE('',#3359,#3373,#1872,.T.);
#4329=EDGE_CURVE('',#3372,#3374,#1873,.T.);
#4330=EDGE_CURVE('',#3373,#3374,#1874,.T.);
#4331=EDGE_CURVE('',#3357,#3375,#1875,.T.);
#4332=EDGE_CURVE('',#3375,#3371,#1876,.T.);
#4333=EDGE_CURVE('',#3356,#3376,#1877,.T.);
#4334=EDGE_CURVE('',#3376,#3375,#1878,.T.);
#4335=EDGE_CURVE('',#3355,#3377,#1879,.T.);
#4336=EDGE_CURVE('',#3377,#3376,#1880,.T.);
#4337=EDGE_CURVE('',#3378,#3354,#1881,.T.);
#4338=EDGE_CURVE('',#3378,#3377,#1882,.T.);
#4339=EDGE_CURVE('',#3379,#3378,#1883,.T.);
#4340=EDGE_CURVE('',#3380,#3379,#1884,.T.);
#4341=EDGE_CURVE('',#3381,#3380,#1885,.T.);
#4342=EDGE_CURVE('',#3382,#3381,#1886,.T.);
#4343=EDGE_CURVE('',#3383,#3382,#1887,.T.);
#4344=EDGE_CURVE('',#3374,#3383,#1888,.T.);
#4345=EDGE_CURVE('',#3382,#3384,#1889,.T.);
#4346=EDGE_CURVE('',#3385,#3384,#1890,.T.);
#4347=EDGE_CURVE('',#3383,#3385,#1891,.T.);
#4348=EDGE_CURVE('',#3386,#3385,#1892,.T.);
#4349=EDGE_CURVE('',#3380,#3386,#1893,.T.);
#4350=EDGE_CURVE('',#3379,#3387,#1894,.T.);
#4351=EDGE_CURVE('',#3387,#3388,#587,.T.);
#4352=EDGE_CURVE('',#3388,#3389,#1895,.T.);
#4353=EDGE_CURVE('',#3389,#3373,#588,.T.);
#4354=EDGE_CURVE('',#3381,#3390,#1896,.T.);
#4355=EDGE_CURVE('',#3384,#3390,#1897,.T.);
#4356=EDGE_CURVE('',#3361,#3391,#1898,.T.);
#4357=EDGE_CURVE('',#3391,#3392,#1899,.T.);
#4358=EDGE_CURVE('',#3392,#3362,#1900,.T.);
#4359=EDGE_CURVE('',#3392,#3393,#1901,.T.);
#4360=EDGE_CURVE('',#3351,#3393,#1902,.T.);
#4361=EDGE_CURVE('',#3394,#3350,#1903,.T.);
#4362=EDGE_CURVE('',#3395,#3394,#589,.T.);
#4363=EDGE_CURVE('',#3396,#3395,#1904,.T.);
#4364=EDGE_CURVE('',#3363,#3396,#590,.T.);
#4365=EDGE_CURVE('',#3397,#3360,#591,.T.);
#4366=EDGE_CURVE('',#3398,#3397,#1905,.T.);
#4367=EDGE_CURVE('',#3399,#3398,#592,.T.);
#4368=EDGE_CURVE('',#3353,#3399,#1906,.T.);
#4369=EDGE_CURVE('',#3352,#3400,#1907,.T.);
#4370=EDGE_CURVE('',#3400,#3391,#1908,.T.);
#4371=EDGE_CURVE('',#3393,#3400,#1909,.T.);
#4372=EDGE_CURVE('',#3401,#3396,#1910,.T.);
#4373=EDGE_CURVE('',#3364,#3401,#593,.T.);
#4374=EDGE_CURVE('',#3397,#3389,#1911,.T.);
#4375=EDGE_CURVE('',#3402,#3349,#1912,.T.);
#4376=EDGE_CURVE('',#3402,#3394,#1913,.T.);
#4377=EDGE_CURVE('',#3403,#3395,#1914,.T.);
#4378=EDGE_CURVE('',#3401,#3403,#1915,.T.);
#4379=EDGE_CURVE('',#3398,#3388,#1916,.T.);
#4380=EDGE_CURVE('',#3403,#3402,#594,.T.);
#4381=EDGE_CURVE('',#3390,#3386,#1917,.T.);
#4382=EDGE_CURVE('',#3399,#3387,#1918,.T.);
#4383=EDGE_CURVE('',#3404,#3405,#1919,.T.);
#4384=EDGE_CURVE('',#3405,#3406,#1920,.T.);
#4385=EDGE_CURVE('',#3407,#3406,#1921,.T.);
#4386=EDGE_CURVE('',#3404,#3407,#1922,.T.);
#4387=EDGE_CURVE('',#3408,#3404,#1923,.T.);
#4388=EDGE_CURVE('',#3409,#3407,#1924,.T.);
#4389=EDGE_CURVE('',#3408,#3409,#1925,.T.);
#4390=EDGE_CURVE('',#3410,#3408,#1926,.T.);
#4391=EDGE_CURVE('',#3411,#3409,#1927,.T.);
#4392=EDGE_CURVE('',#3410,#3411,#1928,.T.);
#4393=EDGE_CURVE('',#3412,#3410,#1929,.T.);
#4394=EDGE_CURVE('',#3413,#3411,#1930,.T.);
#4395=EDGE_CURVE('',#3412,#3413,#1931,.T.);
#4396=EDGE_CURVE('',#3414,#3412,#1932,.T.);
#4397=EDGE_CURVE('',#3415,#3413,#1933,.T.);
#4398=EDGE_CURVE('',#3414,#3415,#1934,.T.);
#4399=EDGE_CURVE('',#3416,#3414,#1935,.T.);
#4400=EDGE_CURVE('',#3417,#3415,#1936,.T.);
#4401=EDGE_CURVE('',#3416,#3417,#1937,.T.);
#4402=EDGE_CURVE('',#3418,#3416,#1938,.T.);
#4403=EDGE_CURVE('',#3419,#3417,#1939,.T.);
#4404=EDGE_CURVE('',#3418,#3419,#1940,.T.);
#4405=EDGE_CURVE('',#3420,#3418,#1941,.T.);
#4406=EDGE_CURVE('',#3421,#3419,#1942,.T.);
#4407=EDGE_CURVE('',#3420,#3421,#1943,.T.);
#4408=EDGE_CURVE('',#3422,#3420,#1944,.T.);
#4409=EDGE_CURVE('',#3423,#3421,#1945,.T.);
#4410=EDGE_CURVE('',#3422,#3423,#1946,.T.);
#4411=EDGE_CURVE('',#3405,#3422,#1947,.T.);
#4412=EDGE_CURVE('',#3406,#3423,#1948,.T.);
#4413=EDGE_CURVE('',#3424,#3425,#173,.T.);
#4414=EDGE_CURVE('',#3425,#3426,#1949,.T.);
#4415=EDGE_CURVE('',#3427,#3426,#174,.T.);
#4416=EDGE_CURVE('',#3424,#3427,#1950,.T.);
#4417=EDGE_CURVE('',#3428,#3424,#175,.T.);
#4418=EDGE_CURVE('',#3429,#3427,#176,.T.);
#4419=EDGE_CURVE('',#3428,#3429,#1951,.T.);
#4420=EDGE_CURVE('',#3430,#3428,#177,.T.);
#4421=EDGE_CURVE('',#3431,#3429,#178,.T.);
#4422=EDGE_CURVE('',#3430,#3431,#1952,.T.);
#4423=EDGE_CURVE('',#3432,#3430,#179,.T.);
#4424=EDGE_CURVE('',#3433,#3431,#180,.T.);
#4425=EDGE_CURVE('',#3432,#3433,#1953,.T.);
#4426=EDGE_CURVE('',#3434,#3432,#181,.T.);
#4427=EDGE_CURVE('',#3435,#3433,#182,.T.);
#4428=EDGE_CURVE('',#3434,#3435,#1954,.T.);
#4429=EDGE_CURVE('',#3436,#3434,#183,.T.);
#4430=EDGE_CURVE('',#3437,#3435,#184,.T.);
#4431=EDGE_CURVE('',#3436,#3437,#1955,.T.);
#4432=EDGE_CURVE('',#3438,#3436,#185,.T.);
#4433=EDGE_CURVE('',#3439,#3437,#186,.T.);
#4434=EDGE_CURVE('',#3438,#3439,#1956,.T.);
#4435=EDGE_CURVE('',#3440,#3438,#187,.T.);
#4436=EDGE_CURVE('',#3441,#3439,#188,.T.);
#4437=EDGE_CURVE('',#3440,#3441,#1957,.T.);
#4438=EDGE_CURVE('',#3442,#3440,#189,.T.);
#4439=EDGE_CURVE('',#3443,#3441,#190,.T.);
#4440=EDGE_CURVE('',#3442,#3443,#1958,.T.);
#4441=EDGE_CURVE('',#3444,#3442,#191,.T.);
#4442=EDGE_CURVE('',#3445,#3443,#192,.T.);
#4443=EDGE_CURVE('',#3444,#3445,#1959,.T.);
#4444=EDGE_CURVE('',#3446,#3444,#193,.T.);
#4445=EDGE_CURVE('',#3447,#3445,#194,.T.);
#4446=EDGE_CURVE('',#3446,#3447,#1960,.T.);
#4447=EDGE_CURVE('',#3448,#3446,#195,.T.);
#4448=EDGE_CURVE('',#3449,#3447,#196,.T.);
#4449=EDGE_CURVE('',#3448,#3449,#1961,.T.);
#4450=EDGE_CURVE('',#3450,#3448,#197,.T.);
#4451=EDGE_CURVE('',#3451,#3449,#198,.T.);
#4452=EDGE_CURVE('',#3450,#3451,#1962,.T.);
#4453=EDGE_CURVE('',#3452,#3450,#1963,.T.);
#4454=EDGE_CURVE('',#3453,#3451,#1964,.T.);
#4455=EDGE_CURVE('',#3452,#3453,#1965,.T.);
#4456=EDGE_CURVE('',#3454,#3452,#199,.T.);
#4457=EDGE_CURVE('',#3455,#3453,#200,.T.);
#4458=EDGE_CURVE('',#3454,#3455,#1966,.T.);
#4459=EDGE_CURVE('',#3456,#3454,#201,.T.);
#4460=EDGE_CURVE('',#3457,#3455,#202,.T.);
#4461=EDGE_CURVE('',#3456,#3457,#1967,.T.);
#4462=EDGE_CURVE('',#3458,#3456,#203,.T.);
#4463=EDGE_CURVE('',#3459,#3457,#204,.T.);
#4464=EDGE_CURVE('',#3458,#3459,#1968,.T.);
#4465=EDGE_CURVE('',#3460,#3458,#205,.T.);
#4466=EDGE_CURVE('',#3461,#3459,#206,.T.);
#4467=EDGE_CURVE('',#3460,#3461,#1969,.T.);
#4468=EDGE_CURVE('',#3462,#3460,#207,.T.);
#4469=EDGE_CURVE('',#3463,#3461,#208,.T.);
#4470=EDGE_CURVE('',#3462,#3463,#1970,.T.);
#4471=EDGE_CURVE('',#3464,#3462,#209,.T.);
#4472=EDGE_CURVE('',#3465,#3463,#210,.T.);
#4473=EDGE_CURVE('',#3464,#3465,#1971,.T.);
#4474=EDGE_CURVE('',#3466,#3464,#211,.T.);
#4475=EDGE_CURVE('',#3467,#3465,#212,.T.);
#4476=EDGE_CURVE('',#3466,#3467,#1972,.T.);
#4477=EDGE_CURVE('',#3468,#3466,#213,.T.);
#4478=EDGE_CURVE('',#3469,#3467,#214,.T.);
#4479=EDGE_CURVE('',#3468,#3469,#1973,.T.);
#4480=EDGE_CURVE('',#3470,#3468,#215,.T.);
#4481=EDGE_CURVE('',#3471,#3469,#216,.T.);
#4482=EDGE_CURVE('',#3470,#3471,#1974,.T.);
#4483=EDGE_CURVE('',#3472,#3470,#217,.T.);
#4484=EDGE_CURVE('',#3473,#3471,#218,.T.);
#4485=EDGE_CURVE('',#3472,#3473,#1975,.T.);
#4486=EDGE_CURVE('',#3474,#3472,#219,.T.);
#4487=EDGE_CURVE('',#3475,#3473,#220,.T.);
#4488=EDGE_CURVE('',#3474,#3475,#1976,.T.);
#4489=EDGE_CURVE('',#3476,#3474,#221,.T.);
#4490=EDGE_CURVE('',#3477,#3475,#222,.T.);
#4491=EDGE_CURVE('',#3476,#3477,#1977,.T.);
#4492=EDGE_CURVE('',#3478,#3476,#223,.T.);
#4493=EDGE_CURVE('',#3479,#3477,#224,.T.);
#4494=EDGE_CURVE('',#3478,#3479,#1978,.T.);
#4495=EDGE_CURVE('',#3480,#3478,#225,.T.);
#4496=EDGE_CURVE('',#3481,#3479,#226,.T.);
#4497=EDGE_CURVE('',#3480,#3481,#1979,.T.);
#4498=EDGE_CURVE('',#3482,#3480,#1980,.T.);
#4499=EDGE_CURVE('',#3483,#3481,#1981,.T.);
#4500=EDGE_CURVE('',#3482,#3483,#1982,.T.);
#4501=EDGE_CURVE('',#3425,#3482,#227,.T.);
#4502=EDGE_CURVE('',#3426,#3483,#228,.T.);
#4503=EDGE_CURVE('',#3484,#3485,#229,.T.);
#4504=EDGE_CURVE('',#3485,#3486,#1983,.T.);
#4505=EDGE_CURVE('',#3487,#3486,#230,.T.);
#4506=EDGE_CURVE('',#3484,#3487,#1984,.T.);
#4507=EDGE_CURVE('',#3488,#3484,#231,.T.);
#4508=EDGE_CURVE('',#3489,#3487,#232,.T.);
#4509=EDGE_CURVE('',#3488,#3489,#1985,.T.);
#4510=EDGE_CURVE('',#3490,#3488,#233,.T.);
#4511=EDGE_CURVE('',#3491,#3489,#234,.T.);
#4512=EDGE_CURVE('',#3490,#3491,#1986,.T.);
#4513=EDGE_CURVE('',#3492,#3490,#235,.T.);
#4514=EDGE_CURVE('',#3493,#3491,#236,.T.);
#4515=EDGE_CURVE('',#3492,#3493,#1987,.T.);
#4516=EDGE_CURVE('',#3494,#3492,#237,.T.);
#4517=EDGE_CURVE('',#3495,#3493,#238,.T.);
#4518=EDGE_CURVE('',#3494,#3495,#1988,.T.);
#4519=EDGE_CURVE('',#3496,#3494,#239,.T.);
#4520=EDGE_CURVE('',#3497,#3495,#240,.T.);
#4521=EDGE_CURVE('',#3496,#3497,#1989,.T.);
#4522=EDGE_CURVE('',#3498,#3496,#1990,.T.);
#4523=EDGE_CURVE('',#3499,#3497,#1991,.T.);
#4524=EDGE_CURVE('',#3498,#3499,#1992,.T.);
#4525=EDGE_CURVE('',#3500,#3498,#1993,.T.);
#4526=EDGE_CURVE('',#3501,#3499,#1994,.T.);
#4527=EDGE_CURVE('',#3500,#3501,#1995,.T.);
#4528=EDGE_CURVE('',#3485,#3500,#1996,.T.);
#4529=EDGE_CURVE('',#3486,#3501,#1997,.T.);
#4530=EDGE_CURVE('',#3502,#3503,#241,.T.);
#4531=EDGE_CURVE('',#3503,#3504,#1998,.T.);
#4532=EDGE_CURVE('',#3505,#3504,#242,.T.);
#4533=EDGE_CURVE('',#3502,#3505,#1999,.T.);
#4534=EDGE_CURVE('',#3506,#3502,#243,.T.);
#4535=EDGE_CURVE('',#3507,#3505,#244,.T.);
#4536=EDGE_CURVE('',#3506,#3507,#2000,.T.);
#4537=EDGE_CURVE('',#3508,#3506,#245,.T.);
#4538=EDGE_CURVE('',#3509,#3507,#246,.T.);
#4539=EDGE_CURVE('',#3508,#3509,#2001,.T.);
#4540=EDGE_CURVE('',#3510,#3508,#247,.T.);
#4541=EDGE_CURVE('',#3511,#3509,#248,.T.);
#4542=EDGE_CURVE('',#3510,#3511,#2002,.T.);
#4543=EDGE_CURVE('',#3512,#3510,#249,.T.);
#4544=EDGE_CURVE('',#3513,#3511,#250,.T.);
#4545=EDGE_CURVE('',#3512,#3513,#2003,.T.);
#4546=EDGE_CURVE('',#3514,#3512,#251,.T.);
#4547=EDGE_CURVE('',#3515,#3513,#252,.T.);
#4548=EDGE_CURVE('',#3514,#3515,#2004,.T.);
#4549=EDGE_CURVE('',#3516,#3514,#2005,.T.);
#4550=EDGE_CURVE('',#3517,#3515,#2006,.T.);
#4551=EDGE_CURVE('',#3516,#3517,#2007,.T.);
#4552=EDGE_CURVE('',#3518,#3516,#2008,.T.);
#4553=EDGE_CURVE('',#3519,#3517,#2009,.T.);
#4554=EDGE_CURVE('',#3518,#3519,#2010,.T.);
#4555=EDGE_CURVE('',#3503,#3518,#2011,.T.);
#4556=EDGE_CURVE('',#3504,#3519,#2012,.T.);
#4557=EDGE_CURVE('',#3520,#3521,#2013,.T.);
#4558=EDGE_CURVE('',#3521,#3522,#2014,.T.);
#4559=EDGE_CURVE('',#3523,#3522,#2015,.T.);
#4560=EDGE_CURVE('',#3520,#3523,#2016,.T.);
#4561=EDGE_CURVE('',#3524,#3520,#253,.T.);
#4562=EDGE_CURVE('',#3525,#3523,#254,.T.);
#4563=EDGE_CURVE('',#3524,#3525,#2017,.T.);
#4564=EDGE_CURVE('',#3526,#3524,#255,.T.);
#4565=EDGE_CURVE('',#3527,#3525,#256,.T.);
#4566=EDGE_CURVE('',#3526,#3527,#2018,.T.);
#4567=EDGE_CURVE('',#3528,#3526,#257,.T.);
#4568=EDGE_CURVE('',#3529,#3527,#258,.T.);
#4569=EDGE_CURVE('',#3528,#3529,#2019,.T.);
#4570=EDGE_CURVE('',#3530,#3528,#259,.T.);
#4571=EDGE_CURVE('',#3531,#3529,#260,.T.);
#4572=EDGE_CURVE('',#3530,#3531,#2020,.T.);
#4573=EDGE_CURVE('',#3532,#3530,#261,.T.);
#4574=EDGE_CURVE('',#3533,#3531,#262,.T.);
#4575=EDGE_CURVE('',#3532,#3533,#2021,.T.);
#4576=EDGE_CURVE('',#3534,#3532,#263,.T.);
#4577=EDGE_CURVE('',#3535,#3533,#264,.T.);
#4578=EDGE_CURVE('',#3534,#3535,#2022,.T.);
#4579=EDGE_CURVE('',#3536,#3534,#265,.T.);
#4580=EDGE_CURVE('',#3537,#3535,#266,.T.);
#4581=EDGE_CURVE('',#3536,#3537,#2023,.T.);
#4582=EDGE_CURVE('',#3538,#3536,#267,.T.);
#4583=EDGE_CURVE('',#3539,#3537,#268,.T.);
#4584=EDGE_CURVE('',#3538,#3539,#2024,.T.);
#4585=EDGE_CURVE('',#3540,#3538,#269,.T.);
#4586=EDGE_CURVE('',#3541,#3539,#270,.T.);
#4587=EDGE_CURVE('',#3540,#3541,#2025,.T.);
#4588=EDGE_CURVE('',#3542,#3540,#271,.T.);
#4589=EDGE_CURVE('',#3543,#3541,#272,.T.);
#4590=EDGE_CURVE('',#3542,#3543,#2026,.T.);
#4591=EDGE_CURVE('',#3544,#3542,#273,.T.);
#4592=EDGE_CURVE('',#3545,#3543,#274,.T.);
#4593=EDGE_CURVE('',#3544,#3545,#2027,.T.);
#4594=EDGE_CURVE('',#3546,#3544,#275,.T.);
#4595=EDGE_CURVE('',#3547,#3545,#276,.T.);
#4596=EDGE_CURVE('',#3546,#3547,#2028,.T.);
#4597=EDGE_CURVE('',#3548,#3546,#2029,.T.);
#4598=EDGE_CURVE('',#3549,#3547,#2030,.T.);
#4599=EDGE_CURVE('',#3548,#3549,#2031,.T.);
#4600=EDGE_CURVE('',#3521,#3548,#2032,.T.);
#4601=EDGE_CURVE('',#3522,#3549,#2033,.T.);
#4602=EDGE_CURVE('',#3550,#3551,#2034,.T.);
#4603=EDGE_CURVE('',#3551,#3552,#2035,.T.);
#4604=EDGE_CURVE('',#3553,#3552,#2036,.T.);
#4605=EDGE_CURVE('',#3550,#3553,#2037,.T.);
#4606=EDGE_CURVE('',#3554,#3550,#2038,.T.);
#4607=EDGE_CURVE('',#3555,#3553,#2039,.T.);
#4608=EDGE_CURVE('',#3554,#3555,#2040,.T.);
#4609=EDGE_CURVE('',#3556,#3554,#2041,.T.);
#4610=EDGE_CURVE('',#3557,#3555,#2042,.T.);
#4611=EDGE_CURVE('',#3556,#3557,#2043,.T.);
#4612=EDGE_CURVE('',#3558,#3556,#2044,.T.);
#4613=EDGE_CURVE('',#3559,#3557,#2045,.T.);
#4614=EDGE_CURVE('',#3558,#3559,#2046,.T.);
#4615=EDGE_CURVE('',#3560,#3558,#2047,.T.);
#4616=EDGE_CURVE('',#3561,#3559,#2048,.T.);
#4617=EDGE_CURVE('',#3560,#3561,#2049,.T.);
#4618=EDGE_CURVE('',#3551,#3560,#2050,.T.);
#4619=EDGE_CURVE('',#3552,#3561,#2051,.T.);
#4620=EDGE_CURVE('',#3562,#3563,#2052,.T.);
#4621=EDGE_CURVE('',#3563,#3564,#2053,.T.);
#4622=EDGE_CURVE('',#3565,#3564,#2054,.T.);
#4623=EDGE_CURVE('',#3562,#3565,#2055,.T.);
#4624=EDGE_CURVE('',#3566,#3562,#2056,.T.);
#4625=EDGE_CURVE('',#3567,#3565,#2057,.T.);
#4626=EDGE_CURVE('',#3566,#3567,#2058,.T.);
#4627=EDGE_CURVE('',#3568,#3566,#2059,.T.);
#4628=EDGE_CURVE('',#3569,#3567,#2060,.T.);
#4629=EDGE_CURVE('',#3568,#3569,#2061,.T.);
#4630=EDGE_CURVE('',#3570,#3568,#2062,.T.);
#4631=EDGE_CURVE('',#3571,#3569,#2063,.T.);
#4632=EDGE_CURVE('',#3570,#3571,#2064,.T.);
#4633=EDGE_CURVE('',#3572,#3570,#2065,.T.);
#4634=EDGE_CURVE('',#3573,#3571,#2066,.T.);
#4635=EDGE_CURVE('',#3572,#3573,#2067,.T.);
#4636=EDGE_CURVE('',#3574,#3572,#2068,.T.);
#4637=EDGE_CURVE('',#3575,#3573,#2069,.T.);
#4638=EDGE_CURVE('',#3574,#3575,#2070,.T.);
#4639=EDGE_CURVE('',#3576,#3574,#2071,.T.);
#4640=EDGE_CURVE('',#3577,#3575,#2072,.T.);
#4641=EDGE_CURVE('',#3576,#3577,#2073,.T.);
#4642=EDGE_CURVE('',#3563,#3576,#2074,.T.);
#4643=EDGE_CURVE('',#3564,#3577,#2075,.T.);
#4644=EDGE_CURVE('',#3578,#3579,#2076,.T.);
#4645=EDGE_CURVE('',#3579,#3580,#2077,.T.);
#4646=EDGE_CURVE('',#3581,#3580,#2078,.T.);
#4647=EDGE_CURVE('',#3578,#3581,#2079,.T.);
#4648=EDGE_CURVE('',#3582,#3578,#2080,.T.);
#4649=EDGE_CURVE('',#3583,#3581,#2081,.T.);
#4650=EDGE_CURVE('',#3582,#3583,#2082,.T.);
#4651=EDGE_CURVE('',#3584,#3582,#2083,.T.);
#4652=EDGE_CURVE('',#3585,#3583,#2084,.T.);
#4653=EDGE_CURVE('',#3584,#3585,#2085,.T.);
#4654=EDGE_CURVE('',#3586,#3584,#2086,.T.);
#4655=EDGE_CURVE('',#3587,#3585,#2087,.T.);
#4656=EDGE_CURVE('',#3586,#3587,#2088,.T.);
#4657=EDGE_CURVE('',#3588,#3586,#2089,.T.);
#4658=EDGE_CURVE('',#3589,#3587,#2090,.T.);
#4659=EDGE_CURVE('',#3588,#3589,#2091,.T.);
#4660=EDGE_CURVE('',#3590,#3588,#2092,.T.);
#4661=EDGE_CURVE('',#3591,#3589,#2093,.T.);
#4662=EDGE_CURVE('',#3590,#3591,#2094,.T.);
#4663=EDGE_CURVE('',#3592,#3590,#2095,.T.);
#4664=EDGE_CURVE('',#3593,#3591,#2096,.T.);
#4665=EDGE_CURVE('',#3592,#3593,#2097,.T.);
#4666=EDGE_CURVE('',#3594,#3592,#2098,.T.);
#4667=EDGE_CURVE('',#3595,#3593,#2099,.T.);
#4668=EDGE_CURVE('',#3594,#3595,#2100,.T.);
#4669=EDGE_CURVE('',#3596,#3594,#2101,.T.);
#4670=EDGE_CURVE('',#3597,#3595,#2102,.T.);
#4671=EDGE_CURVE('',#3596,#3597,#2103,.T.);
#4672=EDGE_CURVE('',#3598,#3596,#2104,.T.);
#4673=EDGE_CURVE('',#3599,#3597,#2105,.T.);
#4674=EDGE_CURVE('',#3598,#3599,#2106,.T.);
#4675=EDGE_CURVE('',#3600,#3598,#2107,.T.);
#4676=EDGE_CURVE('',#3601,#3599,#2108,.T.);
#4677=EDGE_CURVE('',#3600,#3601,#2109,.T.);
#4678=EDGE_CURVE('',#3579,#3600,#2110,.T.);
#4679=EDGE_CURVE('',#3580,#3601,#2111,.T.);
#4680=EDGE_CURVE('',#3602,#3603,#2112,.T.);
#4681=EDGE_CURVE('',#3603,#3604,#2113,.T.);
#4682=EDGE_CURVE('',#3605,#3604,#2114,.T.);
#4683=EDGE_CURVE('',#3602,#3605,#2115,.T.);
#4684=EDGE_CURVE('',#3606,#3602,#2116,.T.);
#4685=EDGE_CURVE('',#3607,#3605,#2117,.T.);
#4686=EDGE_CURVE('',#3606,#3607,#2118,.T.);
#4687=EDGE_CURVE('',#3608,#3606,#2119,.T.);
#4688=EDGE_CURVE('',#3609,#3607,#2120,.T.);
#4689=EDGE_CURVE('',#3608,#3609,#2121,.T.);
#4690=EDGE_CURVE('',#3610,#3608,#2122,.T.);
#4691=EDGE_CURVE('',#3611,#3609,#2123,.T.);
#4692=EDGE_CURVE('',#3610,#3611,#2124,.T.);
#4693=EDGE_CURVE('',#3612,#3610,#2125,.T.);
#4694=EDGE_CURVE('',#3613,#3611,#2126,.T.);
#4695=EDGE_CURVE('',#3612,#3613,#2127,.T.);
#4696=EDGE_CURVE('',#3614,#3612,#2128,.T.);
#4697=EDGE_CURVE('',#3615,#3613,#2129,.T.);
#4698=EDGE_CURVE('',#3614,#3615,#2130,.T.);
#4699=EDGE_CURVE('',#3616,#3614,#2131,.T.);
#4700=EDGE_CURVE('',#3617,#3615,#2132,.T.);
#4701=EDGE_CURVE('',#3616,#3617,#2133,.T.);
#4702=EDGE_CURVE('',#3618,#3616,#2134,.T.);
#4703=EDGE_CURVE('',#3619,#3617,#2135,.T.);
#4704=EDGE_CURVE('',#3618,#3619,#2136,.T.);
#4705=EDGE_CURVE('',#3620,#3618,#2137,.T.);
#4706=EDGE_CURVE('',#3621,#3619,#2138,.T.);
#4707=EDGE_CURVE('',#3620,#3621,#2139,.T.);
#4708=EDGE_CURVE('',#3622,#3620,#2140,.T.);
#4709=EDGE_CURVE('',#3623,#3621,#2141,.T.);
#4710=EDGE_CURVE('',#3622,#3623,#2142,.T.);
#4711=EDGE_CURVE('',#3624,#3622,#2143,.T.);
#4712=EDGE_CURVE('',#3625,#3623,#2144,.T.);
#4713=EDGE_CURVE('',#3624,#3625,#2145,.T.);
#4714=EDGE_CURVE('',#3603,#3624,#2146,.T.);
#4715=EDGE_CURVE('',#3604,#3625,#2147,.T.);
#4716=EDGE_CURVE('',#3626,#3627,#277,.T.);
#4717=EDGE_CURVE('',#3627,#3628,#2148,.T.);
#4718=EDGE_CURVE('',#3629,#3628,#278,.T.);
#4719=EDGE_CURVE('',#3626,#3629,#2149,.T.);
#4720=EDGE_CURVE('',#3630,#3626,#279,.T.);
#4721=EDGE_CURVE('',#3631,#3629,#280,.T.);
#4722=EDGE_CURVE('',#3630,#3631,#2150,.T.);
#4723=EDGE_CURVE('',#3632,#3630,#281,.T.);
#4724=EDGE_CURVE('',#3633,#3631,#282,.T.);
#4725=EDGE_CURVE('',#3632,#3633,#2151,.T.);
#4726=EDGE_CURVE('',#3634,#3632,#283,.T.);
#4727=EDGE_CURVE('',#3635,#3633,#284,.T.);
#4728=EDGE_CURVE('',#3634,#3635,#2152,.T.);
#4729=EDGE_CURVE('',#3636,#3634,#285,.T.);
#4730=EDGE_CURVE('',#3637,#3635,#286,.T.);
#4731=EDGE_CURVE('',#3636,#3637,#2153,.T.);
#4732=EDGE_CURVE('',#3638,#3636,#287,.T.);
#4733=EDGE_CURVE('',#3639,#3637,#288,.T.);
#4734=EDGE_CURVE('',#3638,#3639,#2154,.T.);
#4735=EDGE_CURVE('',#3640,#3638,#289,.T.);
#4736=EDGE_CURVE('',#3641,#3639,#290,.T.);
#4737=EDGE_CURVE('',#3640,#3641,#2155,.T.);
#4738=EDGE_CURVE('',#3642,#3640,#291,.T.);
#4739=EDGE_CURVE('',#3643,#3641,#292,.T.);
#4740=EDGE_CURVE('',#3642,#3643,#2156,.T.);
#4741=EDGE_CURVE('',#3644,#3642,#293,.T.);
#4742=EDGE_CURVE('',#3645,#3643,#294,.T.);
#4743=EDGE_CURVE('',#3644,#3645,#2157,.T.);
#4744=EDGE_CURVE('',#3646,#3644,#295,.T.);
#4745=EDGE_CURVE('',#3647,#3645,#296,.T.);
#4746=EDGE_CURVE('',#3646,#3647,#2158,.T.);
#4747=EDGE_CURVE('',#3648,#3646,#297,.T.);
#4748=EDGE_CURVE('',#3649,#3647,#298,.T.);
#4749=EDGE_CURVE('',#3648,#3649,#2159,.T.);
#4750=EDGE_CURVE('',#3650,#3648,#299,.T.);
#4751=EDGE_CURVE('',#3651,#3649,#300,.T.);
#4752=EDGE_CURVE('',#3650,#3651,#2160,.T.);
#4753=EDGE_CURVE('',#3652,#3650,#301,.T.);
#4754=EDGE_CURVE('',#3653,#3651,#302,.T.);
#4755=EDGE_CURVE('',#3652,#3653,#2161,.T.);
#4756=EDGE_CURVE('',#3654,#3652,#2162,.T.);
#4757=EDGE_CURVE('',#3655,#3653,#2163,.T.);
#4758=EDGE_CURVE('',#3654,#3655,#2164,.T.);
#4759=EDGE_CURVE('',#3656,#3654,#303,.T.);
#4760=EDGE_CURVE('',#3657,#3655,#304,.T.);
#4761=EDGE_CURVE('',#3656,#3657,#2165,.T.);
#4762=EDGE_CURVE('',#3658,#3656,#305,.T.);
#4763=EDGE_CURVE('',#3659,#3657,#306,.T.);
#4764=EDGE_CURVE('',#3658,#3659,#2166,.T.);
#4765=EDGE_CURVE('',#3660,#3658,#307,.T.);
#4766=EDGE_CURVE('',#3661,#3659,#308,.T.);
#4767=EDGE_CURVE('',#3660,#3661,#2167,.T.);
#4768=EDGE_CURVE('',#3662,#3660,#309,.T.);
#4769=EDGE_CURVE('',#3663,#3661,#310,.T.);
#4770=EDGE_CURVE('',#3662,#3663,#2168,.T.);
#4771=EDGE_CURVE('',#3664,#3662,#311,.T.);
#4772=EDGE_CURVE('',#3665,#3663,#312,.T.);
#4773=EDGE_CURVE('',#3664,#3665,#2169,.T.);
#4774=EDGE_CURVE('',#3666,#3664,#313,.T.);
#4775=EDGE_CURVE('',#3667,#3665,#314,.T.);
#4776=EDGE_CURVE('',#3666,#3667,#2170,.T.);
#4777=EDGE_CURVE('',#3668,#3666,#315,.T.);
#4778=EDGE_CURVE('',#3669,#3667,#316,.T.);
#4779=EDGE_CURVE('',#3668,#3669,#2171,.T.);
#4780=EDGE_CURVE('',#3670,#3668,#317,.T.);
#4781=EDGE_CURVE('',#3671,#3669,#318,.T.);
#4782=EDGE_CURVE('',#3670,#3671,#2172,.T.);
#4783=EDGE_CURVE('',#3672,#3670,#319,.T.);
#4784=EDGE_CURVE('',#3673,#3671,#320,.T.);
#4785=EDGE_CURVE('',#3672,#3673,#2173,.T.);
#4786=EDGE_CURVE('',#3674,#3672,#321,.T.);
#4787=EDGE_CURVE('',#3675,#3673,#322,.T.);
#4788=EDGE_CURVE('',#3674,#3675,#2174,.T.);
#4789=EDGE_CURVE('',#3676,#3674,#323,.T.);
#4790=EDGE_CURVE('',#3677,#3675,#324,.T.);
#4791=EDGE_CURVE('',#3676,#3677,#2175,.T.);
#4792=EDGE_CURVE('',#3678,#3676,#325,.T.);
#4793=EDGE_CURVE('',#3679,#3677,#326,.T.);
#4794=EDGE_CURVE('',#3678,#3679,#2176,.T.);
#4795=EDGE_CURVE('',#3680,#3678,#327,.T.);
#4796=EDGE_CURVE('',#3681,#3679,#328,.T.);
#4797=EDGE_CURVE('',#3680,#3681,#2177,.T.);
#4798=EDGE_CURVE('',#3682,#3680,#329,.T.);
#4799=EDGE_CURVE('',#3683,#3681,#330,.T.);
#4800=EDGE_CURVE('',#3682,#3683,#2178,.T.);
#4801=EDGE_CURVE('',#3684,#3682,#2179,.T.);
#4802=EDGE_CURVE('',#3685,#3683,#2180,.T.);
#4803=EDGE_CURVE('',#3684,#3685,#2181,.T.);
#4804=EDGE_CURVE('',#3627,#3684,#331,.T.);
#4805=EDGE_CURVE('',#3628,#3685,#332,.T.);
#4806=ORIENTED_EDGE('',*,*,#3686,.F.);
#4807=ORIENTED_EDGE('',*,*,#3687,.F.);
#4808=ORIENTED_EDGE('',*,*,#3688,.T.);
#4809=ORIENTED_EDGE('',*,*,#3689,.F.);
#4810=ORIENTED_EDGE('',*,*,#3687,.T.);
#4811=ORIENTED_EDGE('',*,*,#3690,.T.);
#4812=ORIENTED_EDGE('',*,*,#3691,.T.);
#4813=ORIENTED_EDGE('',*,*,#3692,.T.);
#4814=ORIENTED_EDGE('',*,*,#3693,.T.);
#4815=ORIENTED_EDGE('',*,*,#3694,.T.);
#4816=ORIENTED_EDGE('',*,*,#3695,.F.);
#4817=ORIENTED_EDGE('',*,*,#3696,.T.);
#4818=ORIENTED_EDGE('',*,*,#3697,.T.);
#4819=ORIENTED_EDGE('',*,*,#3698,.F.);
#4820=ORIENTED_EDGE('',*,*,#3699,.F.);
#4821=ORIENTED_EDGE('',*,*,#3700,.F.);
#4822=ORIENTED_EDGE('',*,*,#3701,.T.);
#4823=ORIENTED_EDGE('',*,*,#3702,.F.);
#4824=ORIENTED_EDGE('',*,*,#3703,.F.);
#4825=ORIENTED_EDGE('',*,*,#3704,.F.);
#4826=ORIENTED_EDGE('',*,*,#3705,.F.);
#4827=ORIENTED_EDGE('',*,*,#3706,.F.);
#4828=ORIENTED_EDGE('',*,*,#3707,.F.);
#4829=ORIENTED_EDGE('',*,*,#3702,.T.);
#4830=ORIENTED_EDGE('',*,*,#3708,.T.);
#4831=ORIENTED_EDGE('',*,*,#3709,.F.);
#4832=ORIENTED_EDGE('',*,*,#3710,.F.);
#4833=ORIENTED_EDGE('',*,*,#3708,.F.);
#4834=ORIENTED_EDGE('',*,*,#3701,.F.);
#4835=ORIENTED_EDGE('',*,*,#3711,.F.);
#4836=ORIENTED_EDGE('',*,*,#3692,.F.);
#4837=ORIENTED_EDGE('',*,*,#3712,.F.);
#4838=ORIENTED_EDGE('',*,*,#3700,.T.);
#4839=ORIENTED_EDGE('',*,*,#3713,.T.);
#4840=ORIENTED_EDGE('',*,*,#3693,.F.);
#4841=ORIENTED_EDGE('',*,*,#3711,.T.);
#4842=ORIENTED_EDGE('',*,*,#3706,.T.);
#4843=ORIENTED_EDGE('',*,*,#3714,.F.);
#4844=ORIENTED_EDGE('',*,*,#3694,.F.);
#4845=ORIENTED_EDGE('',*,*,#3713,.F.);
#4846=ORIENTED_EDGE('',*,*,#3705,.T.);
#4847=ORIENTED_EDGE('',*,*,#3715,.T.);
#4848=ORIENTED_EDGE('',*,*,#3695,.T.);
#4849=ORIENTED_EDGE('',*,*,#3714,.T.);
#4850=ORIENTED_EDGE('',*,*,#3716,.F.);
#4851=ORIENTED_EDGE('',*,*,#3717,.F.);
#4852=ORIENTED_EDGE('',*,*,#3712,.T.);
#4853=ORIENTED_EDGE('',*,*,#3691,.F.);
#4854=ORIENTED_EDGE('',*,*,#3686,.T.);
#4855=ORIENTED_EDGE('',*,*,#3718,.F.);
#4856=ORIENTED_EDGE('',*,*,#3716,.T.);
#4857=ORIENTED_EDGE('',*,*,#3690,.F.);
#4858=ORIENTED_EDGE('',*,*,#3719,.F.);
#4859=ORIENTED_EDGE('',*,*,#3720,.T.);
#4860=ORIENTED_EDGE('',*,*,#3721,.T.);
#4861=ORIENTED_EDGE('',*,*,#3722,.F.);
#4862=ORIENTED_EDGE('',*,*,#3723,.F.);
#4863=ORIENTED_EDGE('',*,*,#3724,.T.);
#4864=ORIENTED_EDGE('',*,*,#3725,.T.);
#4865=ORIENTED_EDGE('',*,*,#3720,.F.);
#4866=ORIENTED_EDGE('',*,*,#3726,.F.);
#4867=ORIENTED_EDGE('',*,*,#3727,.T.);
#4868=ORIENTED_EDGE('',*,*,#3728,.T.);
#4869=ORIENTED_EDGE('',*,*,#3724,.F.);
#4870=ORIENTED_EDGE('',*,*,#3729,.F.);
#4871=ORIENTED_EDGE('',*,*,#3722,.T.);
#4872=ORIENTED_EDGE('',*,*,#3730,.T.);
#4873=ORIENTED_EDGE('',*,*,#3727,.F.);
#4874=ORIENTED_EDGE('',*,*,#3730,.F.);
#4875=ORIENTED_EDGE('',*,*,#3721,.F.);
#4876=ORIENTED_EDGE('',*,*,#3725,.F.);
#4877=ORIENTED_EDGE('',*,*,#3728,.F.);
#4878=ORIENTED_EDGE('',*,*,#3704,.T.);
#4879=ORIENTED_EDGE('',*,*,#3731,.F.);
#4880=ORIENTED_EDGE('',*,*,#3696,.F.);
#4881=ORIENTED_EDGE('',*,*,#3715,.F.);
#4882=ORIENTED_EDGE('',*,*,#3732,.T.);
#4883=ORIENTED_EDGE('',*,*,#3733,.T.);
#4884=ORIENTED_EDGE('',*,*,#3734,.T.);
#4885=ORIENTED_EDGE('',*,*,#3735,.T.);
#4886=ORIENTED_EDGE('',*,*,#3736,.F.);
#4887=ORIENTED_EDGE('',*,*,#3737,.F.);
#4888=ORIENTED_EDGE('',*,*,#3738,.T.);
#4889=ORIENTED_EDGE('',*,*,#3698,.T.);
#4890=ORIENTED_EDGE('',*,*,#3739,.T.);
#4891=ORIENTED_EDGE('',*,*,#3688,.F.);
#4892=ORIENTED_EDGE('',*,*,#3699,.T.);
#4893=ORIENTED_EDGE('',*,*,#3738,.F.);
#4894=ORIENTED_EDGE('',*,*,#3740,.F.);
#4895=ORIENTED_EDGE('',*,*,#3741,.F.);
#4896=ORIENTED_EDGE('',*,*,#3742,.F.);
#4897=ORIENTED_EDGE('',*,*,#3734,.F.);
#4898=ORIENTED_EDGE('',*,*,#3689,.T.);
#4899=ORIENTED_EDGE('',*,*,#3739,.F.);
#4900=ORIENTED_EDGE('',*,*,#3733,.F.);
#4901=ORIENTED_EDGE('',*,*,#3743,.T.);
#4902=ORIENTED_EDGE('',*,*,#3709,.T.);
#4903=ORIENTED_EDGE('',*,*,#3710,.T.);
#4904=ORIENTED_EDGE('',*,*,#3717,.T.);
#4905=ORIENTED_EDGE('',*,*,#3718,.T.);
#4906=ORIENTED_EDGE('',*,*,#3741,.T.);
#4907=ORIENTED_EDGE('',*,*,#3744,.T.);
#4908=ORIENTED_EDGE('',*,*,#3745,.F.);
#4909=ORIENTED_EDGE('',*,*,#3746,.F.);
#4910=ORIENTED_EDGE('',*,*,#3747,.T.);
#4911=ORIENTED_EDGE('',*,*,#3748,.T.);
#4912=ORIENTED_EDGE('',*,*,#3749,.T.);
#4913=ORIENTED_EDGE('',*,*,#3750,.T.);
#4914=ORIENTED_EDGE('',*,*,#3751,.T.);
#4915=ORIENTED_EDGE('',*,*,#3752,.T.);
#4916=ORIENTED_EDGE('',*,*,#3753,.T.);
#4917=ORIENTED_EDGE('',*,*,#3754,.T.);
#4918=ORIENTED_EDGE('',*,*,#3751,.F.);
#4919=ORIENTED_EDGE('',*,*,#3755,.F.);
#4920=ORIENTED_EDGE('',*,*,#3756,.F.);
#4921=ORIENTED_EDGE('',*,*,#3757,.T.);
#4922=ORIENTED_EDGE('',*,*,#3752,.F.);
#4923=ORIENTED_EDGE('',*,*,#3757,.F.);
#4924=ORIENTED_EDGE('',*,*,#3758,.F.);
#4925=ORIENTED_EDGE('',*,*,#3759,.T.);
#4926=ORIENTED_EDGE('',*,*,#3753,.F.);
#4927=ORIENTED_EDGE('',*,*,#3759,.F.);
#4928=ORIENTED_EDGE('',*,*,#3760,.F.);
#4929=ORIENTED_EDGE('',*,*,#3761,.T.);
#4930=ORIENTED_EDGE('',*,*,#3754,.F.);
#4931=ORIENTED_EDGE('',*,*,#3761,.F.);
#4932=ORIENTED_EDGE('',*,*,#3762,.F.);
#4933=ORIENTED_EDGE('',*,*,#3763,.T.);
#4934=ORIENTED_EDGE('',*,*,#3747,.F.);
#4935=ORIENTED_EDGE('',*,*,#3763,.F.);
#4936=ORIENTED_EDGE('',*,*,#3764,.F.);
#4937=ORIENTED_EDGE('',*,*,#3765,.T.);
#4938=ORIENTED_EDGE('',*,*,#3748,.F.);
#4939=ORIENTED_EDGE('',*,*,#3765,.F.);
#4940=ORIENTED_EDGE('',*,*,#3766,.F.);
#4941=ORIENTED_EDGE('',*,*,#3767,.T.);
#4942=ORIENTED_EDGE('',*,*,#3749,.F.);
#4943=ORIENTED_EDGE('',*,*,#3767,.F.);
#4944=ORIENTED_EDGE('',*,*,#3768,.F.);
#4945=ORIENTED_EDGE('',*,*,#3769,.T.);
#4946=ORIENTED_EDGE('',*,*,#3750,.F.);
#4947=ORIENTED_EDGE('',*,*,#3769,.F.);
#4948=ORIENTED_EDGE('',*,*,#3770,.F.);
#4949=ORIENTED_EDGE('',*,*,#3755,.T.);
#4950=ORIENTED_EDGE('',*,*,#3707,.T.);
#4951=ORIENTED_EDGE('',*,*,#3743,.F.);
#4952=ORIENTED_EDGE('',*,*,#3732,.F.);
#4953=ORIENTED_EDGE('',*,*,#3697,.F.);
#4954=ORIENTED_EDGE('',*,*,#3731,.T.);
#4955=ORIENTED_EDGE('',*,*,#3703,.T.);
#4956=ORIENTED_EDGE('',*,*,#3719,.T.);
#4957=ORIENTED_EDGE('',*,*,#3729,.T.);
#4958=ORIENTED_EDGE('',*,*,#3726,.T.);
#4959=ORIENTED_EDGE('',*,*,#3723,.T.);
#4960=ORIENTED_EDGE('',*,*,#3771,.T.);
#4961=ORIENTED_EDGE('',*,*,#3772,.T.);
#4962=ORIENTED_EDGE('',*,*,#3773,.T.);
#4963=ORIENTED_EDGE('',*,*,#3774,.T.);
#4964=ORIENTED_EDGE('',*,*,#3772,.F.);
#4965=ORIENTED_EDGE('',*,*,#3775,.T.);
#4966=ORIENTED_EDGE('',*,*,#3776,.F.);
#4967=ORIENTED_EDGE('',*,*,#3777,.F.);
#4968=ORIENTED_EDGE('',*,*,#3771,.F.);
#4969=ORIENTED_EDGE('',*,*,#3778,.F.);
#4970=ORIENTED_EDGE('',*,*,#3779,.F.);
#4971=ORIENTED_EDGE('',*,*,#3780,.F.);
#4972=ORIENTED_EDGE('',*,*,#3781,.F.);
#4973=ORIENTED_EDGE('',*,*,#3782,.T.);
#4974=ORIENTED_EDGE('',*,*,#3783,.T.);
#4975=ORIENTED_EDGE('',*,*,#3784,.T.);
#4976=ORIENTED_EDGE('',*,*,#3785,.F.);
#4977=ORIENTED_EDGE('',*,*,#3786,.T.);
#4978=ORIENTED_EDGE('',*,*,#3787,.T.);
#4979=ORIENTED_EDGE('',*,*,#3788,.T.);
#4980=ORIENTED_EDGE('',*,*,#3789,.T.);
#4981=ORIENTED_EDGE('',*,*,#3790,.T.);
#4982=ORIENTED_EDGE('',*,*,#3791,.F.);
#4983=ORIENTED_EDGE('',*,*,#3792,.T.);
#4984=ORIENTED_EDGE('',*,*,#3793,.T.);
#4985=ORIENTED_EDGE('',*,*,#3794,.T.);
#4986=ORIENTED_EDGE('',*,*,#3795,.F.);
#4987=ORIENTED_EDGE('',*,*,#3796,.F.);
#4988=ORIENTED_EDGE('',*,*,#3797,.F.);
#4989=ORIENTED_EDGE('',*,*,#3798,.F.);
#4990=ORIENTED_EDGE('',*,*,#3799,.F.);
#4991=ORIENTED_EDGE('',*,*,#3775,.F.);
#4992=ORIENTED_EDGE('',*,*,#3799,.T.);
#4993=ORIENTED_EDGE('',*,*,#3800,.T.);
#4994=ORIENTED_EDGE('',*,*,#3801,.T.);
#4995=ORIENTED_EDGE('',*,*,#3776,.T.);
#4996=ORIENTED_EDGE('',*,*,#3800,.F.);
#4997=ORIENTED_EDGE('',*,*,#3798,.T.);
#4998=ORIENTED_EDGE('',*,*,#3802,.F.);
#4999=ORIENTED_EDGE('',*,*,#3803,.F.);
#5000=ORIENTED_EDGE('',*,*,#3764,.T.);
#5001=ORIENTED_EDGE('',*,*,#3762,.T.);
#5002=ORIENTED_EDGE('',*,*,#3760,.T.);
#5003=ORIENTED_EDGE('',*,*,#3758,.T.);
#5004=ORIENTED_EDGE('',*,*,#3756,.T.);
#5005=ORIENTED_EDGE('',*,*,#3770,.T.);
#5006=ORIENTED_EDGE('',*,*,#3768,.T.);
#5007=ORIENTED_EDGE('',*,*,#3766,.T.);
#5008=ORIENTED_EDGE('',*,*,#3797,.T.);
#5009=ORIENTED_EDGE('',*,*,#3804,.T.);
#5010=ORIENTED_EDGE('',*,*,#3805,.T.);
#5011=ORIENTED_EDGE('',*,*,#3802,.T.);
#5012=ORIENTED_EDGE('',*,*,#3804,.F.);
#5013=ORIENTED_EDGE('',*,*,#3796,.T.);
#5014=ORIENTED_EDGE('',*,*,#3806,.T.);
#5015=ORIENTED_EDGE('',*,*,#3807,.T.);
#5016=ORIENTED_EDGE('',*,*,#3808,.T.);
#5017=ORIENTED_EDGE('',*,*,#3809,.T.);
#5018=ORIENTED_EDGE('',*,*,#3780,.T.);
#5019=ORIENTED_EDGE('',*,*,#3810,.F.);
#5020=ORIENTED_EDGE('',*,*,#3811,.T.);
#5021=ORIENTED_EDGE('',*,*,#3812,.T.);
#5022=ORIENTED_EDGE('',*,*,#3810,.T.);
#5023=ORIENTED_EDGE('',*,*,#3779,.T.);
#5024=ORIENTED_EDGE('',*,*,#3813,.T.);
#5025=ORIENTED_EDGE('',*,*,#3774,.F.);
#5026=ORIENTED_EDGE('',*,*,#3814,.F.);
#5027=ORIENTED_EDGE('',*,*,#3813,.F.);
#5028=ORIENTED_EDGE('',*,*,#3778,.T.);
#5029=ORIENTED_EDGE('',*,*,#3786,.F.);
#5030=ORIENTED_EDGE('',*,*,#3815,.T.);
#5031=ORIENTED_EDGE('',*,*,#3816,.F.);
#5032=ORIENTED_EDGE('',*,*,#3817,.F.);
#5033=ORIENTED_EDGE('',*,*,#3787,.F.);
#5034=ORIENTED_EDGE('',*,*,#3817,.T.);
#5035=ORIENTED_EDGE('',*,*,#3818,.F.);
#5036=ORIENTED_EDGE('',*,*,#3819,.F.);
#5037=ORIENTED_EDGE('',*,*,#3788,.F.);
#5038=ORIENTED_EDGE('',*,*,#3819,.T.);
#5039=ORIENTED_EDGE('',*,*,#3820,.F.);
#5040=ORIENTED_EDGE('',*,*,#3821,.F.);
#5041=ORIENTED_EDGE('',*,*,#3789,.F.);
#5042=ORIENTED_EDGE('',*,*,#3821,.T.);
#5043=ORIENTED_EDGE('',*,*,#3822,.F.);
#5044=ORIENTED_EDGE('',*,*,#3823,.F.);
#5045=ORIENTED_EDGE('',*,*,#3790,.F.);
#5046=ORIENTED_EDGE('',*,*,#3823,.T.);
#5047=ORIENTED_EDGE('',*,*,#3824,.F.);
#5048=ORIENTED_EDGE('',*,*,#3825,.F.);
#5049=ORIENTED_EDGE('',*,*,#3826,.F.);
#5050=ORIENTED_EDGE('',*,*,#3827,.T.);
#5051=ORIENTED_EDGE('',*,*,#3828,.F.);
#5052=ORIENTED_EDGE('',*,*,#3815,.F.);
#5053=ORIENTED_EDGE('',*,*,#3828,.T.);
#5054=ORIENTED_EDGE('',*,*,#3829,.T.);
#5055=ORIENTED_EDGE('',*,*,#3736,.T.);
#5056=ORIENTED_EDGE('',*,*,#3830,.T.);
#5057=ORIENTED_EDGE('',*,*,#3745,.T.);
#5058=ORIENTED_EDGE('',*,*,#3831,.T.);
#5059=ORIENTED_EDGE('',*,*,#3832,.T.);
#5060=ORIENTED_EDGE('',*,*,#3824,.T.);
#5061=ORIENTED_EDGE('',*,*,#3822,.T.);
#5062=ORIENTED_EDGE('',*,*,#3820,.T.);
#5063=ORIENTED_EDGE('',*,*,#3818,.T.);
#5064=ORIENTED_EDGE('',*,*,#3816,.T.);
#5065=ORIENTED_EDGE('',*,*,#3783,.F.);
#5066=ORIENTED_EDGE('',*,*,#3833,.T.);
#5067=ORIENTED_EDGE('',*,*,#3834,.T.);
#5068=ORIENTED_EDGE('',*,*,#3835,.T.);
#5069=ORIENTED_EDGE('',*,*,#3784,.F.);
#5070=ORIENTED_EDGE('',*,*,#3835,.F.);
#5071=ORIENTED_EDGE('',*,*,#3836,.T.);
#5072=ORIENTED_EDGE('',*,*,#3837,.T.);
#5073=ORIENTED_EDGE('',*,*,#3792,.F.);
#5074=ORIENTED_EDGE('',*,*,#3838,.F.);
#5075=ORIENTED_EDGE('',*,*,#3839,.F.);
#5076=ORIENTED_EDGE('',*,*,#3840,.F.);
#5077=ORIENTED_EDGE('',*,*,#3841,.F.);
#5078=ORIENTED_EDGE('',*,*,#3842,.F.);
#5079=ORIENTED_EDGE('',*,*,#3843,.F.);
#5080=ORIENTED_EDGE('',*,*,#3836,.F.);
#5081=ORIENTED_EDGE('',*,*,#3834,.F.);
#5082=ORIENTED_EDGE('',*,*,#3793,.F.);
#5083=ORIENTED_EDGE('',*,*,#3837,.F.);
#5084=ORIENTED_EDGE('',*,*,#3843,.T.);
#5085=ORIENTED_EDGE('',*,*,#3844,.T.);
#5086=ORIENTED_EDGE('',*,*,#3782,.F.);
#5087=ORIENTED_EDGE('',*,*,#3845,.F.);
#5088=ORIENTED_EDGE('',*,*,#3846,.F.);
#5089=ORIENTED_EDGE('',*,*,#3847,.F.);
#5090=ORIENTED_EDGE('',*,*,#3848,.F.);
#5091=ORIENTED_EDGE('',*,*,#3794,.F.);
#5092=ORIENTED_EDGE('',*,*,#3844,.F.);
#5093=ORIENTED_EDGE('',*,*,#3842,.T.);
#5094=ORIENTED_EDGE('',*,*,#3833,.F.);
#5095=ORIENTED_EDGE('',*,*,#3841,.T.);
#5096=ORIENTED_EDGE('',*,*,#3849,.F.);
#5097=ORIENTED_EDGE('',*,*,#3850,.F.);
#5098=ORIENTED_EDGE('',*,*,#3826,.T.);
#5099=ORIENTED_EDGE('',*,*,#3785,.T.);
#5100=ORIENTED_EDGE('',*,*,#3840,.T.);
#5101=ORIENTED_EDGE('',*,*,#3851,.T.);
#5102=ORIENTED_EDGE('',*,*,#3852,.F.);
#5103=ORIENTED_EDGE('',*,*,#3849,.T.);
#5104=ORIENTED_EDGE('',*,*,#3839,.T.);
#5105=ORIENTED_EDGE('',*,*,#3853,.T.);
#5106=ORIENTED_EDGE('',*,*,#3854,.F.);
#5107=ORIENTED_EDGE('',*,*,#3851,.F.);
#5108=ORIENTED_EDGE('',*,*,#3838,.T.);
#5109=ORIENTED_EDGE('',*,*,#3791,.T.);
#5110=ORIENTED_EDGE('',*,*,#3825,.T.);
#5111=ORIENTED_EDGE('',*,*,#3832,.F.);
#5112=ORIENTED_EDGE('',*,*,#3855,.F.);
#5113=ORIENTED_EDGE('',*,*,#3853,.F.);
#5114=ORIENTED_EDGE('',*,*,#3848,.T.);
#5115=ORIENTED_EDGE('',*,*,#3856,.F.);
#5116=ORIENTED_EDGE('',*,*,#3806,.F.);
#5117=ORIENTED_EDGE('',*,*,#3795,.T.);
#5118=ORIENTED_EDGE('',*,*,#3845,.T.);
#5119=ORIENTED_EDGE('',*,*,#3781,.T.);
#5120=ORIENTED_EDGE('',*,*,#3809,.F.);
#5121=ORIENTED_EDGE('',*,*,#3857,.F.);
#5122=ORIENTED_EDGE('',*,*,#3846,.T.);
#5123=ORIENTED_EDGE('',*,*,#3857,.T.);
#5124=ORIENTED_EDGE('',*,*,#3808,.F.);
#5125=ORIENTED_EDGE('',*,*,#3858,.T.);
#5126=ORIENTED_EDGE('',*,*,#3847,.T.);
#5127=ORIENTED_EDGE('',*,*,#3858,.F.);
#5128=ORIENTED_EDGE('',*,*,#3807,.F.);
#5129=ORIENTED_EDGE('',*,*,#3856,.T.);
#5130=ORIENTED_EDGE('',*,*,#3850,.T.);
#5131=ORIENTED_EDGE('',*,*,#3852,.T.);
#5132=ORIENTED_EDGE('',*,*,#3854,.T.);
#5133=ORIENTED_EDGE('',*,*,#3855,.T.);
#5134=ORIENTED_EDGE('',*,*,#3831,.F.);
#5135=ORIENTED_EDGE('',*,*,#3744,.F.);
#5136=ORIENTED_EDGE('',*,*,#3740,.T.);
#5137=ORIENTED_EDGE('',*,*,#3737,.T.);
#5138=ORIENTED_EDGE('',*,*,#3829,.F.);
#5139=ORIENTED_EDGE('',*,*,#3827,.F.);
#5140=ORIENTED_EDGE('',*,*,#3735,.F.);
#5141=ORIENTED_EDGE('',*,*,#3742,.T.);
#5142=ORIENTED_EDGE('',*,*,#3746,.T.);
#5143=ORIENTED_EDGE('',*,*,#3830,.F.);
#5144=ORIENTED_EDGE('',*,*,#3773,.F.);
#5145=ORIENTED_EDGE('',*,*,#3777,.T.);
#5146=ORIENTED_EDGE('',*,*,#3801,.F.);
#5147=ORIENTED_EDGE('',*,*,#3803,.T.);
#5148=ORIENTED_EDGE('',*,*,#3805,.F.);
#5149=ORIENTED_EDGE('',*,*,#3811,.F.);
#5150=ORIENTED_EDGE('',*,*,#3812,.F.);
#5151=ORIENTED_EDGE('',*,*,#3814,.T.);
#5152=ORIENTED_EDGE('',*,*,#3859,.F.);
#5153=ORIENTED_EDGE('',*,*,#3860,.T.);
#5154=ORIENTED_EDGE('',*,*,#3861,.T.);
#5155=ORIENTED_EDGE('',*,*,#3862,.F.);
#5156=ORIENTED_EDGE('',*,*,#3863,.F.);
#5157=ORIENTED_EDGE('',*,*,#3864,.T.);
#5158=ORIENTED_EDGE('',*,*,#3865,.T.);
#5159=ORIENTED_EDGE('',*,*,#3860,.F.);
#5160=ORIENTED_EDGE('',*,*,#3866,.F.);
#5161=ORIENTED_EDGE('',*,*,#3867,.T.);
#5162=ORIENTED_EDGE('',*,*,#3868,.T.);
#5163=ORIENTED_EDGE('',*,*,#3864,.F.);
#5164=ORIENTED_EDGE('',*,*,#3869,.F.);
#5165=ORIENTED_EDGE('',*,*,#3870,.T.);
#5166=ORIENTED_EDGE('',*,*,#3871,.T.);
#5167=ORIENTED_EDGE('',*,*,#3867,.F.);
#5168=ORIENTED_EDGE('',*,*,#3872,.F.);
#5169=ORIENTED_EDGE('',*,*,#3873,.T.);
#5170=ORIENTED_EDGE('',*,*,#3874,.T.);
#5171=ORIENTED_EDGE('',*,*,#3870,.F.);
#5172=ORIENTED_EDGE('',*,*,#3875,.F.);
#5173=ORIENTED_EDGE('',*,*,#3876,.T.);
#5174=ORIENTED_EDGE('',*,*,#3877,.T.);
#5175=ORIENTED_EDGE('',*,*,#3873,.F.);
#5176=ORIENTED_EDGE('',*,*,#3878,.F.);
#5177=ORIENTED_EDGE('',*,*,#3879,.T.);
#5178=ORIENTED_EDGE('',*,*,#3880,.T.);
#5179=ORIENTED_EDGE('',*,*,#3876,.F.);
#5180=ORIENTED_EDGE('',*,*,#3881,.F.);
#5181=ORIENTED_EDGE('',*,*,#3882,.T.);
#5182=ORIENTED_EDGE('',*,*,#3883,.T.);
#5183=ORIENTED_EDGE('',*,*,#3879,.F.);
#5184=ORIENTED_EDGE('',*,*,#3884,.F.);
#5185=ORIENTED_EDGE('',*,*,#3885,.T.);
#5186=ORIENTED_EDGE('',*,*,#3886,.T.);
#5187=ORIENTED_EDGE('',*,*,#3882,.F.);
#5188=ORIENTED_EDGE('',*,*,#3887,.F.);
#5189=ORIENTED_EDGE('',*,*,#3888,.T.);
#5190=ORIENTED_EDGE('',*,*,#3889,.T.);
#5191=ORIENTED_EDGE('',*,*,#3885,.F.);
#5192=ORIENTED_EDGE('',*,*,#3890,.F.);
#5193=ORIENTED_EDGE('',*,*,#3891,.T.);
#5194=ORIENTED_EDGE('',*,*,#3892,.T.);
#5195=ORIENTED_EDGE('',*,*,#3888,.F.);
#5196=ORIENTED_EDGE('',*,*,#3893,.F.);
#5197=ORIENTED_EDGE('',*,*,#3862,.T.);
#5198=ORIENTED_EDGE('',*,*,#3894,.T.);
#5199=ORIENTED_EDGE('',*,*,#3891,.F.);
#5200=ORIENTED_EDGE('',*,*,#3894,.F.);
#5201=ORIENTED_EDGE('',*,*,#3861,.F.);
#5202=ORIENTED_EDGE('',*,*,#3865,.F.);
#5203=ORIENTED_EDGE('',*,*,#3868,.F.);
#5204=ORIENTED_EDGE('',*,*,#3871,.F.);
#5205=ORIENTED_EDGE('',*,*,#3874,.F.);
#5206=ORIENTED_EDGE('',*,*,#3877,.F.);
#5207=ORIENTED_EDGE('',*,*,#3880,.F.);
#5208=ORIENTED_EDGE('',*,*,#3883,.F.);
#5209=ORIENTED_EDGE('',*,*,#3886,.F.);
#5210=ORIENTED_EDGE('',*,*,#3889,.F.);
#5211=ORIENTED_EDGE('',*,*,#3892,.F.);
#5212=ORIENTED_EDGE('',*,*,#3895,.F.);
#5213=ORIENTED_EDGE('',*,*,#3896,.T.);
#5214=ORIENTED_EDGE('',*,*,#3897,.T.);
#5215=ORIENTED_EDGE('',*,*,#3898,.F.);
#5216=ORIENTED_EDGE('',*,*,#3899,.F.);
#5217=ORIENTED_EDGE('',*,*,#3900,.T.);
#5218=ORIENTED_EDGE('',*,*,#3901,.T.);
#5219=ORIENTED_EDGE('',*,*,#3896,.F.);
#5220=ORIENTED_EDGE('',*,*,#3902,.F.);
#5221=ORIENTED_EDGE('',*,*,#3903,.T.);
#5222=ORIENTED_EDGE('',*,*,#3904,.T.);
#5223=ORIENTED_EDGE('',*,*,#3900,.F.);
#5224=ORIENTED_EDGE('',*,*,#3905,.F.);
#5225=ORIENTED_EDGE('',*,*,#3906,.T.);
#5226=ORIENTED_EDGE('',*,*,#3907,.T.);
#5227=ORIENTED_EDGE('',*,*,#3903,.F.);
#5228=ORIENTED_EDGE('',*,*,#3908,.F.);
#5229=ORIENTED_EDGE('',*,*,#3909,.T.);
#5230=ORIENTED_EDGE('',*,*,#3910,.T.);
#5231=ORIENTED_EDGE('',*,*,#3906,.F.);
#5232=ORIENTED_EDGE('',*,*,#3911,.F.);
#5233=ORIENTED_EDGE('',*,*,#3898,.T.);
#5234=ORIENTED_EDGE('',*,*,#3912,.T.);
#5235=ORIENTED_EDGE('',*,*,#3909,.F.);
#5236=ORIENTED_EDGE('',*,*,#3912,.F.);
#5237=ORIENTED_EDGE('',*,*,#3897,.F.);
#5238=ORIENTED_EDGE('',*,*,#3901,.F.);
#5239=ORIENTED_EDGE('',*,*,#3904,.F.);
#5240=ORIENTED_EDGE('',*,*,#3907,.F.);
#5241=ORIENTED_EDGE('',*,*,#3910,.F.);
#5242=ORIENTED_EDGE('',*,*,#3913,.F.);
#5243=ORIENTED_EDGE('',*,*,#3914,.T.);
#5244=ORIENTED_EDGE('',*,*,#3915,.T.);
#5245=ORIENTED_EDGE('',*,*,#3916,.F.);
#5246=ORIENTED_EDGE('',*,*,#3917,.F.);
#5247=ORIENTED_EDGE('',*,*,#3918,.T.);
#5248=ORIENTED_EDGE('',*,*,#3919,.T.);
#5249=ORIENTED_EDGE('',*,*,#3914,.F.);
#5250=ORIENTED_EDGE('',*,*,#3920,.F.);
#5251=ORIENTED_EDGE('',*,*,#3921,.T.);
#5252=ORIENTED_EDGE('',*,*,#3922,.T.);
#5253=ORIENTED_EDGE('',*,*,#3918,.F.);
#5254=ORIENTED_EDGE('',*,*,#3923,.F.);
#5255=ORIENTED_EDGE('',*,*,#3924,.T.);
#5256=ORIENTED_EDGE('',*,*,#3925,.T.);
#5257=ORIENTED_EDGE('',*,*,#3921,.F.);
#5258=ORIENTED_EDGE('',*,*,#3926,.F.);
#5259=ORIENTED_EDGE('',*,*,#3927,.T.);
#5260=ORIENTED_EDGE('',*,*,#3928,.T.);
#5261=ORIENTED_EDGE('',*,*,#3924,.F.);
#5262=ORIENTED_EDGE('',*,*,#3929,.F.);
#5263=ORIENTED_EDGE('',*,*,#3930,.T.);
#5264=ORIENTED_EDGE('',*,*,#3931,.T.);
#5265=ORIENTED_EDGE('',*,*,#3927,.F.);
#5266=ORIENTED_EDGE('',*,*,#3932,.F.);
#5267=ORIENTED_EDGE('',*,*,#3933,.T.);
#5268=ORIENTED_EDGE('',*,*,#3934,.T.);
#5269=ORIENTED_EDGE('',*,*,#3930,.F.);
#5270=ORIENTED_EDGE('',*,*,#3935,.F.);
#5271=ORIENTED_EDGE('',*,*,#3916,.T.);
#5272=ORIENTED_EDGE('',*,*,#3936,.T.);
#5273=ORIENTED_EDGE('',*,*,#3933,.F.);
#5274=ORIENTED_EDGE('',*,*,#3936,.F.);
#5275=ORIENTED_EDGE('',*,*,#3915,.F.);
#5276=ORIENTED_EDGE('',*,*,#3919,.F.);
#5277=ORIENTED_EDGE('',*,*,#3922,.F.);
#5278=ORIENTED_EDGE('',*,*,#3925,.F.);
#5279=ORIENTED_EDGE('',*,*,#3928,.F.);
#5280=ORIENTED_EDGE('',*,*,#3931,.F.);
#5281=ORIENTED_EDGE('',*,*,#3934,.F.);
#5282=ORIENTED_EDGE('',*,*,#3937,.F.);
#5283=ORIENTED_EDGE('',*,*,#3938,.T.);
#5284=ORIENTED_EDGE('',*,*,#3939,.T.);
#5285=ORIENTED_EDGE('',*,*,#3940,.F.);
#5286=ORIENTED_EDGE('',*,*,#3941,.F.);
#5287=ORIENTED_EDGE('',*,*,#3942,.T.);
#5288=ORIENTED_EDGE('',*,*,#3943,.T.);
#5289=ORIENTED_EDGE('',*,*,#3938,.F.);
#5290=ORIENTED_EDGE('',*,*,#3944,.F.);
#5291=ORIENTED_EDGE('',*,*,#3945,.T.);
#5292=ORIENTED_EDGE('',*,*,#3946,.T.);
#5293=ORIENTED_EDGE('',*,*,#3942,.F.);
#5294=ORIENTED_EDGE('',*,*,#3947,.F.);
#5295=ORIENTED_EDGE('',*,*,#3948,.T.);
#5296=ORIENTED_EDGE('',*,*,#3949,.T.);
#5297=ORIENTED_EDGE('',*,*,#3945,.F.);
#5298=ORIENTED_EDGE('',*,*,#3950,.F.);
#5299=ORIENTED_EDGE('',*,*,#3951,.T.);
#5300=ORIENTED_EDGE('',*,*,#3952,.T.);
#5301=ORIENTED_EDGE('',*,*,#3948,.F.);
#5302=ORIENTED_EDGE('',*,*,#3953,.F.);
#5303=ORIENTED_EDGE('',*,*,#3954,.T.);
#5304=ORIENTED_EDGE('',*,*,#3955,.T.);
#5305=ORIENTED_EDGE('',*,*,#3951,.F.);
#5306=ORIENTED_EDGE('',*,*,#3956,.F.);
#5307=ORIENTED_EDGE('',*,*,#3957,.T.);
#5308=ORIENTED_EDGE('',*,*,#3958,.T.);
#5309=ORIENTED_EDGE('',*,*,#3954,.F.);
#5310=ORIENTED_EDGE('',*,*,#3959,.F.);
#5311=ORIENTED_EDGE('',*,*,#3960,.T.);
#5312=ORIENTED_EDGE('',*,*,#3961,.T.);
#5313=ORIENTED_EDGE('',*,*,#3957,.F.);
#5314=ORIENTED_EDGE('',*,*,#3962,.F.);
#5315=ORIENTED_EDGE('',*,*,#3940,.T.);
#5316=ORIENTED_EDGE('',*,*,#3963,.T.);
#5317=ORIENTED_EDGE('',*,*,#3960,.F.);
#5318=ORIENTED_EDGE('',*,*,#3964,.F.);
#5319=ORIENTED_EDGE('',*,*,#3965,.T.);
#5320=ORIENTED_EDGE('',*,*,#3966,.T.);
#5321=ORIENTED_EDGE('',*,*,#3967,.F.);
#5322=ORIENTED_EDGE('',*,*,#3968,.F.);
#5323=ORIENTED_EDGE('',*,*,#3969,.T.);
#5324=ORIENTED_EDGE('',*,*,#3970,.T.);
#5325=ORIENTED_EDGE('',*,*,#3965,.F.);
#5326=ORIENTED_EDGE('',*,*,#3971,.F.);
#5327=ORIENTED_EDGE('',*,*,#3972,.T.);
#5328=ORIENTED_EDGE('',*,*,#3973,.T.);
#5329=ORIENTED_EDGE('',*,*,#3969,.F.);
#5330=ORIENTED_EDGE('',*,*,#3974,.F.);
#5331=ORIENTED_EDGE('',*,*,#3975,.T.);
#5332=ORIENTED_EDGE('',*,*,#3976,.T.);
#5333=ORIENTED_EDGE('',*,*,#3972,.F.);
#5334=ORIENTED_EDGE('',*,*,#3977,.F.);
#5335=ORIENTED_EDGE('',*,*,#3978,.T.);
#5336=ORIENTED_EDGE('',*,*,#3979,.T.);
#5337=ORIENTED_EDGE('',*,*,#3975,.F.);
#5338=ORIENTED_EDGE('',*,*,#3980,.F.);
#5339=ORIENTED_EDGE('',*,*,#3981,.T.);
#5340=ORIENTED_EDGE('',*,*,#3982,.T.);
#5341=ORIENTED_EDGE('',*,*,#3978,.F.);
#5342=ORIENTED_EDGE('',*,*,#3983,.F.);
#5343=ORIENTED_EDGE('',*,*,#3984,.T.);
#5344=ORIENTED_EDGE('',*,*,#3985,.T.);
#5345=ORIENTED_EDGE('',*,*,#3981,.F.);
#5346=ORIENTED_EDGE('',*,*,#3986,.F.);
#5347=ORIENTED_EDGE('',*,*,#3987,.T.);
#5348=ORIENTED_EDGE('',*,*,#3988,.T.);
#5349=ORIENTED_EDGE('',*,*,#3984,.F.);
#5350=ORIENTED_EDGE('',*,*,#3989,.F.);
#5351=ORIENTED_EDGE('',*,*,#3967,.T.);
#5352=ORIENTED_EDGE('',*,*,#3990,.T.);
#5353=ORIENTED_EDGE('',*,*,#3987,.F.);
#5354=ORIENTED_EDGE('',*,*,#3991,.F.);
#5355=ORIENTED_EDGE('',*,*,#3992,.T.);
#5356=ORIENTED_EDGE('',*,*,#3993,.T.);
#5357=ORIENTED_EDGE('',*,*,#3994,.F.);
#5358=ORIENTED_EDGE('',*,*,#3995,.F.);
#5359=ORIENTED_EDGE('',*,*,#3996,.T.);
#5360=ORIENTED_EDGE('',*,*,#3997,.T.);
#5361=ORIENTED_EDGE('',*,*,#3992,.F.);
#5362=ORIENTED_EDGE('',*,*,#3998,.F.);
#5363=ORIENTED_EDGE('',*,*,#3999,.T.);
#5364=ORIENTED_EDGE('',*,*,#4000,.T.);
#5365=ORIENTED_EDGE('',*,*,#3996,.F.);
#5366=ORIENTED_EDGE('',*,*,#4001,.F.);
#5367=ORIENTED_EDGE('',*,*,#4002,.T.);
#5368=ORIENTED_EDGE('',*,*,#4003,.T.);
#5369=ORIENTED_EDGE('',*,*,#3999,.F.);
#5370=ORIENTED_EDGE('',*,*,#4004,.F.);
#5371=ORIENTED_EDGE('',*,*,#4005,.T.);
#5372=ORIENTED_EDGE('',*,*,#4006,.T.);
#5373=ORIENTED_EDGE('',*,*,#4002,.F.);
#5374=ORIENTED_EDGE('',*,*,#4007,.F.);
#5375=ORIENTED_EDGE('',*,*,#4008,.T.);
#5376=ORIENTED_EDGE('',*,*,#4009,.T.);
#5377=ORIENTED_EDGE('',*,*,#4005,.F.);
#5378=ORIENTED_EDGE('',*,*,#4010,.F.);
#5379=ORIENTED_EDGE('',*,*,#4011,.T.);
#5380=ORIENTED_EDGE('',*,*,#4012,.T.);
#5381=ORIENTED_EDGE('',*,*,#4008,.F.);
#5382=ORIENTED_EDGE('',*,*,#4013,.F.);
#5383=ORIENTED_EDGE('',*,*,#4014,.T.);
#5384=ORIENTED_EDGE('',*,*,#4015,.T.);
#5385=ORIENTED_EDGE('',*,*,#4011,.F.);
#5386=ORIENTED_EDGE('',*,*,#4016,.F.);
#5387=ORIENTED_EDGE('',*,*,#4017,.T.);
#5388=ORIENTED_EDGE('',*,*,#4018,.T.);
#5389=ORIENTED_EDGE('',*,*,#4014,.F.);
#5390=ORIENTED_EDGE('',*,*,#4019,.F.);
#5391=ORIENTED_EDGE('',*,*,#4020,.T.);
#5392=ORIENTED_EDGE('',*,*,#4021,.T.);
#5393=ORIENTED_EDGE('',*,*,#4017,.F.);
#5394=ORIENTED_EDGE('',*,*,#4022,.F.);
#5395=ORIENTED_EDGE('',*,*,#4023,.T.);
#5396=ORIENTED_EDGE('',*,*,#4024,.T.);
#5397=ORIENTED_EDGE('',*,*,#4020,.F.);
#5398=ORIENTED_EDGE('',*,*,#4025,.F.);
#5399=ORIENTED_EDGE('',*,*,#4026,.T.);
#5400=ORIENTED_EDGE('',*,*,#4027,.T.);
#5401=ORIENTED_EDGE('',*,*,#4023,.F.);
#5402=ORIENTED_EDGE('',*,*,#4028,.F.);
#5403=ORIENTED_EDGE('',*,*,#4029,.T.);
#5404=ORIENTED_EDGE('',*,*,#4030,.T.);
#5405=ORIENTED_EDGE('',*,*,#4026,.F.);
#5406=ORIENTED_EDGE('',*,*,#4031,.F.);
#5407=ORIENTED_EDGE('',*,*,#4032,.T.);
#5408=ORIENTED_EDGE('',*,*,#4033,.T.);
#5409=ORIENTED_EDGE('',*,*,#4029,.F.);
#5410=ORIENTED_EDGE('',*,*,#4034,.F.);
#5411=ORIENTED_EDGE('',*,*,#3994,.T.);
#5412=ORIENTED_EDGE('',*,*,#4035,.T.);
#5413=ORIENTED_EDGE('',*,*,#4032,.F.);
#5414=ORIENTED_EDGE('',*,*,#4035,.F.);
#5415=ORIENTED_EDGE('',*,*,#3993,.F.);
#5416=ORIENTED_EDGE('',*,*,#3997,.F.);
#5417=ORIENTED_EDGE('',*,*,#4000,.F.);
#5418=ORIENTED_EDGE('',*,*,#4003,.F.);
#5419=ORIENTED_EDGE('',*,*,#4006,.F.);
#5420=ORIENTED_EDGE('',*,*,#4009,.F.);
#5421=ORIENTED_EDGE('',*,*,#4012,.F.);
#5422=ORIENTED_EDGE('',*,*,#4015,.F.);
#5423=ORIENTED_EDGE('',*,*,#4018,.F.);
#5424=ORIENTED_EDGE('',*,*,#4021,.F.);
#5425=ORIENTED_EDGE('',*,*,#4024,.F.);
#5426=ORIENTED_EDGE('',*,*,#4027,.F.);
#5427=ORIENTED_EDGE('',*,*,#4030,.F.);
#5428=ORIENTED_EDGE('',*,*,#4033,.F.);
#5429=ORIENTED_EDGE('',*,*,#3990,.F.);
#5430=ORIENTED_EDGE('',*,*,#3966,.F.);
#5431=ORIENTED_EDGE('',*,*,#3970,.F.);
#5432=ORIENTED_EDGE('',*,*,#3973,.F.);
#5433=ORIENTED_EDGE('',*,*,#3976,.F.);
#5434=ORIENTED_EDGE('',*,*,#3979,.F.);
#5435=ORIENTED_EDGE('',*,*,#3982,.F.);
#5436=ORIENTED_EDGE('',*,*,#3985,.F.);
#5437=ORIENTED_EDGE('',*,*,#3988,.F.);
#5438=ORIENTED_EDGE('',*,*,#3963,.F.);
#5439=ORIENTED_EDGE('',*,*,#3939,.F.);
#5440=ORIENTED_EDGE('',*,*,#3943,.F.);
#5441=ORIENTED_EDGE('',*,*,#3946,.F.);
#5442=ORIENTED_EDGE('',*,*,#3949,.F.);
#5443=ORIENTED_EDGE('',*,*,#3952,.F.);
#5444=ORIENTED_EDGE('',*,*,#3955,.F.);
#5445=ORIENTED_EDGE('',*,*,#3958,.F.);
#5446=ORIENTED_EDGE('',*,*,#3961,.F.);
#5447=ORIENTED_EDGE('',*,*,#3964,.T.);
#5448=ORIENTED_EDGE('',*,*,#3989,.T.);
#5449=ORIENTED_EDGE('',*,*,#3986,.T.);
#5450=ORIENTED_EDGE('',*,*,#3983,.T.);
#5451=ORIENTED_EDGE('',*,*,#3980,.T.);
#5452=ORIENTED_EDGE('',*,*,#3977,.T.);
#5453=ORIENTED_EDGE('',*,*,#3974,.T.);
#5454=ORIENTED_EDGE('',*,*,#3971,.T.);
#5455=ORIENTED_EDGE('',*,*,#3968,.T.);
#5456=ORIENTED_EDGE('',*,*,#3937,.T.);
#5457=ORIENTED_EDGE('',*,*,#3962,.T.);
#5458=ORIENTED_EDGE('',*,*,#3959,.T.);
#5459=ORIENTED_EDGE('',*,*,#3956,.T.);
#5460=ORIENTED_EDGE('',*,*,#3953,.T.);
#5461=ORIENTED_EDGE('',*,*,#3950,.T.);
#5462=ORIENTED_EDGE('',*,*,#3947,.T.);
#5463=ORIENTED_EDGE('',*,*,#3944,.T.);
#5464=ORIENTED_EDGE('',*,*,#3941,.T.);
#5465=ORIENTED_EDGE('',*,*,#4036,.F.);
#5466=ORIENTED_EDGE('',*,*,#4037,.T.);
#5467=ORIENTED_EDGE('',*,*,#4038,.T.);
#5468=ORIENTED_EDGE('',*,*,#4039,.F.);
#5469=ORIENTED_EDGE('',*,*,#4040,.F.);
#5470=ORIENTED_EDGE('',*,*,#4041,.T.);
#5471=ORIENTED_EDGE('',*,*,#4042,.T.);
#5472=ORIENTED_EDGE('',*,*,#4037,.F.);
#5473=ORIENTED_EDGE('',*,*,#4043,.F.);
#5474=ORIENTED_EDGE('',*,*,#4044,.T.);
#5475=ORIENTED_EDGE('',*,*,#4045,.T.);
#5476=ORIENTED_EDGE('',*,*,#4041,.F.);
#5477=ORIENTED_EDGE('',*,*,#4046,.F.);
#5478=ORIENTED_EDGE('',*,*,#4047,.T.);
#5479=ORIENTED_EDGE('',*,*,#4048,.T.);
#5480=ORIENTED_EDGE('',*,*,#4044,.F.);
#5481=ORIENTED_EDGE('',*,*,#4049,.F.);
#5482=ORIENTED_EDGE('',*,*,#4050,.T.);
#5483=ORIENTED_EDGE('',*,*,#4051,.T.);
#5484=ORIENTED_EDGE('',*,*,#4047,.F.);
#5485=ORIENTED_EDGE('',*,*,#4052,.F.);
#5486=ORIENTED_EDGE('',*,*,#4053,.T.);
#5487=ORIENTED_EDGE('',*,*,#4054,.T.);
#5488=ORIENTED_EDGE('',*,*,#4050,.F.);
#5489=ORIENTED_EDGE('',*,*,#4055,.F.);
#5490=ORIENTED_EDGE('',*,*,#4056,.T.);
#5491=ORIENTED_EDGE('',*,*,#4057,.T.);
#5492=ORIENTED_EDGE('',*,*,#4053,.F.);
#5493=ORIENTED_EDGE('',*,*,#4058,.F.);
#5494=ORIENTED_EDGE('',*,*,#4059,.T.);
#5495=ORIENTED_EDGE('',*,*,#4060,.T.);
#5496=ORIENTED_EDGE('',*,*,#4056,.F.);
#5497=ORIENTED_EDGE('',*,*,#4061,.F.);
#5498=ORIENTED_EDGE('',*,*,#4062,.T.);
#5499=ORIENTED_EDGE('',*,*,#4063,.T.);
#5500=ORIENTED_EDGE('',*,*,#4059,.F.);
#5501=ORIENTED_EDGE('',*,*,#4064,.F.);
#5502=ORIENTED_EDGE('',*,*,#4065,.T.);
#5503=ORIENTED_EDGE('',*,*,#4066,.T.);
#5504=ORIENTED_EDGE('',*,*,#4062,.F.);
#5505=ORIENTED_EDGE('',*,*,#4067,.F.);
#5506=ORIENTED_EDGE('',*,*,#4068,.T.);
#5507=ORIENTED_EDGE('',*,*,#4069,.T.);
#5508=ORIENTED_EDGE('',*,*,#4065,.F.);
#5509=ORIENTED_EDGE('',*,*,#4070,.F.);
#5510=ORIENTED_EDGE('',*,*,#4071,.T.);
#5511=ORIENTED_EDGE('',*,*,#4072,.T.);
#5512=ORIENTED_EDGE('',*,*,#4068,.F.);
#5513=ORIENTED_EDGE('',*,*,#4073,.F.);
#5514=ORIENTED_EDGE('',*,*,#4074,.T.);
#5515=ORIENTED_EDGE('',*,*,#4075,.T.);
#5516=ORIENTED_EDGE('',*,*,#4071,.F.);
#5517=ORIENTED_EDGE('',*,*,#4076,.F.);
#5518=ORIENTED_EDGE('',*,*,#4077,.T.);
#5519=ORIENTED_EDGE('',*,*,#4078,.T.);
#5520=ORIENTED_EDGE('',*,*,#4074,.F.);
#5521=ORIENTED_EDGE('',*,*,#4079,.F.);
#5522=ORIENTED_EDGE('',*,*,#4080,.T.);
#5523=ORIENTED_EDGE('',*,*,#4081,.T.);
#5524=ORIENTED_EDGE('',*,*,#4077,.F.);
#5525=ORIENTED_EDGE('',*,*,#4082,.F.);
#5526=ORIENTED_EDGE('',*,*,#4083,.T.);
#5527=ORIENTED_EDGE('',*,*,#4084,.T.);
#5528=ORIENTED_EDGE('',*,*,#4080,.F.);
#5529=ORIENTED_EDGE('',*,*,#4085,.F.);
#5530=ORIENTED_EDGE('',*,*,#4086,.T.);
#5531=ORIENTED_EDGE('',*,*,#4087,.T.);
#5532=ORIENTED_EDGE('',*,*,#4083,.F.);
#5533=ORIENTED_EDGE('',*,*,#4088,.F.);
#5534=ORIENTED_EDGE('',*,*,#4089,.T.);
#5535=ORIENTED_EDGE('',*,*,#4090,.T.);
#5536=ORIENTED_EDGE('',*,*,#4086,.F.);
#5537=ORIENTED_EDGE('',*,*,#4091,.F.);
#5538=ORIENTED_EDGE('',*,*,#4092,.T.);
#5539=ORIENTED_EDGE('',*,*,#4093,.T.);
#5540=ORIENTED_EDGE('',*,*,#4089,.F.);
#5541=ORIENTED_EDGE('',*,*,#4094,.F.);
#5542=ORIENTED_EDGE('',*,*,#4095,.T.);
#5543=ORIENTED_EDGE('',*,*,#4096,.T.);
#5544=ORIENTED_EDGE('',*,*,#4092,.F.);
#5545=ORIENTED_EDGE('',*,*,#4097,.F.);
#5546=ORIENTED_EDGE('',*,*,#4098,.T.);
#5547=ORIENTED_EDGE('',*,*,#4099,.T.);
#5548=ORIENTED_EDGE('',*,*,#4095,.F.);
#5549=ORIENTED_EDGE('',*,*,#4100,.F.);
#5550=ORIENTED_EDGE('',*,*,#4101,.T.);
#5551=ORIENTED_EDGE('',*,*,#4102,.T.);
#5552=ORIENTED_EDGE('',*,*,#4098,.F.);
#5553=ORIENTED_EDGE('',*,*,#4103,.F.);
#5554=ORIENTED_EDGE('',*,*,#4104,.T.);
#5555=ORIENTED_EDGE('',*,*,#4105,.T.);
#5556=ORIENTED_EDGE('',*,*,#4101,.F.);
#5557=ORIENTED_EDGE('',*,*,#4106,.F.);
#5558=ORIENTED_EDGE('',*,*,#4107,.T.);
#5559=ORIENTED_EDGE('',*,*,#4108,.T.);
#5560=ORIENTED_EDGE('',*,*,#4104,.F.);
#5561=ORIENTED_EDGE('',*,*,#4109,.F.);
#5562=ORIENTED_EDGE('',*,*,#4110,.T.);
#5563=ORIENTED_EDGE('',*,*,#4111,.T.);
#5564=ORIENTED_EDGE('',*,*,#4107,.F.);
#5565=ORIENTED_EDGE('',*,*,#4112,.F.);
#5566=ORIENTED_EDGE('',*,*,#4113,.T.);
#5567=ORIENTED_EDGE('',*,*,#4114,.T.);
#5568=ORIENTED_EDGE('',*,*,#4110,.F.);
#5569=ORIENTED_EDGE('',*,*,#4115,.F.);
#5570=ORIENTED_EDGE('',*,*,#4116,.T.);
#5571=ORIENTED_EDGE('',*,*,#4117,.T.);
#5572=ORIENTED_EDGE('',*,*,#4113,.F.);
#5573=ORIENTED_EDGE('',*,*,#4118,.F.);
#5574=ORIENTED_EDGE('',*,*,#4119,.T.);
#5575=ORIENTED_EDGE('',*,*,#4120,.T.);
#5576=ORIENTED_EDGE('',*,*,#4116,.F.);
#5577=ORIENTED_EDGE('',*,*,#4121,.F.);
#5578=ORIENTED_EDGE('',*,*,#4122,.T.);
#5579=ORIENTED_EDGE('',*,*,#4123,.T.);
#5580=ORIENTED_EDGE('',*,*,#4119,.F.);
#5581=ORIENTED_EDGE('',*,*,#4124,.F.);
#5582=ORIENTED_EDGE('',*,*,#4039,.T.);
#5583=ORIENTED_EDGE('',*,*,#4125,.T.);
#5584=ORIENTED_EDGE('',*,*,#4122,.F.);
#5585=ORIENTED_EDGE('',*,*,#4125,.F.);
#5586=ORIENTED_EDGE('',*,*,#4038,.F.);
#5587=ORIENTED_EDGE('',*,*,#4042,.F.);
#5588=ORIENTED_EDGE('',*,*,#4045,.F.);
#5589=ORIENTED_EDGE('',*,*,#4048,.F.);
#5590=ORIENTED_EDGE('',*,*,#4051,.F.);
#5591=ORIENTED_EDGE('',*,*,#4054,.F.);
#5592=ORIENTED_EDGE('',*,*,#4057,.F.);
#5593=ORIENTED_EDGE('',*,*,#4060,.F.);
#5594=ORIENTED_EDGE('',*,*,#4063,.F.);
#5595=ORIENTED_EDGE('',*,*,#4066,.F.);
#5596=ORIENTED_EDGE('',*,*,#4069,.F.);
#5597=ORIENTED_EDGE('',*,*,#4072,.F.);
#5598=ORIENTED_EDGE('',*,*,#4075,.F.);
#5599=ORIENTED_EDGE('',*,*,#4078,.F.);
#5600=ORIENTED_EDGE('',*,*,#4081,.F.);
#5601=ORIENTED_EDGE('',*,*,#4084,.F.);
#5602=ORIENTED_EDGE('',*,*,#4087,.F.);
#5603=ORIENTED_EDGE('',*,*,#4090,.F.);
#5604=ORIENTED_EDGE('',*,*,#4093,.F.);
#5605=ORIENTED_EDGE('',*,*,#4096,.F.);
#5606=ORIENTED_EDGE('',*,*,#4099,.F.);
#5607=ORIENTED_EDGE('',*,*,#4102,.F.);
#5608=ORIENTED_EDGE('',*,*,#4105,.F.);
#5609=ORIENTED_EDGE('',*,*,#4108,.F.);
#5610=ORIENTED_EDGE('',*,*,#4111,.F.);
#5611=ORIENTED_EDGE('',*,*,#4114,.F.);
#5612=ORIENTED_EDGE('',*,*,#4117,.F.);
#5613=ORIENTED_EDGE('',*,*,#4120,.F.);
#5614=ORIENTED_EDGE('',*,*,#4123,.F.);
#5615=ORIENTED_EDGE('',*,*,#4126,.F.);
#5616=ORIENTED_EDGE('',*,*,#4127,.T.);
#5617=ORIENTED_EDGE('',*,*,#4128,.T.);
#5618=ORIENTED_EDGE('',*,*,#4129,.F.);
#5619=ORIENTED_EDGE('',*,*,#4130,.F.);
#5620=ORIENTED_EDGE('',*,*,#4131,.T.);
#5621=ORIENTED_EDGE('',*,*,#4132,.T.);
#5622=ORIENTED_EDGE('',*,*,#4127,.F.);
#5623=ORIENTED_EDGE('',*,*,#4133,.F.);
#5624=ORIENTED_EDGE('',*,*,#4134,.T.);
#5625=ORIENTED_EDGE('',*,*,#4135,.T.);
#5626=ORIENTED_EDGE('',*,*,#4131,.F.);
#5627=ORIENTED_EDGE('',*,*,#4136,.F.);
#5628=ORIENTED_EDGE('',*,*,#4137,.T.);
#5629=ORIENTED_EDGE('',*,*,#4138,.T.);
#5630=ORIENTED_EDGE('',*,*,#4134,.F.);
#5631=ORIENTED_EDGE('',*,*,#4139,.F.);
#5632=ORIENTED_EDGE('',*,*,#4140,.T.);
#5633=ORIENTED_EDGE('',*,*,#4141,.T.);
#5634=ORIENTED_EDGE('',*,*,#4137,.F.);
#5635=ORIENTED_EDGE('',*,*,#4142,.F.);
#5636=ORIENTED_EDGE('',*,*,#4143,.T.);
#5637=ORIENTED_EDGE('',*,*,#4144,.T.);
#5638=ORIENTED_EDGE('',*,*,#4140,.F.);
#5639=ORIENTED_EDGE('',*,*,#4145,.F.);
#5640=ORIENTED_EDGE('',*,*,#4146,.T.);
#5641=ORIENTED_EDGE('',*,*,#4147,.T.);
#5642=ORIENTED_EDGE('',*,*,#4143,.F.);
#5643=ORIENTED_EDGE('',*,*,#4148,.F.);
#5644=ORIENTED_EDGE('',*,*,#4149,.T.);
#5645=ORIENTED_EDGE('',*,*,#4150,.T.);
#5646=ORIENTED_EDGE('',*,*,#4146,.F.);
#5647=ORIENTED_EDGE('',*,*,#4151,.F.);
#5648=ORIENTED_EDGE('',*,*,#4152,.T.);
#5649=ORIENTED_EDGE('',*,*,#4153,.T.);
#5650=ORIENTED_EDGE('',*,*,#4149,.F.);
#5651=ORIENTED_EDGE('',*,*,#4154,.F.);
#5652=ORIENTED_EDGE('',*,*,#4155,.T.);
#5653=ORIENTED_EDGE('',*,*,#4156,.T.);
#5654=ORIENTED_EDGE('',*,*,#4152,.F.);
#5655=ORIENTED_EDGE('',*,*,#4157,.F.);
#5656=ORIENTED_EDGE('',*,*,#4158,.T.);
#5657=ORIENTED_EDGE('',*,*,#4159,.T.);
#5658=ORIENTED_EDGE('',*,*,#4155,.F.);
#5659=ORIENTED_EDGE('',*,*,#4160,.F.);
#5660=ORIENTED_EDGE('',*,*,#4129,.T.);
#5661=ORIENTED_EDGE('',*,*,#4161,.T.);
#5662=ORIENTED_EDGE('',*,*,#4158,.F.);
#5663=ORIENTED_EDGE('',*,*,#4161,.F.);
#5664=ORIENTED_EDGE('',*,*,#4128,.F.);
#5665=ORIENTED_EDGE('',*,*,#4132,.F.);
#5666=ORIENTED_EDGE('',*,*,#4135,.F.);
#5667=ORIENTED_EDGE('',*,*,#4138,.F.);
#5668=ORIENTED_EDGE('',*,*,#4141,.F.);
#5669=ORIENTED_EDGE('',*,*,#4144,.F.);
#5670=ORIENTED_EDGE('',*,*,#4147,.F.);
#5671=ORIENTED_EDGE('',*,*,#4150,.F.);
#5672=ORIENTED_EDGE('',*,*,#4153,.F.);
#5673=ORIENTED_EDGE('',*,*,#4156,.F.);
#5674=ORIENTED_EDGE('',*,*,#4159,.F.);
#5675=ORIENTED_EDGE('',*,*,#4162,.F.);
#5676=ORIENTED_EDGE('',*,*,#4163,.T.);
#5677=ORIENTED_EDGE('',*,*,#4164,.T.);
#5678=ORIENTED_EDGE('',*,*,#4165,.F.);
#5679=ORIENTED_EDGE('',*,*,#4166,.F.);
#5680=ORIENTED_EDGE('',*,*,#4167,.T.);
#5681=ORIENTED_EDGE('',*,*,#4168,.T.);
#5682=ORIENTED_EDGE('',*,*,#4163,.F.);
#5683=ORIENTED_EDGE('',*,*,#4169,.F.);
#5684=ORIENTED_EDGE('',*,*,#4170,.T.);
#5685=ORIENTED_EDGE('',*,*,#4171,.T.);
#5686=ORIENTED_EDGE('',*,*,#4167,.F.);
#5687=ORIENTED_EDGE('',*,*,#4172,.F.);
#5688=ORIENTED_EDGE('',*,*,#4173,.T.);
#5689=ORIENTED_EDGE('',*,*,#4174,.T.);
#5690=ORIENTED_EDGE('',*,*,#4170,.F.);
#5691=ORIENTED_EDGE('',*,*,#4175,.F.);
#5692=ORIENTED_EDGE('',*,*,#4176,.T.);
#5693=ORIENTED_EDGE('',*,*,#4177,.T.);
#5694=ORIENTED_EDGE('',*,*,#4173,.F.);
#5695=ORIENTED_EDGE('',*,*,#4178,.F.);
#5696=ORIENTED_EDGE('',*,*,#4179,.T.);
#5697=ORIENTED_EDGE('',*,*,#4180,.T.);
#5698=ORIENTED_EDGE('',*,*,#4176,.F.);
#5699=ORIENTED_EDGE('',*,*,#4181,.F.);
#5700=ORIENTED_EDGE('',*,*,#4182,.T.);
#5701=ORIENTED_EDGE('',*,*,#4183,.T.);
#5702=ORIENTED_EDGE('',*,*,#4179,.F.);
#5703=ORIENTED_EDGE('',*,*,#4184,.F.);
#5704=ORIENTED_EDGE('',*,*,#4185,.T.);
#5705=ORIENTED_EDGE('',*,*,#4186,.T.);
#5706=ORIENTED_EDGE('',*,*,#4182,.F.);
#5707=ORIENTED_EDGE('',*,*,#4187,.F.);
#5708=ORIENTED_EDGE('',*,*,#4188,.T.);
#5709=ORIENTED_EDGE('',*,*,#4189,.T.);
#5710=ORIENTED_EDGE('',*,*,#4185,.F.);
#5711=ORIENTED_EDGE('',*,*,#4190,.F.);
#5712=ORIENTED_EDGE('',*,*,#4165,.T.);
#5713=ORIENTED_EDGE('',*,*,#4191,.T.);
#5714=ORIENTED_EDGE('',*,*,#4188,.F.);
#5715=ORIENTED_EDGE('',*,*,#4191,.F.);
#5716=ORIENTED_EDGE('',*,*,#4164,.F.);
#5717=ORIENTED_EDGE('',*,*,#4168,.F.);
#5718=ORIENTED_EDGE('',*,*,#4171,.F.);
#5719=ORIENTED_EDGE('',*,*,#4174,.F.);
#5720=ORIENTED_EDGE('',*,*,#4177,.F.);
#5721=ORIENTED_EDGE('',*,*,#4180,.F.);
#5722=ORIENTED_EDGE('',*,*,#4183,.F.);
#5723=ORIENTED_EDGE('',*,*,#4186,.F.);
#5724=ORIENTED_EDGE('',*,*,#4189,.F.);
#5725=ORIENTED_EDGE('',*,*,#4192,.F.);
#5726=ORIENTED_EDGE('',*,*,#4193,.T.);
#5727=ORIENTED_EDGE('',*,*,#4194,.T.);
#5728=ORIENTED_EDGE('',*,*,#4195,.F.);
#5729=ORIENTED_EDGE('',*,*,#4196,.F.);
#5730=ORIENTED_EDGE('',*,*,#4197,.T.);
#5731=ORIENTED_EDGE('',*,*,#4198,.T.);
#5732=ORIENTED_EDGE('',*,*,#4193,.F.);
#5733=ORIENTED_EDGE('',*,*,#4199,.F.);
#5734=ORIENTED_EDGE('',*,*,#4200,.T.);
#5735=ORIENTED_EDGE('',*,*,#4201,.T.);
#5736=ORIENTED_EDGE('',*,*,#4197,.F.);
#5737=ORIENTED_EDGE('',*,*,#4202,.F.);
#5738=ORIENTED_EDGE('',*,*,#4203,.T.);
#5739=ORIENTED_EDGE('',*,*,#4204,.T.);
#5740=ORIENTED_EDGE('',*,*,#4200,.F.);
#5741=ORIENTED_EDGE('',*,*,#4205,.F.);
#5742=ORIENTED_EDGE('',*,*,#4206,.T.);
#5743=ORIENTED_EDGE('',*,*,#4207,.T.);
#5744=ORIENTED_EDGE('',*,*,#4203,.F.);
#5745=ORIENTED_EDGE('',*,*,#4208,.F.);
#5746=ORIENTED_EDGE('',*,*,#4209,.T.);
#5747=ORIENTED_EDGE('',*,*,#4210,.T.);
#5748=ORIENTED_EDGE('',*,*,#4206,.F.);
#5749=ORIENTED_EDGE('',*,*,#4211,.F.);
#5750=ORIENTED_EDGE('',*,*,#4212,.T.);
#5751=ORIENTED_EDGE('',*,*,#4213,.T.);
#5752=ORIENTED_EDGE('',*,*,#4209,.F.);
#5753=ORIENTED_EDGE('',*,*,#4214,.F.);
#5754=ORIENTED_EDGE('',*,*,#4215,.T.);
#5755=ORIENTED_EDGE('',*,*,#4216,.T.);
#5756=ORIENTED_EDGE('',*,*,#4212,.F.);
#5757=ORIENTED_EDGE('',*,*,#4217,.F.);
#5758=ORIENTED_EDGE('',*,*,#4218,.T.);
#5759=ORIENTED_EDGE('',*,*,#4219,.T.);
#5760=ORIENTED_EDGE('',*,*,#4215,.F.);
#5761=ORIENTED_EDGE('',*,*,#4220,.F.);
#5762=ORIENTED_EDGE('',*,*,#4221,.T.);
#5763=ORIENTED_EDGE('',*,*,#4222,.T.);
#5764=ORIENTED_EDGE('',*,*,#4218,.F.);
#5765=ORIENTED_EDGE('',*,*,#4223,.F.);
#5766=ORIENTED_EDGE('',*,*,#4224,.T.);
#5767=ORIENTED_EDGE('',*,*,#4225,.T.);
#5768=ORIENTED_EDGE('',*,*,#4221,.F.);
#5769=ORIENTED_EDGE('',*,*,#4226,.F.);
#5770=ORIENTED_EDGE('',*,*,#4227,.T.);
#5771=ORIENTED_EDGE('',*,*,#4228,.T.);
#5772=ORIENTED_EDGE('',*,*,#4224,.F.);
#5773=ORIENTED_EDGE('',*,*,#4229,.F.);
#5774=ORIENTED_EDGE('',*,*,#4230,.T.);
#5775=ORIENTED_EDGE('',*,*,#4231,.T.);
#5776=ORIENTED_EDGE('',*,*,#4227,.F.);
#5777=ORIENTED_EDGE('',*,*,#4232,.F.);
#5778=ORIENTED_EDGE('',*,*,#4233,.T.);
#5779=ORIENTED_EDGE('',*,*,#4234,.T.);
#5780=ORIENTED_EDGE('',*,*,#4230,.F.);
#5781=ORIENTED_EDGE('',*,*,#4235,.F.);
#5782=ORIENTED_EDGE('',*,*,#4236,.T.);
#5783=ORIENTED_EDGE('',*,*,#4237,.T.);
#5784=ORIENTED_EDGE('',*,*,#4233,.F.);
#5785=ORIENTED_EDGE('',*,*,#4238,.F.);
#5786=ORIENTED_EDGE('',*,*,#4239,.T.);
#5787=ORIENTED_EDGE('',*,*,#4240,.T.);
#5788=ORIENTED_EDGE('',*,*,#4236,.F.);
#5789=ORIENTED_EDGE('',*,*,#4241,.F.);
#5790=ORIENTED_EDGE('',*,*,#4242,.T.);
#5791=ORIENTED_EDGE('',*,*,#4243,.T.);
#5792=ORIENTED_EDGE('',*,*,#4239,.F.);
#5793=ORIENTED_EDGE('',*,*,#4244,.F.);
#5794=ORIENTED_EDGE('',*,*,#4245,.T.);
#5795=ORIENTED_EDGE('',*,*,#4246,.T.);
#5796=ORIENTED_EDGE('',*,*,#4242,.F.);
#5797=ORIENTED_EDGE('',*,*,#4247,.F.);
#5798=ORIENTED_EDGE('',*,*,#4248,.T.);
#5799=ORIENTED_EDGE('',*,*,#4249,.T.);
#5800=ORIENTED_EDGE('',*,*,#4245,.F.);
#5801=ORIENTED_EDGE('',*,*,#4250,.F.);
#5802=ORIENTED_EDGE('',*,*,#4251,.T.);
#5803=ORIENTED_EDGE('',*,*,#4252,.T.);
#5804=ORIENTED_EDGE('',*,*,#4248,.F.);
#5805=ORIENTED_EDGE('',*,*,#4253,.F.);
#5806=ORIENTED_EDGE('',*,*,#4254,.T.);
#5807=ORIENTED_EDGE('',*,*,#4255,.T.);
#5808=ORIENTED_EDGE('',*,*,#4251,.F.);
#5809=ORIENTED_EDGE('',*,*,#4256,.F.);
#5810=ORIENTED_EDGE('',*,*,#4257,.T.);
#5811=ORIENTED_EDGE('',*,*,#4258,.T.);
#5812=ORIENTED_EDGE('',*,*,#4254,.F.);
#5813=ORIENTED_EDGE('',*,*,#4259,.F.);
#5814=ORIENTED_EDGE('',*,*,#4260,.T.);
#5815=ORIENTED_EDGE('',*,*,#4261,.T.);
#5816=ORIENTED_EDGE('',*,*,#4257,.F.);
#5817=ORIENTED_EDGE('',*,*,#4262,.F.);
#5818=ORIENTED_EDGE('',*,*,#4263,.T.);
#5819=ORIENTED_EDGE('',*,*,#4264,.T.);
#5820=ORIENTED_EDGE('',*,*,#4260,.F.);
#5821=ORIENTED_EDGE('',*,*,#4265,.F.);
#5822=ORIENTED_EDGE('',*,*,#4266,.T.);
#5823=ORIENTED_EDGE('',*,*,#4267,.T.);
#5824=ORIENTED_EDGE('',*,*,#4263,.F.);
#5825=ORIENTED_EDGE('',*,*,#4268,.F.);
#5826=ORIENTED_EDGE('',*,*,#4269,.T.);
#5827=ORIENTED_EDGE('',*,*,#4270,.T.);
#5828=ORIENTED_EDGE('',*,*,#4266,.F.);
#5829=ORIENTED_EDGE('',*,*,#4271,.F.);
#5830=ORIENTED_EDGE('',*,*,#4272,.T.);
#5831=ORIENTED_EDGE('',*,*,#4273,.T.);
#5832=ORIENTED_EDGE('',*,*,#4269,.F.);
#5833=ORIENTED_EDGE('',*,*,#4274,.F.);
#5834=ORIENTED_EDGE('',*,*,#4275,.T.);
#5835=ORIENTED_EDGE('',*,*,#4276,.T.);
#5836=ORIENTED_EDGE('',*,*,#4272,.F.);
#5837=ORIENTED_EDGE('',*,*,#4277,.F.);
#5838=ORIENTED_EDGE('',*,*,#4278,.T.);
#5839=ORIENTED_EDGE('',*,*,#4279,.T.);
#5840=ORIENTED_EDGE('',*,*,#4275,.F.);
#5841=ORIENTED_EDGE('',*,*,#4280,.F.);
#5842=ORIENTED_EDGE('',*,*,#4195,.T.);
#5843=ORIENTED_EDGE('',*,*,#4281,.T.);
#5844=ORIENTED_EDGE('',*,*,#4278,.F.);
#5845=ORIENTED_EDGE('',*,*,#4281,.F.);
#5846=ORIENTED_EDGE('',*,*,#4194,.F.);
#5847=ORIENTED_EDGE('',*,*,#4198,.F.);
#5848=ORIENTED_EDGE('',*,*,#4201,.F.);
#5849=ORIENTED_EDGE('',*,*,#4204,.F.);
#5850=ORIENTED_EDGE('',*,*,#4207,.F.);
#5851=ORIENTED_EDGE('',*,*,#4210,.F.);
#5852=ORIENTED_EDGE('',*,*,#4213,.F.);
#5853=ORIENTED_EDGE('',*,*,#4216,.F.);
#5854=ORIENTED_EDGE('',*,*,#4219,.F.);
#5855=ORIENTED_EDGE('',*,*,#4222,.F.);
#5856=ORIENTED_EDGE('',*,*,#4225,.F.);
#5857=ORIENTED_EDGE('',*,*,#4228,.F.);
#5858=ORIENTED_EDGE('',*,*,#4231,.F.);
#5859=ORIENTED_EDGE('',*,*,#4234,.F.);
#5860=ORIENTED_EDGE('',*,*,#4237,.F.);
#5861=ORIENTED_EDGE('',*,*,#4240,.F.);
#5862=ORIENTED_EDGE('',*,*,#4243,.F.);
#5863=ORIENTED_EDGE('',*,*,#4246,.F.);
#5864=ORIENTED_EDGE('',*,*,#4249,.F.);
#5865=ORIENTED_EDGE('',*,*,#4252,.F.);
#5866=ORIENTED_EDGE('',*,*,#4255,.F.);
#5867=ORIENTED_EDGE('',*,*,#4258,.F.);
#5868=ORIENTED_EDGE('',*,*,#4261,.F.);
#5869=ORIENTED_EDGE('',*,*,#4264,.F.);
#5870=ORIENTED_EDGE('',*,*,#4267,.F.);
#5871=ORIENTED_EDGE('',*,*,#4270,.F.);
#5872=ORIENTED_EDGE('',*,*,#4273,.F.);
#5873=ORIENTED_EDGE('',*,*,#4276,.F.);
#5874=ORIENTED_EDGE('',*,*,#4279,.F.);
#5875=ORIENTED_EDGE('',*,*,#4282,.F.);
#5876=ORIENTED_EDGE('',*,*,#4283,.T.);
#5877=ORIENTED_EDGE('',*,*,#4284,.F.);
#5878=ORIENTED_EDGE('',*,*,#4283,.F.);
#5879=ORIENTED_EDGE('',*,*,#4285,.T.);
#5880=ORIENTED_EDGE('',*,*,#4286,.T.);
#5881=ORIENTED_EDGE('',*,*,#4287,.T.);
#5882=ORIENTED_EDGE('',*,*,#4288,.T.);
#5883=ORIENTED_EDGE('',*,*,#4288,.F.);
#5884=ORIENTED_EDGE('',*,*,#4289,.T.);
#5885=ORIENTED_EDGE('',*,*,#4290,.F.);
#5886=ORIENTED_EDGE('',*,*,#4291,.F.);
#5887=ORIENTED_EDGE('',*,*,#4287,.F.);
#5888=ORIENTED_EDGE('',*,*,#4292,.F.);
#5889=ORIENTED_EDGE('',*,*,#4293,.F.);
#5890=ORIENTED_EDGE('',*,*,#4294,.F.);
#5891=ORIENTED_EDGE('',*,*,#4295,.F.);
#5892=ORIENTED_EDGE('',*,*,#4296,.F.);
#5893=ORIENTED_EDGE('',*,*,#4297,.F.);
#5894=ORIENTED_EDGE('',*,*,#4298,.T.);
#5895=ORIENTED_EDGE('',*,*,#4299,.T.);
#5896=ORIENTED_EDGE('',*,*,#4300,.T.);
#5897=ORIENTED_EDGE('',*,*,#4301,.F.);
#5898=ORIENTED_EDGE('',*,*,#4302,.T.);
#5899=ORIENTED_EDGE('',*,*,#4303,.T.);
#5900=ORIENTED_EDGE('',*,*,#4304,.T.);
#5901=ORIENTED_EDGE('',*,*,#4305,.T.);
#5902=ORIENTED_EDGE('',*,*,#4306,.T.);
#5903=ORIENTED_EDGE('',*,*,#4307,.F.);
#5904=ORIENTED_EDGE('',*,*,#4308,.T.);
#5905=ORIENTED_EDGE('',*,*,#4309,.T.);
#5906=ORIENTED_EDGE('',*,*,#4310,.T.);
#5907=ORIENTED_EDGE('',*,*,#4311,.F.);
#5908=ORIENTED_EDGE('',*,*,#4312,.F.);
#5909=ORIENTED_EDGE('',*,*,#4313,.F.);
#5910=ORIENTED_EDGE('',*,*,#4289,.F.);
#5911=ORIENTED_EDGE('',*,*,#4314,.T.);
#5912=ORIENTED_EDGE('',*,*,#4315,.T.);
#5913=ORIENTED_EDGE('',*,*,#4293,.T.);
#5914=ORIENTED_EDGE('',*,*,#4316,.T.);
#5915=ORIENTED_EDGE('',*,*,#4315,.F.);
#5916=ORIENTED_EDGE('',*,*,#4317,.F.);
#5917=ORIENTED_EDGE('',*,*,#4318,.F.);
#5918=ORIENTED_EDGE('',*,*,#4294,.T.);
#5919=ORIENTED_EDGE('',*,*,#4319,.T.);
#5920=ORIENTED_EDGE('',*,*,#4320,.T.);
#5921=ORIENTED_EDGE('',*,*,#4295,.T.);
#5922=ORIENTED_EDGE('',*,*,#4318,.T.);
#5923=ORIENTED_EDGE('',*,*,#4321,.T.);
#5924=ORIENTED_EDGE('',*,*,#4290,.T.);
#5925=ORIENTED_EDGE('',*,*,#4313,.T.);
#5926=ORIENTED_EDGE('',*,*,#4322,.T.);
#5927=ORIENTED_EDGE('',*,*,#4285,.F.);
#5928=ORIENTED_EDGE('',*,*,#4291,.T.);
#5929=ORIENTED_EDGE('',*,*,#4321,.F.);
#5930=ORIENTED_EDGE('',*,*,#4323,.T.);
#5931=ORIENTED_EDGE('',*,*,#4319,.F.);
#5932=ORIENTED_EDGE('',*,*,#4317,.T.);
#5933=ORIENTED_EDGE('',*,*,#4314,.F.);
#5934=ORIENTED_EDGE('',*,*,#4324,.T.);
#5935=ORIENTED_EDGE('',*,*,#3895,.T.);
#5936=ORIENTED_EDGE('',*,*,#3911,.T.);
#5937=ORIENTED_EDGE('',*,*,#3908,.T.);
#5938=ORIENTED_EDGE('',*,*,#3905,.T.);
#5939=ORIENTED_EDGE('',*,*,#3902,.T.);
#5940=ORIENTED_EDGE('',*,*,#3899,.T.);
#5941=ORIENTED_EDGE('',*,*,#3913,.T.);
#5942=ORIENTED_EDGE('',*,*,#3935,.T.);
#5943=ORIENTED_EDGE('',*,*,#3932,.T.);
#5944=ORIENTED_EDGE('',*,*,#3929,.T.);
#5945=ORIENTED_EDGE('',*,*,#3926,.T.);
#5946=ORIENTED_EDGE('',*,*,#3923,.T.);
#5947=ORIENTED_EDGE('',*,*,#3920,.T.);
#5948=ORIENTED_EDGE('',*,*,#3917,.T.);
#5949=ORIENTED_EDGE('',*,*,#4282,.T.);
#5950=ORIENTED_EDGE('',*,*,#4192,.T.);
#5951=ORIENTED_EDGE('',*,*,#4280,.T.);
#5952=ORIENTED_EDGE('',*,*,#4277,.T.);
#5953=ORIENTED_EDGE('',*,*,#4274,.T.);
#5954=ORIENTED_EDGE('',*,*,#4271,.T.);
#5955=ORIENTED_EDGE('',*,*,#4268,.T.);
#5956=ORIENTED_EDGE('',*,*,#4265,.T.);
#5957=ORIENTED_EDGE('',*,*,#4262,.T.);
#5958=ORIENTED_EDGE('',*,*,#4259,.T.);
#5959=ORIENTED_EDGE('',*,*,#4256,.T.);
#5960=ORIENTED_EDGE('',*,*,#4253,.T.);
#5961=ORIENTED_EDGE('',*,*,#4250,.T.);
#5962=ORIENTED_EDGE('',*,*,#4247,.T.);
#5963=ORIENTED_EDGE('',*,*,#4244,.T.);
#5964=ORIENTED_EDGE('',*,*,#4241,.T.);
#5965=ORIENTED_EDGE('',*,*,#4238,.T.);
#5966=ORIENTED_EDGE('',*,*,#4235,.T.);
#5967=ORIENTED_EDGE('',*,*,#4232,.T.);
#5968=ORIENTED_EDGE('',*,*,#4229,.T.);
#5969=ORIENTED_EDGE('',*,*,#4226,.T.);
#5970=ORIENTED_EDGE('',*,*,#4223,.T.);
#5971=ORIENTED_EDGE('',*,*,#4220,.T.);
#5972=ORIENTED_EDGE('',*,*,#4217,.T.);
#5973=ORIENTED_EDGE('',*,*,#4214,.T.);
#5974=ORIENTED_EDGE('',*,*,#4211,.T.);
#5975=ORIENTED_EDGE('',*,*,#4208,.T.);
#5976=ORIENTED_EDGE('',*,*,#4205,.T.);
#5977=ORIENTED_EDGE('',*,*,#4202,.T.);
#5978=ORIENTED_EDGE('',*,*,#4199,.T.);
#5979=ORIENTED_EDGE('',*,*,#4196,.T.);
#5980=ORIENTED_EDGE('',*,*,#4162,.T.);
#5981=ORIENTED_EDGE('',*,*,#4190,.T.);
#5982=ORIENTED_EDGE('',*,*,#4187,.T.);
#5983=ORIENTED_EDGE('',*,*,#4184,.T.);
#5984=ORIENTED_EDGE('',*,*,#4181,.T.);
#5985=ORIENTED_EDGE('',*,*,#4178,.T.);
#5986=ORIENTED_EDGE('',*,*,#4175,.T.);
#5987=ORIENTED_EDGE('',*,*,#4172,.T.);
#5988=ORIENTED_EDGE('',*,*,#4169,.T.);
#5989=ORIENTED_EDGE('',*,*,#4166,.T.);
#5990=ORIENTED_EDGE('',*,*,#4126,.T.);
#5991=ORIENTED_EDGE('',*,*,#4160,.T.);
#5992=ORIENTED_EDGE('',*,*,#4157,.T.);
#5993=ORIENTED_EDGE('',*,*,#4154,.T.);
#5994=ORIENTED_EDGE('',*,*,#4151,.T.);
#5995=ORIENTED_EDGE('',*,*,#4148,.T.);
#5996=ORIENTED_EDGE('',*,*,#4145,.T.);
#5997=ORIENTED_EDGE('',*,*,#4142,.T.);
#5998=ORIENTED_EDGE('',*,*,#4139,.T.);
#5999=ORIENTED_EDGE('',*,*,#4136,.T.);
#6000=ORIENTED_EDGE('',*,*,#4133,.T.);
#6001=ORIENTED_EDGE('',*,*,#4130,.T.);
#6002=ORIENTED_EDGE('',*,*,#4036,.T.);
#6003=ORIENTED_EDGE('',*,*,#4124,.T.);
#6004=ORIENTED_EDGE('',*,*,#4121,.T.);
#6005=ORIENTED_EDGE('',*,*,#4118,.T.);
#6006=ORIENTED_EDGE('',*,*,#4115,.T.);
#6007=ORIENTED_EDGE('',*,*,#4112,.T.);
#6008=ORIENTED_EDGE('',*,*,#4109,.T.);
#6009=ORIENTED_EDGE('',*,*,#4106,.T.);
#6010=ORIENTED_EDGE('',*,*,#4103,.T.);
#6011=ORIENTED_EDGE('',*,*,#4100,.T.);
#6012=ORIENTED_EDGE('',*,*,#4097,.T.);
#6013=ORIENTED_EDGE('',*,*,#4094,.T.);
#6014=ORIENTED_EDGE('',*,*,#4091,.T.);
#6015=ORIENTED_EDGE('',*,*,#4088,.T.);
#6016=ORIENTED_EDGE('',*,*,#4085,.T.);
#6017=ORIENTED_EDGE('',*,*,#4082,.T.);
#6018=ORIENTED_EDGE('',*,*,#4079,.T.);
#6019=ORIENTED_EDGE('',*,*,#4076,.T.);
#6020=ORIENTED_EDGE('',*,*,#4073,.T.);
#6021=ORIENTED_EDGE('',*,*,#4070,.T.);
#6022=ORIENTED_EDGE('',*,*,#4067,.T.);
#6023=ORIENTED_EDGE('',*,*,#4064,.T.);
#6024=ORIENTED_EDGE('',*,*,#4061,.T.);
#6025=ORIENTED_EDGE('',*,*,#4058,.T.);
#6026=ORIENTED_EDGE('',*,*,#4055,.T.);
#6027=ORIENTED_EDGE('',*,*,#4052,.T.);
#6028=ORIENTED_EDGE('',*,*,#4049,.T.);
#6029=ORIENTED_EDGE('',*,*,#4046,.T.);
#6030=ORIENTED_EDGE('',*,*,#4043,.T.);
#6031=ORIENTED_EDGE('',*,*,#4040,.T.);
#6032=ORIENTED_EDGE('',*,*,#3991,.T.);
#6033=ORIENTED_EDGE('',*,*,#4034,.T.);
#6034=ORIENTED_EDGE('',*,*,#4031,.T.);
#6035=ORIENTED_EDGE('',*,*,#4028,.T.);
#6036=ORIENTED_EDGE('',*,*,#4025,.T.);
#6037=ORIENTED_EDGE('',*,*,#4022,.T.);
#6038=ORIENTED_EDGE('',*,*,#4019,.T.);
#6039=ORIENTED_EDGE('',*,*,#4016,.T.);
#6040=ORIENTED_EDGE('',*,*,#4013,.T.);
#6041=ORIENTED_EDGE('',*,*,#4010,.T.);
#6042=ORIENTED_EDGE('',*,*,#4007,.T.);
#6043=ORIENTED_EDGE('',*,*,#4004,.T.);
#6044=ORIENTED_EDGE('',*,*,#4001,.T.);
#6045=ORIENTED_EDGE('',*,*,#3998,.T.);
#6046=ORIENTED_EDGE('',*,*,#3995,.T.);
#6047=ORIENTED_EDGE('',*,*,#3859,.T.);
#6048=ORIENTED_EDGE('',*,*,#3893,.T.);
#6049=ORIENTED_EDGE('',*,*,#3890,.T.);
#6050=ORIENTED_EDGE('',*,*,#3887,.T.);
#6051=ORIENTED_EDGE('',*,*,#3884,.T.);
#6052=ORIENTED_EDGE('',*,*,#3881,.T.);
#6053=ORIENTED_EDGE('',*,*,#3878,.T.);
#6054=ORIENTED_EDGE('',*,*,#3875,.T.);
#6055=ORIENTED_EDGE('',*,*,#3872,.T.);
#6056=ORIENTED_EDGE('',*,*,#3869,.T.);
#6057=ORIENTED_EDGE('',*,*,#3866,.T.);
#6058=ORIENTED_EDGE('',*,*,#3863,.T.);
#6059=ORIENTED_EDGE('',*,*,#4306,.F.);
#6060=ORIENTED_EDGE('',*,*,#4325,.T.);
#6061=ORIENTED_EDGE('',*,*,#4326,.T.);
#6062=ORIENTED_EDGE('',*,*,#4327,.F.);
#6063=ORIENTED_EDGE('',*,*,#4328,.F.);
#6064=ORIENTED_EDGE('',*,*,#4327,.T.);
#6065=ORIENTED_EDGE('',*,*,#4329,.T.);
#6066=ORIENTED_EDGE('',*,*,#4330,.F.);
#6067=ORIENTED_EDGE('',*,*,#4305,.F.);
#6068=ORIENTED_EDGE('',*,*,#4331,.T.);
#6069=ORIENTED_EDGE('',*,*,#4332,.T.);
#6070=ORIENTED_EDGE('',*,*,#4325,.F.);
#6071=ORIENTED_EDGE('',*,*,#4304,.F.);
#6072=ORIENTED_EDGE('',*,*,#4333,.T.);
#6073=ORIENTED_EDGE('',*,*,#4334,.T.);
#6074=ORIENTED_EDGE('',*,*,#4331,.F.);
#6075=ORIENTED_EDGE('',*,*,#4303,.F.);
#6076=ORIENTED_EDGE('',*,*,#4335,.T.);
#6077=ORIENTED_EDGE('',*,*,#4336,.T.);
#6078=ORIENTED_EDGE('',*,*,#4333,.F.);
#6079=ORIENTED_EDGE('',*,*,#4302,.F.);
#6080=ORIENTED_EDGE('',*,*,#4337,.F.);
#6081=ORIENTED_EDGE('',*,*,#4338,.T.);
#6082=ORIENTED_EDGE('',*,*,#4335,.F.);
#6083=ORIENTED_EDGE('',*,*,#4329,.F.);
#6084=ORIENTED_EDGE('',*,*,#4326,.F.);
#6085=ORIENTED_EDGE('',*,*,#4332,.F.);
#6086=ORIENTED_EDGE('',*,*,#4334,.F.);
#6087=ORIENTED_EDGE('',*,*,#4336,.F.);
#6088=ORIENTED_EDGE('',*,*,#4338,.F.);
#6089=ORIENTED_EDGE('',*,*,#4339,.F.);
#6090=ORIENTED_EDGE('',*,*,#4340,.F.);
#6091=ORIENTED_EDGE('',*,*,#4341,.F.);
#6092=ORIENTED_EDGE('',*,*,#4342,.F.);
#6093=ORIENTED_EDGE('',*,*,#4343,.F.);
#6094=ORIENTED_EDGE('',*,*,#4344,.F.);
#6095=ORIENTED_EDGE('',*,*,#4343,.T.);
#6096=ORIENTED_EDGE('',*,*,#4345,.T.);
#6097=ORIENTED_EDGE('',*,*,#4346,.F.);
#6098=ORIENTED_EDGE('',*,*,#4347,.F.);
#6099=ORIENTED_EDGE('',*,*,#4330,.T.);
#6100=ORIENTED_EDGE('',*,*,#4344,.T.);
#6101=ORIENTED_EDGE('',*,*,#4347,.T.);
#6102=ORIENTED_EDGE('',*,*,#4348,.F.);
#6103=ORIENTED_EDGE('',*,*,#4349,.F.);
#6104=ORIENTED_EDGE('',*,*,#4340,.T.);
#6105=ORIENTED_EDGE('',*,*,#4350,.T.);
#6106=ORIENTED_EDGE('',*,*,#4351,.T.);
#6107=ORIENTED_EDGE('',*,*,#4352,.T.);
#6108=ORIENTED_EDGE('',*,*,#4353,.T.);
#6109=ORIENTED_EDGE('',*,*,#4342,.T.);
#6110=ORIENTED_EDGE('',*,*,#4354,.T.);
#6111=ORIENTED_EDGE('',*,*,#4355,.F.);
#6112=ORIENTED_EDGE('',*,*,#4345,.F.);
#6113=ORIENTED_EDGE('',*,*,#4309,.F.);
#6114=ORIENTED_EDGE('',*,*,#4356,.T.);
#6115=ORIENTED_EDGE('',*,*,#4357,.T.);
#6116=ORIENTED_EDGE('',*,*,#4358,.T.);
#6117=ORIENTED_EDGE('',*,*,#4310,.F.);
#6118=ORIENTED_EDGE('',*,*,#4358,.F.);
#6119=ORIENTED_EDGE('',*,*,#4359,.T.);
#6120=ORIENTED_EDGE('',*,*,#4360,.F.);
#6121=ORIENTED_EDGE('',*,*,#4298,.F.);
#6122=ORIENTED_EDGE('',*,*,#4361,.F.);
#6123=ORIENTED_EDGE('',*,*,#4362,.F.);
#6124=ORIENTED_EDGE('',*,*,#4363,.F.);
#6125=ORIENTED_EDGE('',*,*,#4364,.F.);
#6126=ORIENTED_EDGE('',*,*,#4308,.F.);
#6127=ORIENTED_EDGE('',*,*,#4365,.F.);
#6128=ORIENTED_EDGE('',*,*,#4366,.F.);
#6129=ORIENTED_EDGE('',*,*,#4367,.F.);
#6130=ORIENTED_EDGE('',*,*,#4368,.F.);
#6131=ORIENTED_EDGE('',*,*,#4300,.F.);
#6132=ORIENTED_EDGE('',*,*,#4369,.T.);
#6133=ORIENTED_EDGE('',*,*,#4370,.T.);
#6134=ORIENTED_EDGE('',*,*,#4356,.F.);
#6135=ORIENTED_EDGE('',*,*,#4299,.F.);
#6136=ORIENTED_EDGE('',*,*,#4360,.T.);
#6137=ORIENTED_EDGE('',*,*,#4371,.T.);
#6138=ORIENTED_EDGE('',*,*,#4369,.F.);
#6139=ORIENTED_EDGE('',*,*,#4359,.F.);
#6140=ORIENTED_EDGE('',*,*,#4357,.F.);
#6141=ORIENTED_EDGE('',*,*,#4370,.F.);
#6142=ORIENTED_EDGE('',*,*,#4371,.F.);
#6143=ORIENTED_EDGE('',*,*,#4364,.T.);
#6144=ORIENTED_EDGE('',*,*,#4372,.F.);
#6145=ORIENTED_EDGE('',*,*,#4373,.F.);
#6146=ORIENTED_EDGE('',*,*,#4311,.T.);
#6147=ORIENTED_EDGE('',*,*,#4365,.T.);
#6148=ORIENTED_EDGE('',*,*,#4307,.T.);
#6149=ORIENTED_EDGE('',*,*,#4328,.T.);
#6150=ORIENTED_EDGE('',*,*,#4353,.F.);
#6151=ORIENTED_EDGE('',*,*,#4374,.F.);
#6152=ORIENTED_EDGE('',*,*,#4361,.T.);
#6153=ORIENTED_EDGE('',*,*,#4297,.T.);
#6154=ORIENTED_EDGE('',*,*,#4375,.F.);
#6155=ORIENTED_EDGE('',*,*,#4376,.T.);
#6156=ORIENTED_EDGE('',*,*,#4363,.T.);
#6157=ORIENTED_EDGE('',*,*,#4377,.F.);
#6158=ORIENTED_EDGE('',*,*,#4378,.F.);
#6159=ORIENTED_EDGE('',*,*,#4372,.T.);
#6160=ORIENTED_EDGE('',*,*,#4366,.T.);
#6161=ORIENTED_EDGE('',*,*,#4374,.T.);
#6162=ORIENTED_EDGE('',*,*,#4352,.F.);
#6163=ORIENTED_EDGE('',*,*,#4379,.F.);
#6164=ORIENTED_EDGE('',*,*,#4362,.T.);
#6165=ORIENTED_EDGE('',*,*,#4376,.F.);
#6166=ORIENTED_EDGE('',*,*,#4380,.F.);
#6167=ORIENTED_EDGE('',*,*,#4377,.T.);
#6168=ORIENTED_EDGE('',*,*,#4381,.T.);
#6169=ORIENTED_EDGE('',*,*,#4348,.T.);
#6170=ORIENTED_EDGE('',*,*,#4346,.T.);
#6171=ORIENTED_EDGE('',*,*,#4355,.T.);
#6172=ORIENTED_EDGE('',*,*,#4284,.T.);
#6173=ORIENTED_EDGE('',*,*,#4367,.T.);
#6174=ORIENTED_EDGE('',*,*,#4379,.T.);
#6175=ORIENTED_EDGE('',*,*,#4351,.F.);
#6176=ORIENTED_EDGE('',*,*,#4382,.F.);
#6177=ORIENTED_EDGE('',*,*,#4341,.T.);
#6178=ORIENTED_EDGE('',*,*,#4349,.T.);
#6179=ORIENTED_EDGE('',*,*,#4381,.F.);
#6180=ORIENTED_EDGE('',*,*,#4354,.F.);
#6181=ORIENTED_EDGE('',*,*,#4337,.T.);
#6182=ORIENTED_EDGE('',*,*,#4301,.T.);
#6183=ORIENTED_EDGE('',*,*,#4368,.T.);
#6184=ORIENTED_EDGE('',*,*,#4382,.T.);
#6185=ORIENTED_EDGE('',*,*,#4350,.F.);
#6186=ORIENTED_EDGE('',*,*,#4339,.T.);
#6187=ORIENTED_EDGE('',*,*,#4320,.F.);
#6188=ORIENTED_EDGE('',*,*,#4323,.F.);
#6189=ORIENTED_EDGE('',*,*,#4322,.F.);
#6190=ORIENTED_EDGE('',*,*,#4312,.T.);
#6191=ORIENTED_EDGE('',*,*,#4373,.T.);
#6192=ORIENTED_EDGE('',*,*,#4378,.T.);
#6193=ORIENTED_EDGE('',*,*,#4380,.T.);
#6194=ORIENTED_EDGE('',*,*,#4375,.T.);
#6195=ORIENTED_EDGE('',*,*,#4296,.T.);
#6196=ORIENTED_EDGE('',*,*,#4286,.F.);
#6197=ORIENTED_EDGE('',*,*,#4324,.F.);
#6198=ORIENTED_EDGE('',*,*,#4316,.F.);
#6199=ORIENTED_EDGE('',*,*,#4292,.T.);
#6200=ORIENTED_EDGE('',*,*,#4383,.T.);
#6201=ORIENTED_EDGE('',*,*,#4384,.T.);
#6202=ORIENTED_EDGE('',*,*,#4385,.F.);
#6203=ORIENTED_EDGE('',*,*,#4386,.F.);
#6204=ORIENTED_EDGE('',*,*,#4387,.T.);
#6205=ORIENTED_EDGE('',*,*,#4386,.T.);
#6206=ORIENTED_EDGE('',*,*,#4388,.F.);
#6207=ORIENTED_EDGE('',*,*,#4389,.F.);
#6208=ORIENTED_EDGE('',*,*,#4390,.T.);
#6209=ORIENTED_EDGE('',*,*,#4389,.T.);
#6210=ORIENTED_EDGE('',*,*,#4391,.F.);
#6211=ORIENTED_EDGE('',*,*,#4392,.F.);
#6212=ORIENTED_EDGE('',*,*,#4393,.T.);
#6213=ORIENTED_EDGE('',*,*,#4392,.T.);
#6214=ORIENTED_EDGE('',*,*,#4394,.F.);
#6215=ORIENTED_EDGE('',*,*,#4395,.F.);
#6216=ORIENTED_EDGE('',*,*,#4396,.T.);
#6217=ORIENTED_EDGE('',*,*,#4395,.T.);
#6218=ORIENTED_EDGE('',*,*,#4397,.F.);
#6219=ORIENTED_EDGE('',*,*,#4398,.F.);
#6220=ORIENTED_EDGE('',*,*,#4399,.T.);
#6221=ORIENTED_EDGE('',*,*,#4398,.T.);
#6222=ORIENTED_EDGE('',*,*,#4400,.F.);
#6223=ORIENTED_EDGE('',*,*,#4401,.F.);
#6224=ORIENTED_EDGE('',*,*,#4402,.T.);
#6225=ORIENTED_EDGE('',*,*,#4401,.T.);
#6226=ORIENTED_EDGE('',*,*,#4403,.F.);
#6227=ORIENTED_EDGE('',*,*,#4404,.F.);
#6228=ORIENTED_EDGE('',*,*,#4405,.T.);
#6229=ORIENTED_EDGE('',*,*,#4404,.T.);
#6230=ORIENTED_EDGE('',*,*,#4406,.F.);
#6231=ORIENTED_EDGE('',*,*,#4407,.F.);
#6232=ORIENTED_EDGE('',*,*,#4408,.T.);
#6233=ORIENTED_EDGE('',*,*,#4407,.T.);
#6234=ORIENTED_EDGE('',*,*,#4409,.F.);
#6235=ORIENTED_EDGE('',*,*,#4410,.F.);
#6236=ORIENTED_EDGE('',*,*,#4411,.T.);
#6237=ORIENTED_EDGE('',*,*,#4410,.T.);
#6238=ORIENTED_EDGE('',*,*,#4412,.F.);
#6239=ORIENTED_EDGE('',*,*,#4384,.F.);
#6240=ORIENTED_EDGE('',*,*,#4411,.F.);
#6241=ORIENTED_EDGE('',*,*,#4383,.F.);
#6242=ORIENTED_EDGE('',*,*,#4387,.F.);
#6243=ORIENTED_EDGE('',*,*,#4390,.F.);
#6244=ORIENTED_EDGE('',*,*,#4393,.F.);
#6245=ORIENTED_EDGE('',*,*,#4396,.F.);
#6246=ORIENTED_EDGE('',*,*,#4399,.F.);
#6247=ORIENTED_EDGE('',*,*,#4402,.F.);
#6248=ORIENTED_EDGE('',*,*,#4405,.F.);
#6249=ORIENTED_EDGE('',*,*,#4408,.F.);
#6250=ORIENTED_EDGE('',*,*,#4412,.T.);
#6251=ORIENTED_EDGE('',*,*,#4409,.T.);
#6252=ORIENTED_EDGE('',*,*,#4406,.T.);
#6253=ORIENTED_EDGE('',*,*,#4403,.T.);
#6254=ORIENTED_EDGE('',*,*,#4400,.T.);
#6255=ORIENTED_EDGE('',*,*,#4397,.T.);
#6256=ORIENTED_EDGE('',*,*,#4394,.T.);
#6257=ORIENTED_EDGE('',*,*,#4391,.T.);
#6258=ORIENTED_EDGE('',*,*,#4388,.T.);
#6259=ORIENTED_EDGE('',*,*,#4385,.T.);
#6260=ORIENTED_EDGE('',*,*,#4413,.T.);
#6261=ORIENTED_EDGE('',*,*,#4414,.T.);
#6262=ORIENTED_EDGE('',*,*,#4415,.F.);
#6263=ORIENTED_EDGE('',*,*,#4416,.F.);
#6264=ORIENTED_EDGE('',*,*,#4417,.T.);
#6265=ORIENTED_EDGE('',*,*,#4416,.T.);
#6266=ORIENTED_EDGE('',*,*,#4418,.F.);
#6267=ORIENTED_EDGE('',*,*,#4419,.F.);
#6268=ORIENTED_EDGE('',*,*,#4420,.T.);
#6269=ORIENTED_EDGE('',*,*,#4419,.T.);
#6270=ORIENTED_EDGE('',*,*,#4421,.F.);
#6271=ORIENTED_EDGE('',*,*,#4422,.F.);
#6272=ORIENTED_EDGE('',*,*,#4423,.T.);
#6273=ORIENTED_EDGE('',*,*,#4422,.T.);
#6274=ORIENTED_EDGE('',*,*,#4424,.F.);
#6275=ORIENTED_EDGE('',*,*,#4425,.F.);
#6276=ORIENTED_EDGE('',*,*,#4426,.T.);
#6277=ORIENTED_EDGE('',*,*,#4425,.T.);
#6278=ORIENTED_EDGE('',*,*,#4427,.F.);
#6279=ORIENTED_EDGE('',*,*,#4428,.F.);
#6280=ORIENTED_EDGE('',*,*,#4429,.T.);
#6281=ORIENTED_EDGE('',*,*,#4428,.T.);
#6282=ORIENTED_EDGE('',*,*,#4430,.F.);
#6283=ORIENTED_EDGE('',*,*,#4431,.F.);
#6284=ORIENTED_EDGE('',*,*,#4432,.T.);
#6285=ORIENTED_EDGE('',*,*,#4431,.T.);
#6286=ORIENTED_EDGE('',*,*,#4433,.F.);
#6287=ORIENTED_EDGE('',*,*,#4434,.F.);
#6288=ORIENTED_EDGE('',*,*,#4435,.T.);
#6289=ORIENTED_EDGE('',*,*,#4434,.T.);
#6290=ORIENTED_EDGE('',*,*,#4436,.F.);
#6291=ORIENTED_EDGE('',*,*,#4437,.F.);
#6292=ORIENTED_EDGE('',*,*,#4438,.T.);
#6293=ORIENTED_EDGE('',*,*,#4437,.T.);
#6294=ORIENTED_EDGE('',*,*,#4439,.F.);
#6295=ORIENTED_EDGE('',*,*,#4440,.F.);
#6296=ORIENTED_EDGE('',*,*,#4441,.T.);
#6297=ORIENTED_EDGE('',*,*,#4440,.T.);
#6298=ORIENTED_EDGE('',*,*,#4442,.F.);
#6299=ORIENTED_EDGE('',*,*,#4443,.F.);
#6300=ORIENTED_EDGE('',*,*,#4444,.T.);
#6301=ORIENTED_EDGE('',*,*,#4443,.T.);
#6302=ORIENTED_EDGE('',*,*,#4445,.F.);
#6303=ORIENTED_EDGE('',*,*,#4446,.F.);
#6304=ORIENTED_EDGE('',*,*,#4447,.T.);
#6305=ORIENTED_EDGE('',*,*,#4446,.T.);
#6306=ORIENTED_EDGE('',*,*,#4448,.F.);
#6307=ORIENTED_EDGE('',*,*,#4449,.F.);
#6308=ORIENTED_EDGE('',*,*,#4450,.T.);
#6309=ORIENTED_EDGE('',*,*,#4449,.T.);
#6310=ORIENTED_EDGE('',*,*,#4451,.F.);
#6311=ORIENTED_EDGE('',*,*,#4452,.F.);
#6312=ORIENTED_EDGE('',*,*,#4453,.T.);
#6313=ORIENTED_EDGE('',*,*,#4452,.T.);
#6314=ORIENTED_EDGE('',*,*,#4454,.F.);
#6315=ORIENTED_EDGE('',*,*,#4455,.F.);
#6316=ORIENTED_EDGE('',*,*,#4456,.T.);
#6317=ORIENTED_EDGE('',*,*,#4455,.T.);
#6318=ORIENTED_EDGE('',*,*,#4457,.F.);
#6319=ORIENTED_EDGE('',*,*,#4458,.F.);
#6320=ORIENTED_EDGE('',*,*,#4459,.T.);
#6321=ORIENTED_EDGE('',*,*,#4458,.T.);
#6322=ORIENTED_EDGE('',*,*,#4460,.F.);
#6323=ORIENTED_EDGE('',*,*,#4461,.F.);
#6324=ORIENTED_EDGE('',*,*,#4462,.T.);
#6325=ORIENTED_EDGE('',*,*,#4461,.T.);
#6326=ORIENTED_EDGE('',*,*,#4463,.F.);
#6327=ORIENTED_EDGE('',*,*,#4464,.F.);
#6328=ORIENTED_EDGE('',*,*,#4465,.T.);
#6329=ORIENTED_EDGE('',*,*,#4464,.T.);
#6330=ORIENTED_EDGE('',*,*,#4466,.F.);
#6331=ORIENTED_EDGE('',*,*,#4467,.F.);
#6332=ORIENTED_EDGE('',*,*,#4468,.T.);
#6333=ORIENTED_EDGE('',*,*,#4467,.T.);
#6334=ORIENTED_EDGE('',*,*,#4469,.F.);
#6335=ORIENTED_EDGE('',*,*,#4470,.F.);
#6336=ORIENTED_EDGE('',*,*,#4471,.T.);
#6337=ORIENTED_EDGE('',*,*,#4470,.T.);
#6338=ORIENTED_EDGE('',*,*,#4472,.F.);
#6339=ORIENTED_EDGE('',*,*,#4473,.F.);
#6340=ORIENTED_EDGE('',*,*,#4474,.T.);
#6341=ORIENTED_EDGE('',*,*,#4473,.T.);
#6342=ORIENTED_EDGE('',*,*,#4475,.F.);
#6343=ORIENTED_EDGE('',*,*,#4476,.F.);
#6344=ORIENTED_EDGE('',*,*,#4477,.T.);
#6345=ORIENTED_EDGE('',*,*,#4476,.T.);
#6346=ORIENTED_EDGE('',*,*,#4478,.F.);
#6347=ORIENTED_EDGE('',*,*,#4479,.F.);
#6348=ORIENTED_EDGE('',*,*,#4480,.T.);
#6349=ORIENTED_EDGE('',*,*,#4479,.T.);
#6350=ORIENTED_EDGE('',*,*,#4481,.F.);
#6351=ORIENTED_EDGE('',*,*,#4482,.F.);
#6352=ORIENTED_EDGE('',*,*,#4483,.T.);
#6353=ORIENTED_EDGE('',*,*,#4482,.T.);
#6354=ORIENTED_EDGE('',*,*,#4484,.F.);
#6355=ORIENTED_EDGE('',*,*,#4485,.F.);
#6356=ORIENTED_EDGE('',*,*,#4486,.T.);
#6357=ORIENTED_EDGE('',*,*,#4485,.T.);
#6358=ORIENTED_EDGE('',*,*,#4487,.F.);
#6359=ORIENTED_EDGE('',*,*,#4488,.F.);
#6360=ORIENTED_EDGE('',*,*,#4489,.T.);
#6361=ORIENTED_EDGE('',*,*,#4488,.T.);
#6362=ORIENTED_EDGE('',*,*,#4490,.F.);
#6363=ORIENTED_EDGE('',*,*,#4491,.F.);
#6364=ORIENTED_EDGE('',*,*,#4492,.T.);
#6365=ORIENTED_EDGE('',*,*,#4491,.T.);
#6366=ORIENTED_EDGE('',*,*,#4493,.F.);
#6367=ORIENTED_EDGE('',*,*,#4494,.F.);
#6368=ORIENTED_EDGE('',*,*,#4495,.T.);
#6369=ORIENTED_EDGE('',*,*,#4494,.T.);
#6370=ORIENTED_EDGE('',*,*,#4496,.F.);
#6371=ORIENTED_EDGE('',*,*,#4497,.F.);
#6372=ORIENTED_EDGE('',*,*,#4498,.T.);
#6373=ORIENTED_EDGE('',*,*,#4497,.T.);
#6374=ORIENTED_EDGE('',*,*,#4499,.F.);
#6375=ORIENTED_EDGE('',*,*,#4500,.F.);
#6376=ORIENTED_EDGE('',*,*,#4501,.T.);
#6377=ORIENTED_EDGE('',*,*,#4500,.T.);
#6378=ORIENTED_EDGE('',*,*,#4502,.F.);
#6379=ORIENTED_EDGE('',*,*,#4414,.F.);
#6380=ORIENTED_EDGE('',*,*,#4501,.F.);
#6381=ORIENTED_EDGE('',*,*,#4413,.F.);
#6382=ORIENTED_EDGE('',*,*,#4417,.F.);
#6383=ORIENTED_EDGE('',*,*,#4420,.F.);
#6384=ORIENTED_EDGE('',*,*,#4423,.F.);
#6385=ORIENTED_EDGE('',*,*,#4426,.F.);
#6386=ORIENTED_EDGE('',*,*,#4429,.F.);
#6387=ORIENTED_EDGE('',*,*,#4432,.F.);
#6388=ORIENTED_EDGE('',*,*,#4435,.F.);
#6389=ORIENTED_EDGE('',*,*,#4438,.F.);
#6390=ORIENTED_EDGE('',*,*,#4441,.F.);
#6391=ORIENTED_EDGE('',*,*,#4444,.F.);
#6392=ORIENTED_EDGE('',*,*,#4447,.F.);
#6393=ORIENTED_EDGE('',*,*,#4450,.F.);
#6394=ORIENTED_EDGE('',*,*,#4453,.F.);
#6395=ORIENTED_EDGE('',*,*,#4456,.F.);
#6396=ORIENTED_EDGE('',*,*,#4459,.F.);
#6397=ORIENTED_EDGE('',*,*,#4462,.F.);
#6398=ORIENTED_EDGE('',*,*,#4465,.F.);
#6399=ORIENTED_EDGE('',*,*,#4468,.F.);
#6400=ORIENTED_EDGE('',*,*,#4471,.F.);
#6401=ORIENTED_EDGE('',*,*,#4474,.F.);
#6402=ORIENTED_EDGE('',*,*,#4477,.F.);
#6403=ORIENTED_EDGE('',*,*,#4480,.F.);
#6404=ORIENTED_EDGE('',*,*,#4483,.F.);
#6405=ORIENTED_EDGE('',*,*,#4486,.F.);
#6406=ORIENTED_EDGE('',*,*,#4489,.F.);
#6407=ORIENTED_EDGE('',*,*,#4492,.F.);
#6408=ORIENTED_EDGE('',*,*,#4495,.F.);
#6409=ORIENTED_EDGE('',*,*,#4498,.F.);
#6410=ORIENTED_EDGE('',*,*,#4502,.T.);
#6411=ORIENTED_EDGE('',*,*,#4499,.T.);
#6412=ORIENTED_EDGE('',*,*,#4496,.T.);
#6413=ORIENTED_EDGE('',*,*,#4493,.T.);
#6414=ORIENTED_EDGE('',*,*,#4490,.T.);
#6415=ORIENTED_EDGE('',*,*,#4487,.T.);
#6416=ORIENTED_EDGE('',*,*,#4484,.T.);
#6417=ORIENTED_EDGE('',*,*,#4481,.T.);
#6418=ORIENTED_EDGE('',*,*,#4478,.T.);
#6419=ORIENTED_EDGE('',*,*,#4475,.T.);
#6420=ORIENTED_EDGE('',*,*,#4472,.T.);
#6421=ORIENTED_EDGE('',*,*,#4469,.T.);
#6422=ORIENTED_EDGE('',*,*,#4466,.T.);
#6423=ORIENTED_EDGE('',*,*,#4463,.T.);
#6424=ORIENTED_EDGE('',*,*,#4460,.T.);
#6425=ORIENTED_EDGE('',*,*,#4457,.T.);
#6426=ORIENTED_EDGE('',*,*,#4454,.T.);
#6427=ORIENTED_EDGE('',*,*,#4451,.T.);
#6428=ORIENTED_EDGE('',*,*,#4448,.T.);
#6429=ORIENTED_EDGE('',*,*,#4445,.T.);
#6430=ORIENTED_EDGE('',*,*,#4442,.T.);
#6431=ORIENTED_EDGE('',*,*,#4439,.T.);
#6432=ORIENTED_EDGE('',*,*,#4436,.T.);
#6433=ORIENTED_EDGE('',*,*,#4433,.T.);
#6434=ORIENTED_EDGE('',*,*,#4430,.T.);
#6435=ORIENTED_EDGE('',*,*,#4427,.T.);
#6436=ORIENTED_EDGE('',*,*,#4424,.T.);
#6437=ORIENTED_EDGE('',*,*,#4421,.T.);
#6438=ORIENTED_EDGE('',*,*,#4418,.T.);
#6439=ORIENTED_EDGE('',*,*,#4415,.T.);
#6440=ORIENTED_EDGE('',*,*,#4503,.T.);
#6441=ORIENTED_EDGE('',*,*,#4504,.T.);
#6442=ORIENTED_EDGE('',*,*,#4505,.F.);
#6443=ORIENTED_EDGE('',*,*,#4506,.F.);
#6444=ORIENTED_EDGE('',*,*,#4507,.T.);
#6445=ORIENTED_EDGE('',*,*,#4506,.T.);
#6446=ORIENTED_EDGE('',*,*,#4508,.F.);
#6447=ORIENTED_EDGE('',*,*,#4509,.F.);
#6448=ORIENTED_EDGE('',*,*,#4510,.T.);
#6449=ORIENTED_EDGE('',*,*,#4509,.T.);
#6450=ORIENTED_EDGE('',*,*,#4511,.F.);
#6451=ORIENTED_EDGE('',*,*,#4512,.F.);
#6452=ORIENTED_EDGE('',*,*,#4513,.T.);
#6453=ORIENTED_EDGE('',*,*,#4512,.T.);
#6454=ORIENTED_EDGE('',*,*,#4514,.F.);
#6455=ORIENTED_EDGE('',*,*,#4515,.F.);
#6456=ORIENTED_EDGE('',*,*,#4516,.T.);
#6457=ORIENTED_EDGE('',*,*,#4515,.T.);
#6458=ORIENTED_EDGE('',*,*,#4517,.F.);
#6459=ORIENTED_EDGE('',*,*,#4518,.F.);
#6460=ORIENTED_EDGE('',*,*,#4519,.T.);
#6461=ORIENTED_EDGE('',*,*,#4518,.T.);
#6462=ORIENTED_EDGE('',*,*,#4520,.F.);
#6463=ORIENTED_EDGE('',*,*,#4521,.F.);
#6464=ORIENTED_EDGE('',*,*,#4522,.T.);
#6465=ORIENTED_EDGE('',*,*,#4521,.T.);
#6466=ORIENTED_EDGE('',*,*,#4523,.F.);
#6467=ORIENTED_EDGE('',*,*,#4524,.F.);
#6468=ORIENTED_EDGE('',*,*,#4525,.T.);
#6469=ORIENTED_EDGE('',*,*,#4524,.T.);
#6470=ORIENTED_EDGE('',*,*,#4526,.F.);
#6471=ORIENTED_EDGE('',*,*,#4527,.F.);
#6472=ORIENTED_EDGE('',*,*,#4528,.T.);
#6473=ORIENTED_EDGE('',*,*,#4527,.T.);
#6474=ORIENTED_EDGE('',*,*,#4529,.F.);
#6475=ORIENTED_EDGE('',*,*,#4504,.F.);
#6476=ORIENTED_EDGE('',*,*,#4530,.T.);
#6477=ORIENTED_EDGE('',*,*,#4531,.T.);
#6478=ORIENTED_EDGE('',*,*,#4532,.F.);
#6479=ORIENTED_EDGE('',*,*,#4533,.F.);
#6480=ORIENTED_EDGE('',*,*,#4534,.T.);
#6481=ORIENTED_EDGE('',*,*,#4533,.T.);
#6482=ORIENTED_EDGE('',*,*,#4535,.F.);
#6483=ORIENTED_EDGE('',*,*,#4536,.F.);
#6484=ORIENTED_EDGE('',*,*,#4537,.T.);
#6485=ORIENTED_EDGE('',*,*,#4536,.T.);
#6486=ORIENTED_EDGE('',*,*,#4538,.F.);
#6487=ORIENTED_EDGE('',*,*,#4539,.F.);
#6488=ORIENTED_EDGE('',*,*,#4540,.T.);
#6489=ORIENTED_EDGE('',*,*,#4539,.T.);
#6490=ORIENTED_EDGE('',*,*,#4541,.F.);
#6491=ORIENTED_EDGE('',*,*,#4542,.F.);
#6492=ORIENTED_EDGE('',*,*,#4543,.T.);
#6493=ORIENTED_EDGE('',*,*,#4542,.T.);
#6494=ORIENTED_EDGE('',*,*,#4544,.F.);
#6495=ORIENTED_EDGE('',*,*,#4545,.F.);
#6496=ORIENTED_EDGE('',*,*,#4546,.T.);
#6497=ORIENTED_EDGE('',*,*,#4545,.T.);
#6498=ORIENTED_EDGE('',*,*,#4547,.F.);
#6499=ORIENTED_EDGE('',*,*,#4548,.F.);
#6500=ORIENTED_EDGE('',*,*,#4549,.T.);
#6501=ORIENTED_EDGE('',*,*,#4548,.T.);
#6502=ORIENTED_EDGE('',*,*,#4550,.F.);
#6503=ORIENTED_EDGE('',*,*,#4551,.F.);
#6504=ORIENTED_EDGE('',*,*,#4552,.T.);
#6505=ORIENTED_EDGE('',*,*,#4551,.T.);
#6506=ORIENTED_EDGE('',*,*,#4553,.F.);
#6507=ORIENTED_EDGE('',*,*,#4554,.F.);
#6508=ORIENTED_EDGE('',*,*,#4555,.T.);
#6509=ORIENTED_EDGE('',*,*,#4554,.T.);
#6510=ORIENTED_EDGE('',*,*,#4556,.F.);
#6511=ORIENTED_EDGE('',*,*,#4531,.F.);
#6512=ORIENTED_EDGE('',*,*,#4557,.T.);
#6513=ORIENTED_EDGE('',*,*,#4558,.T.);
#6514=ORIENTED_EDGE('',*,*,#4559,.F.);
#6515=ORIENTED_EDGE('',*,*,#4560,.F.);
#6516=ORIENTED_EDGE('',*,*,#4561,.T.);
#6517=ORIENTED_EDGE('',*,*,#4560,.T.);
#6518=ORIENTED_EDGE('',*,*,#4562,.F.);
#6519=ORIENTED_EDGE('',*,*,#4563,.F.);
#6520=ORIENTED_EDGE('',*,*,#4564,.T.);
#6521=ORIENTED_EDGE('',*,*,#4563,.T.);
#6522=ORIENTED_EDGE('',*,*,#4565,.F.);
#6523=ORIENTED_EDGE('',*,*,#4566,.F.);
#6524=ORIENTED_EDGE('',*,*,#4567,.T.);
#6525=ORIENTED_EDGE('',*,*,#4566,.T.);
#6526=ORIENTED_EDGE('',*,*,#4568,.F.);
#6527=ORIENTED_EDGE('',*,*,#4569,.F.);
#6528=ORIENTED_EDGE('',*,*,#4570,.T.);
#6529=ORIENTED_EDGE('',*,*,#4569,.T.);
#6530=ORIENTED_EDGE('',*,*,#4571,.F.);
#6531=ORIENTED_EDGE('',*,*,#4572,.F.);
#6532=ORIENTED_EDGE('',*,*,#4573,.T.);
#6533=ORIENTED_EDGE('',*,*,#4572,.T.);
#6534=ORIENTED_EDGE('',*,*,#4574,.F.);
#6535=ORIENTED_EDGE('',*,*,#4575,.F.);
#6536=ORIENTED_EDGE('',*,*,#4576,.T.);
#6537=ORIENTED_EDGE('',*,*,#4575,.T.);
#6538=ORIENTED_EDGE('',*,*,#4577,.F.);
#6539=ORIENTED_EDGE('',*,*,#4578,.F.);
#6540=ORIENTED_EDGE('',*,*,#4579,.T.);
#6541=ORIENTED_EDGE('',*,*,#4578,.T.);
#6542=ORIENTED_EDGE('',*,*,#4580,.F.);
#6543=ORIENTED_EDGE('',*,*,#4581,.F.);
#6544=ORIENTED_EDGE('',*,*,#4582,.T.);
#6545=ORIENTED_EDGE('',*,*,#4581,.T.);
#6546=ORIENTED_EDGE('',*,*,#4583,.F.);
#6547=ORIENTED_EDGE('',*,*,#4584,.F.);
#6548=ORIENTED_EDGE('',*,*,#4585,.T.);
#6549=ORIENTED_EDGE('',*,*,#4584,.T.);
#6550=ORIENTED_EDGE('',*,*,#4586,.F.);
#6551=ORIENTED_EDGE('',*,*,#4587,.F.);
#6552=ORIENTED_EDGE('',*,*,#4588,.T.);
#6553=ORIENTED_EDGE('',*,*,#4587,.T.);
#6554=ORIENTED_EDGE('',*,*,#4589,.F.);
#6555=ORIENTED_EDGE('',*,*,#4590,.F.);
#6556=ORIENTED_EDGE('',*,*,#4591,.T.);
#6557=ORIENTED_EDGE('',*,*,#4590,.T.);
#6558=ORIENTED_EDGE('',*,*,#4592,.F.);
#6559=ORIENTED_EDGE('',*,*,#4593,.F.);
#6560=ORIENTED_EDGE('',*,*,#4594,.T.);
#6561=ORIENTED_EDGE('',*,*,#4593,.T.);
#6562=ORIENTED_EDGE('',*,*,#4595,.F.);
#6563=ORIENTED_EDGE('',*,*,#4596,.F.);
#6564=ORIENTED_EDGE('',*,*,#4597,.T.);
#6565=ORIENTED_EDGE('',*,*,#4596,.T.);
#6566=ORIENTED_EDGE('',*,*,#4598,.F.);
#6567=ORIENTED_EDGE('',*,*,#4599,.F.);
#6568=ORIENTED_EDGE('',*,*,#4600,.T.);
#6569=ORIENTED_EDGE('',*,*,#4599,.T.);
#6570=ORIENTED_EDGE('',*,*,#4601,.F.);
#6571=ORIENTED_EDGE('',*,*,#4558,.F.);
#6572=ORIENTED_EDGE('',*,*,#4600,.F.);
#6573=ORIENTED_EDGE('',*,*,#4557,.F.);
#6574=ORIENTED_EDGE('',*,*,#4561,.F.);
#6575=ORIENTED_EDGE('',*,*,#4564,.F.);
#6576=ORIENTED_EDGE('',*,*,#4567,.F.);
#6577=ORIENTED_EDGE('',*,*,#4570,.F.);
#6578=ORIENTED_EDGE('',*,*,#4573,.F.);
#6579=ORIENTED_EDGE('',*,*,#4576,.F.);
#6580=ORIENTED_EDGE('',*,*,#4579,.F.);
#6581=ORIENTED_EDGE('',*,*,#4582,.F.);
#6582=ORIENTED_EDGE('',*,*,#4585,.F.);
#6583=ORIENTED_EDGE('',*,*,#4588,.F.);
#6584=ORIENTED_EDGE('',*,*,#4591,.F.);
#6585=ORIENTED_EDGE('',*,*,#4594,.F.);
#6586=ORIENTED_EDGE('',*,*,#4597,.F.);
#6587=ORIENTED_EDGE('',*,*,#4555,.F.);
#6588=ORIENTED_EDGE('',*,*,#4530,.F.);
#6589=ORIENTED_EDGE('',*,*,#4534,.F.);
#6590=ORIENTED_EDGE('',*,*,#4537,.F.);
#6591=ORIENTED_EDGE('',*,*,#4540,.F.);
#6592=ORIENTED_EDGE('',*,*,#4543,.F.);
#6593=ORIENTED_EDGE('',*,*,#4546,.F.);
#6594=ORIENTED_EDGE('',*,*,#4549,.F.);
#6595=ORIENTED_EDGE('',*,*,#4552,.F.);
#6596=ORIENTED_EDGE('',*,*,#4528,.F.);
#6597=ORIENTED_EDGE('',*,*,#4503,.F.);
#6598=ORIENTED_EDGE('',*,*,#4507,.F.);
#6599=ORIENTED_EDGE('',*,*,#4510,.F.);
#6600=ORIENTED_EDGE('',*,*,#4513,.F.);
#6601=ORIENTED_EDGE('',*,*,#4516,.F.);
#6602=ORIENTED_EDGE('',*,*,#4519,.F.);
#6603=ORIENTED_EDGE('',*,*,#4522,.F.);
#6604=ORIENTED_EDGE('',*,*,#4525,.F.);
#6605=ORIENTED_EDGE('',*,*,#4601,.T.);
#6606=ORIENTED_EDGE('',*,*,#4598,.T.);
#6607=ORIENTED_EDGE('',*,*,#4595,.T.);
#6608=ORIENTED_EDGE('',*,*,#4592,.T.);
#6609=ORIENTED_EDGE('',*,*,#4589,.T.);
#6610=ORIENTED_EDGE('',*,*,#4586,.T.);
#6611=ORIENTED_EDGE('',*,*,#4583,.T.);
#6612=ORIENTED_EDGE('',*,*,#4580,.T.);
#6613=ORIENTED_EDGE('',*,*,#4577,.T.);
#6614=ORIENTED_EDGE('',*,*,#4574,.T.);
#6615=ORIENTED_EDGE('',*,*,#4571,.T.);
#6616=ORIENTED_EDGE('',*,*,#4568,.T.);
#6617=ORIENTED_EDGE('',*,*,#4565,.T.);
#6618=ORIENTED_EDGE('',*,*,#4562,.T.);
#6619=ORIENTED_EDGE('',*,*,#4559,.T.);
#6620=ORIENTED_EDGE('',*,*,#4556,.T.);
#6621=ORIENTED_EDGE('',*,*,#4553,.T.);
#6622=ORIENTED_EDGE('',*,*,#4550,.T.);
#6623=ORIENTED_EDGE('',*,*,#4547,.T.);
#6624=ORIENTED_EDGE('',*,*,#4544,.T.);
#6625=ORIENTED_EDGE('',*,*,#4541,.T.);
#6626=ORIENTED_EDGE('',*,*,#4538,.T.);
#6627=ORIENTED_EDGE('',*,*,#4535,.T.);
#6628=ORIENTED_EDGE('',*,*,#4532,.T.);
#6629=ORIENTED_EDGE('',*,*,#4529,.T.);
#6630=ORIENTED_EDGE('',*,*,#4526,.T.);
#6631=ORIENTED_EDGE('',*,*,#4523,.T.);
#6632=ORIENTED_EDGE('',*,*,#4520,.T.);
#6633=ORIENTED_EDGE('',*,*,#4517,.T.);
#6634=ORIENTED_EDGE('',*,*,#4514,.T.);
#6635=ORIENTED_EDGE('',*,*,#4511,.T.);
#6636=ORIENTED_EDGE('',*,*,#4508,.T.);
#6637=ORIENTED_EDGE('',*,*,#4505,.T.);
#6638=ORIENTED_EDGE('',*,*,#4602,.T.);
#6639=ORIENTED_EDGE('',*,*,#4603,.T.);
#6640=ORIENTED_EDGE('',*,*,#4604,.F.);
#6641=ORIENTED_EDGE('',*,*,#4605,.F.);
#6642=ORIENTED_EDGE('',*,*,#4606,.T.);
#6643=ORIENTED_EDGE('',*,*,#4605,.T.);
#6644=ORIENTED_EDGE('',*,*,#4607,.F.);
#6645=ORIENTED_EDGE('',*,*,#4608,.F.);
#6646=ORIENTED_EDGE('',*,*,#4609,.T.);
#6647=ORIENTED_EDGE('',*,*,#4608,.T.);
#6648=ORIENTED_EDGE('',*,*,#4610,.F.);
#6649=ORIENTED_EDGE('',*,*,#4611,.F.);
#6650=ORIENTED_EDGE('',*,*,#4612,.T.);
#6651=ORIENTED_EDGE('',*,*,#4611,.T.);
#6652=ORIENTED_EDGE('',*,*,#4613,.F.);
#6653=ORIENTED_EDGE('',*,*,#4614,.F.);
#6654=ORIENTED_EDGE('',*,*,#4615,.T.);
#6655=ORIENTED_EDGE('',*,*,#4614,.T.);
#6656=ORIENTED_EDGE('',*,*,#4616,.F.);
#6657=ORIENTED_EDGE('',*,*,#4617,.F.);
#6658=ORIENTED_EDGE('',*,*,#4618,.T.);
#6659=ORIENTED_EDGE('',*,*,#4617,.T.);
#6660=ORIENTED_EDGE('',*,*,#4619,.F.);
#6661=ORIENTED_EDGE('',*,*,#4603,.F.);
#6662=ORIENTED_EDGE('',*,*,#4618,.F.);
#6663=ORIENTED_EDGE('',*,*,#4602,.F.);
#6664=ORIENTED_EDGE('',*,*,#4606,.F.);
#6665=ORIENTED_EDGE('',*,*,#4609,.F.);
#6666=ORIENTED_EDGE('',*,*,#4612,.F.);
#6667=ORIENTED_EDGE('',*,*,#4615,.F.);
#6668=ORIENTED_EDGE('',*,*,#4619,.T.);
#6669=ORIENTED_EDGE('',*,*,#4616,.T.);
#6670=ORIENTED_EDGE('',*,*,#4613,.T.);
#6671=ORIENTED_EDGE('',*,*,#4610,.T.);
#6672=ORIENTED_EDGE('',*,*,#4607,.T.);
#6673=ORIENTED_EDGE('',*,*,#4604,.T.);
#6674=ORIENTED_EDGE('',*,*,#4620,.T.);
#6675=ORIENTED_EDGE('',*,*,#4621,.T.);
#6676=ORIENTED_EDGE('',*,*,#4622,.F.);
#6677=ORIENTED_EDGE('',*,*,#4623,.F.);
#6678=ORIENTED_EDGE('',*,*,#4624,.T.);
#6679=ORIENTED_EDGE('',*,*,#4623,.T.);
#6680=ORIENTED_EDGE('',*,*,#4625,.F.);
#6681=ORIENTED_EDGE('',*,*,#4626,.F.);
#6682=ORIENTED_EDGE('',*,*,#4627,.T.);
#6683=ORIENTED_EDGE('',*,*,#4626,.T.);
#6684=ORIENTED_EDGE('',*,*,#4628,.F.);
#6685=ORIENTED_EDGE('',*,*,#4629,.F.);
#6686=ORIENTED_EDGE('',*,*,#4630,.T.);
#6687=ORIENTED_EDGE('',*,*,#4629,.T.);
#6688=ORIENTED_EDGE('',*,*,#4631,.F.);
#6689=ORIENTED_EDGE('',*,*,#4632,.F.);
#6690=ORIENTED_EDGE('',*,*,#4633,.T.);
#6691=ORIENTED_EDGE('',*,*,#4632,.T.);
#6692=ORIENTED_EDGE('',*,*,#4634,.F.);
#6693=ORIENTED_EDGE('',*,*,#4635,.F.);
#6694=ORIENTED_EDGE('',*,*,#4636,.T.);
#6695=ORIENTED_EDGE('',*,*,#4635,.T.);
#6696=ORIENTED_EDGE('',*,*,#4637,.F.);
#6697=ORIENTED_EDGE('',*,*,#4638,.F.);
#6698=ORIENTED_EDGE('',*,*,#4639,.T.);
#6699=ORIENTED_EDGE('',*,*,#4638,.T.);
#6700=ORIENTED_EDGE('',*,*,#4640,.F.);
#6701=ORIENTED_EDGE('',*,*,#4641,.F.);
#6702=ORIENTED_EDGE('',*,*,#4642,.T.);
#6703=ORIENTED_EDGE('',*,*,#4641,.T.);
#6704=ORIENTED_EDGE('',*,*,#4643,.F.);
#6705=ORIENTED_EDGE('',*,*,#4621,.F.);
#6706=ORIENTED_EDGE('',*,*,#4642,.F.);
#6707=ORIENTED_EDGE('',*,*,#4620,.F.);
#6708=ORIENTED_EDGE('',*,*,#4624,.F.);
#6709=ORIENTED_EDGE('',*,*,#4627,.F.);
#6710=ORIENTED_EDGE('',*,*,#4630,.F.);
#6711=ORIENTED_EDGE('',*,*,#4633,.F.);
#6712=ORIENTED_EDGE('',*,*,#4636,.F.);
#6713=ORIENTED_EDGE('',*,*,#4639,.F.);
#6714=ORIENTED_EDGE('',*,*,#4643,.T.);
#6715=ORIENTED_EDGE('',*,*,#4640,.T.);
#6716=ORIENTED_EDGE('',*,*,#4637,.T.);
#6717=ORIENTED_EDGE('',*,*,#4634,.T.);
#6718=ORIENTED_EDGE('',*,*,#4631,.T.);
#6719=ORIENTED_EDGE('',*,*,#4628,.T.);
#6720=ORIENTED_EDGE('',*,*,#4625,.T.);
#6721=ORIENTED_EDGE('',*,*,#4622,.T.);
#6722=ORIENTED_EDGE('',*,*,#4644,.T.);
#6723=ORIENTED_EDGE('',*,*,#4645,.T.);
#6724=ORIENTED_EDGE('',*,*,#4646,.F.);
#6725=ORIENTED_EDGE('',*,*,#4647,.F.);
#6726=ORIENTED_EDGE('',*,*,#4648,.T.);
#6727=ORIENTED_EDGE('',*,*,#4647,.T.);
#6728=ORIENTED_EDGE('',*,*,#4649,.F.);
#6729=ORIENTED_EDGE('',*,*,#4650,.F.);
#6730=ORIENTED_EDGE('',*,*,#4651,.T.);
#6731=ORIENTED_EDGE('',*,*,#4650,.T.);
#6732=ORIENTED_EDGE('',*,*,#4652,.F.);
#6733=ORIENTED_EDGE('',*,*,#4653,.F.);
#6734=ORIENTED_EDGE('',*,*,#4654,.T.);
#6735=ORIENTED_EDGE('',*,*,#4653,.T.);
#6736=ORIENTED_EDGE('',*,*,#4655,.F.);
#6737=ORIENTED_EDGE('',*,*,#4656,.F.);
#6738=ORIENTED_EDGE('',*,*,#4657,.T.);
#6739=ORIENTED_EDGE('',*,*,#4656,.T.);
#6740=ORIENTED_EDGE('',*,*,#4658,.F.);
#6741=ORIENTED_EDGE('',*,*,#4659,.F.);
#6742=ORIENTED_EDGE('',*,*,#4660,.T.);
#6743=ORIENTED_EDGE('',*,*,#4659,.T.);
#6744=ORIENTED_EDGE('',*,*,#4661,.F.);
#6745=ORIENTED_EDGE('',*,*,#4662,.F.);
#6746=ORIENTED_EDGE('',*,*,#4663,.T.);
#6747=ORIENTED_EDGE('',*,*,#4662,.T.);
#6748=ORIENTED_EDGE('',*,*,#4664,.F.);
#6749=ORIENTED_EDGE('',*,*,#4665,.F.);
#6750=ORIENTED_EDGE('',*,*,#4666,.T.);
#6751=ORIENTED_EDGE('',*,*,#4665,.T.);
#6752=ORIENTED_EDGE('',*,*,#4667,.F.);
#6753=ORIENTED_EDGE('',*,*,#4668,.F.);
#6754=ORIENTED_EDGE('',*,*,#4669,.T.);
#6755=ORIENTED_EDGE('',*,*,#4668,.T.);
#6756=ORIENTED_EDGE('',*,*,#4670,.F.);
#6757=ORIENTED_EDGE('',*,*,#4671,.F.);
#6758=ORIENTED_EDGE('',*,*,#4672,.T.);
#6759=ORIENTED_EDGE('',*,*,#4671,.T.);
#6760=ORIENTED_EDGE('',*,*,#4673,.F.);
#6761=ORIENTED_EDGE('',*,*,#4674,.F.);
#6762=ORIENTED_EDGE('',*,*,#4675,.T.);
#6763=ORIENTED_EDGE('',*,*,#4674,.T.);
#6764=ORIENTED_EDGE('',*,*,#4676,.F.);
#6765=ORIENTED_EDGE('',*,*,#4677,.F.);
#6766=ORIENTED_EDGE('',*,*,#4678,.T.);
#6767=ORIENTED_EDGE('',*,*,#4677,.T.);
#6768=ORIENTED_EDGE('',*,*,#4679,.F.);
#6769=ORIENTED_EDGE('',*,*,#4645,.F.);
#6770=ORIENTED_EDGE('',*,*,#4678,.F.);
#6771=ORIENTED_EDGE('',*,*,#4644,.F.);
#6772=ORIENTED_EDGE('',*,*,#4648,.F.);
#6773=ORIENTED_EDGE('',*,*,#4651,.F.);
#6774=ORIENTED_EDGE('',*,*,#4654,.F.);
#6775=ORIENTED_EDGE('',*,*,#4657,.F.);
#6776=ORIENTED_EDGE('',*,*,#4660,.F.);
#6777=ORIENTED_EDGE('',*,*,#4663,.F.);
#6778=ORIENTED_EDGE('',*,*,#4666,.F.);
#6779=ORIENTED_EDGE('',*,*,#4669,.F.);
#6780=ORIENTED_EDGE('',*,*,#4672,.F.);
#6781=ORIENTED_EDGE('',*,*,#4675,.F.);
#6782=ORIENTED_EDGE('',*,*,#4679,.T.);
#6783=ORIENTED_EDGE('',*,*,#4676,.T.);
#6784=ORIENTED_EDGE('',*,*,#4673,.T.);
#6785=ORIENTED_EDGE('',*,*,#4670,.T.);
#6786=ORIENTED_EDGE('',*,*,#4667,.T.);
#6787=ORIENTED_EDGE('',*,*,#4664,.T.);
#6788=ORIENTED_EDGE('',*,*,#4661,.T.);
#6789=ORIENTED_EDGE('',*,*,#4658,.T.);
#6790=ORIENTED_EDGE('',*,*,#4655,.T.);
#6791=ORIENTED_EDGE('',*,*,#4652,.T.);
#6792=ORIENTED_EDGE('',*,*,#4649,.T.);
#6793=ORIENTED_EDGE('',*,*,#4646,.T.);
#6794=ORIENTED_EDGE('',*,*,#4680,.T.);
#6795=ORIENTED_EDGE('',*,*,#4681,.T.);
#6796=ORIENTED_EDGE('',*,*,#4682,.F.);
#6797=ORIENTED_EDGE('',*,*,#4683,.F.);
#6798=ORIENTED_EDGE('',*,*,#4684,.T.);
#6799=ORIENTED_EDGE('',*,*,#4683,.T.);
#6800=ORIENTED_EDGE('',*,*,#4685,.F.);
#6801=ORIENTED_EDGE('',*,*,#4686,.F.);
#6802=ORIENTED_EDGE('',*,*,#4687,.T.);
#6803=ORIENTED_EDGE('',*,*,#4686,.T.);
#6804=ORIENTED_EDGE('',*,*,#4688,.F.);
#6805=ORIENTED_EDGE('',*,*,#4689,.F.);
#6806=ORIENTED_EDGE('',*,*,#4690,.T.);
#6807=ORIENTED_EDGE('',*,*,#4689,.T.);
#6808=ORIENTED_EDGE('',*,*,#4691,.F.);
#6809=ORIENTED_EDGE('',*,*,#4692,.F.);
#6810=ORIENTED_EDGE('',*,*,#4693,.T.);
#6811=ORIENTED_EDGE('',*,*,#4692,.T.);
#6812=ORIENTED_EDGE('',*,*,#4694,.F.);
#6813=ORIENTED_EDGE('',*,*,#4695,.F.);
#6814=ORIENTED_EDGE('',*,*,#4696,.T.);
#6815=ORIENTED_EDGE('',*,*,#4695,.T.);
#6816=ORIENTED_EDGE('',*,*,#4697,.F.);
#6817=ORIENTED_EDGE('',*,*,#4698,.F.);
#6818=ORIENTED_EDGE('',*,*,#4699,.T.);
#6819=ORIENTED_EDGE('',*,*,#4698,.T.);
#6820=ORIENTED_EDGE('',*,*,#4700,.F.);
#6821=ORIENTED_EDGE('',*,*,#4701,.F.);
#6822=ORIENTED_EDGE('',*,*,#4702,.T.);
#6823=ORIENTED_EDGE('',*,*,#4701,.T.);
#6824=ORIENTED_EDGE('',*,*,#4703,.F.);
#6825=ORIENTED_EDGE('',*,*,#4704,.F.);
#6826=ORIENTED_EDGE('',*,*,#4705,.T.);
#6827=ORIENTED_EDGE('',*,*,#4704,.T.);
#6828=ORIENTED_EDGE('',*,*,#4706,.F.);
#6829=ORIENTED_EDGE('',*,*,#4707,.F.);
#6830=ORIENTED_EDGE('',*,*,#4708,.T.);
#6831=ORIENTED_EDGE('',*,*,#4707,.T.);
#6832=ORIENTED_EDGE('',*,*,#4709,.F.);
#6833=ORIENTED_EDGE('',*,*,#4710,.F.);
#6834=ORIENTED_EDGE('',*,*,#4711,.T.);
#6835=ORIENTED_EDGE('',*,*,#4710,.T.);
#6836=ORIENTED_EDGE('',*,*,#4712,.F.);
#6837=ORIENTED_EDGE('',*,*,#4713,.F.);
#6838=ORIENTED_EDGE('',*,*,#4714,.T.);
#6839=ORIENTED_EDGE('',*,*,#4713,.T.);
#6840=ORIENTED_EDGE('',*,*,#4715,.F.);
#6841=ORIENTED_EDGE('',*,*,#4681,.F.);
#6842=ORIENTED_EDGE('',*,*,#4714,.F.);
#6843=ORIENTED_EDGE('',*,*,#4680,.F.);
#6844=ORIENTED_EDGE('',*,*,#4684,.F.);
#6845=ORIENTED_EDGE('',*,*,#4687,.F.);
#6846=ORIENTED_EDGE('',*,*,#4690,.F.);
#6847=ORIENTED_EDGE('',*,*,#4693,.F.);
#6848=ORIENTED_EDGE('',*,*,#4696,.F.);
#6849=ORIENTED_EDGE('',*,*,#4699,.F.);
#6850=ORIENTED_EDGE('',*,*,#4702,.F.);
#6851=ORIENTED_EDGE('',*,*,#4705,.F.);
#6852=ORIENTED_EDGE('',*,*,#4708,.F.);
#6853=ORIENTED_EDGE('',*,*,#4711,.F.);
#6854=ORIENTED_EDGE('',*,*,#4715,.T.);
#6855=ORIENTED_EDGE('',*,*,#4712,.T.);
#6856=ORIENTED_EDGE('',*,*,#4709,.T.);
#6857=ORIENTED_EDGE('',*,*,#4706,.T.);
#6858=ORIENTED_EDGE('',*,*,#4703,.T.);
#6859=ORIENTED_EDGE('',*,*,#4700,.T.);
#6860=ORIENTED_EDGE('',*,*,#4697,.T.);
#6861=ORIENTED_EDGE('',*,*,#4694,.T.);
#6862=ORIENTED_EDGE('',*,*,#4691,.T.);
#6863=ORIENTED_EDGE('',*,*,#4688,.T.);
#6864=ORIENTED_EDGE('',*,*,#4685,.T.);
#6865=ORIENTED_EDGE('',*,*,#4682,.T.);
#6866=ORIENTED_EDGE('',*,*,#4716,.T.);
#6867=ORIENTED_EDGE('',*,*,#4717,.T.);
#6868=ORIENTED_EDGE('',*,*,#4718,.F.);
#6869=ORIENTED_EDGE('',*,*,#4719,.F.);
#6870=ORIENTED_EDGE('',*,*,#4720,.T.);
#6871=ORIENTED_EDGE('',*,*,#4719,.T.);
#6872=ORIENTED_EDGE('',*,*,#4721,.F.);
#6873=ORIENTED_EDGE('',*,*,#4722,.F.);
#6874=ORIENTED_EDGE('',*,*,#4723,.T.);
#6875=ORIENTED_EDGE('',*,*,#4722,.T.);
#6876=ORIENTED_EDGE('',*,*,#4724,.F.);
#6877=ORIENTED_EDGE('',*,*,#4725,.F.);
#6878=ORIENTED_EDGE('',*,*,#4726,.T.);
#6879=ORIENTED_EDGE('',*,*,#4725,.T.);
#6880=ORIENTED_EDGE('',*,*,#4727,.F.);
#6881=ORIENTED_EDGE('',*,*,#4728,.F.);
#6882=ORIENTED_EDGE('',*,*,#4729,.T.);
#6883=ORIENTED_EDGE('',*,*,#4728,.T.);
#6884=ORIENTED_EDGE('',*,*,#4730,.F.);
#6885=ORIENTED_EDGE('',*,*,#4731,.F.);
#6886=ORIENTED_EDGE('',*,*,#4732,.T.);
#6887=ORIENTED_EDGE('',*,*,#4731,.T.);
#6888=ORIENTED_EDGE('',*,*,#4733,.F.);
#6889=ORIENTED_EDGE('',*,*,#4734,.F.);
#6890=ORIENTED_EDGE('',*,*,#4735,.T.);
#6891=ORIENTED_EDGE('',*,*,#4734,.T.);
#6892=ORIENTED_EDGE('',*,*,#4736,.F.);
#6893=ORIENTED_EDGE('',*,*,#4737,.F.);
#6894=ORIENTED_EDGE('',*,*,#4738,.T.);
#6895=ORIENTED_EDGE('',*,*,#4737,.T.);
#6896=ORIENTED_EDGE('',*,*,#4739,.F.);
#6897=ORIENTED_EDGE('',*,*,#4740,.F.);
#6898=ORIENTED_EDGE('',*,*,#4741,.T.);
#6899=ORIENTED_EDGE('',*,*,#4740,.T.);
#6900=ORIENTED_EDGE('',*,*,#4742,.F.);
#6901=ORIENTED_EDGE('',*,*,#4743,.F.);
#6902=ORIENTED_EDGE('',*,*,#4744,.T.);
#6903=ORIENTED_EDGE('',*,*,#4743,.T.);
#6904=ORIENTED_EDGE('',*,*,#4745,.F.);
#6905=ORIENTED_EDGE('',*,*,#4746,.F.);
#6906=ORIENTED_EDGE('',*,*,#4747,.T.);
#6907=ORIENTED_EDGE('',*,*,#4746,.T.);
#6908=ORIENTED_EDGE('',*,*,#4748,.F.);
#6909=ORIENTED_EDGE('',*,*,#4749,.F.);
#6910=ORIENTED_EDGE('',*,*,#4750,.T.);
#6911=ORIENTED_EDGE('',*,*,#4749,.T.);
#6912=ORIENTED_EDGE('',*,*,#4751,.F.);
#6913=ORIENTED_EDGE('',*,*,#4752,.F.);
#6914=ORIENTED_EDGE('',*,*,#4753,.T.);
#6915=ORIENTED_EDGE('',*,*,#4752,.T.);
#6916=ORIENTED_EDGE('',*,*,#4754,.F.);
#6917=ORIENTED_EDGE('',*,*,#4755,.F.);
#6918=ORIENTED_EDGE('',*,*,#4756,.T.);
#6919=ORIENTED_EDGE('',*,*,#4755,.T.);
#6920=ORIENTED_EDGE('',*,*,#4757,.F.);
#6921=ORIENTED_EDGE('',*,*,#4758,.F.);
#6922=ORIENTED_EDGE('',*,*,#4759,.T.);
#6923=ORIENTED_EDGE('',*,*,#4758,.T.);
#6924=ORIENTED_EDGE('',*,*,#4760,.F.);
#6925=ORIENTED_EDGE('',*,*,#4761,.F.);
#6926=ORIENTED_EDGE('',*,*,#4762,.T.);
#6927=ORIENTED_EDGE('',*,*,#4761,.T.);
#6928=ORIENTED_EDGE('',*,*,#4763,.F.);
#6929=ORIENTED_EDGE('',*,*,#4764,.F.);
#6930=ORIENTED_EDGE('',*,*,#4765,.T.);
#6931=ORIENTED_EDGE('',*,*,#4764,.T.);
#6932=ORIENTED_EDGE('',*,*,#4766,.F.);
#6933=ORIENTED_EDGE('',*,*,#4767,.F.);
#6934=ORIENTED_EDGE('',*,*,#4768,.T.);
#6935=ORIENTED_EDGE('',*,*,#4767,.T.);
#6936=ORIENTED_EDGE('',*,*,#4769,.F.);
#6937=ORIENTED_EDGE('',*,*,#4770,.F.);
#6938=ORIENTED_EDGE('',*,*,#4771,.T.);
#6939=ORIENTED_EDGE('',*,*,#4770,.T.);
#6940=ORIENTED_EDGE('',*,*,#4772,.F.);
#6941=ORIENTED_EDGE('',*,*,#4773,.F.);
#6942=ORIENTED_EDGE('',*,*,#4774,.T.);
#6943=ORIENTED_EDGE('',*,*,#4773,.T.);
#6944=ORIENTED_EDGE('',*,*,#4775,.F.);
#6945=ORIENTED_EDGE('',*,*,#4776,.F.);
#6946=ORIENTED_EDGE('',*,*,#4777,.T.);
#6947=ORIENTED_EDGE('',*,*,#4776,.T.);
#6948=ORIENTED_EDGE('',*,*,#4778,.F.);
#6949=ORIENTED_EDGE('',*,*,#4779,.F.);
#6950=ORIENTED_EDGE('',*,*,#4780,.T.);
#6951=ORIENTED_EDGE('',*,*,#4779,.T.);
#6952=ORIENTED_EDGE('',*,*,#4781,.F.);
#6953=ORIENTED_EDGE('',*,*,#4782,.F.);
#6954=ORIENTED_EDGE('',*,*,#4783,.T.);
#6955=ORIENTED_EDGE('',*,*,#4782,.T.);
#6956=ORIENTED_EDGE('',*,*,#4784,.F.);
#6957=ORIENTED_EDGE('',*,*,#4785,.F.);
#6958=ORIENTED_EDGE('',*,*,#4786,.T.);
#6959=ORIENTED_EDGE('',*,*,#4785,.T.);
#6960=ORIENTED_EDGE('',*,*,#4787,.F.);
#6961=ORIENTED_EDGE('',*,*,#4788,.F.);
#6962=ORIENTED_EDGE('',*,*,#4789,.T.);
#6963=ORIENTED_EDGE('',*,*,#4788,.T.);
#6964=ORIENTED_EDGE('',*,*,#4790,.F.);
#6965=ORIENTED_EDGE('',*,*,#4791,.F.);
#6966=ORIENTED_EDGE('',*,*,#4792,.T.);
#6967=ORIENTED_EDGE('',*,*,#4791,.T.);
#6968=ORIENTED_EDGE('',*,*,#4793,.F.);
#6969=ORIENTED_EDGE('',*,*,#4794,.F.);
#6970=ORIENTED_EDGE('',*,*,#4795,.T.);
#6971=ORIENTED_EDGE('',*,*,#4794,.T.);
#6972=ORIENTED_EDGE('',*,*,#4796,.F.);
#6973=ORIENTED_EDGE('',*,*,#4797,.F.);
#6974=ORIENTED_EDGE('',*,*,#4798,.T.);
#6975=ORIENTED_EDGE('',*,*,#4797,.T.);
#6976=ORIENTED_EDGE('',*,*,#4799,.F.);
#6977=ORIENTED_EDGE('',*,*,#4800,.F.);
#6978=ORIENTED_EDGE('',*,*,#4801,.T.);
#6979=ORIENTED_EDGE('',*,*,#4800,.T.);
#6980=ORIENTED_EDGE('',*,*,#4802,.F.);
#6981=ORIENTED_EDGE('',*,*,#4803,.F.);
#6982=ORIENTED_EDGE('',*,*,#4804,.T.);
#6983=ORIENTED_EDGE('',*,*,#4803,.T.);
#6984=ORIENTED_EDGE('',*,*,#4805,.F.);
#6985=ORIENTED_EDGE('',*,*,#4717,.F.);
#6986=ORIENTED_EDGE('',*,*,#4804,.F.);
#6987=ORIENTED_EDGE('',*,*,#4716,.F.);
#6988=ORIENTED_EDGE('',*,*,#4720,.F.);
#6989=ORIENTED_EDGE('',*,*,#4723,.F.);
#6990=ORIENTED_EDGE('',*,*,#4726,.F.);
#6991=ORIENTED_EDGE('',*,*,#4729,.F.);
#6992=ORIENTED_EDGE('',*,*,#4732,.F.);
#6993=ORIENTED_EDGE('',*,*,#4735,.F.);
#6994=ORIENTED_EDGE('',*,*,#4738,.F.);
#6995=ORIENTED_EDGE('',*,*,#4741,.F.);
#6996=ORIENTED_EDGE('',*,*,#4744,.F.);
#6997=ORIENTED_EDGE('',*,*,#4747,.F.);
#6998=ORIENTED_EDGE('',*,*,#4750,.F.);
#6999=ORIENTED_EDGE('',*,*,#4753,.F.);
#7000=ORIENTED_EDGE('',*,*,#4756,.F.);
#7001=ORIENTED_EDGE('',*,*,#4759,.F.);
#7002=ORIENTED_EDGE('',*,*,#4762,.F.);
#7003=ORIENTED_EDGE('',*,*,#4765,.F.);
#7004=ORIENTED_EDGE('',*,*,#4768,.F.);
#7005=ORIENTED_EDGE('',*,*,#4771,.F.);
#7006=ORIENTED_EDGE('',*,*,#4774,.F.);
#7007=ORIENTED_EDGE('',*,*,#4777,.F.);
#7008=ORIENTED_EDGE('',*,*,#4780,.F.);
#7009=ORIENTED_EDGE('',*,*,#4783,.F.);
#7010=ORIENTED_EDGE('',*,*,#4786,.F.);
#7011=ORIENTED_EDGE('',*,*,#4789,.F.);
#7012=ORIENTED_EDGE('',*,*,#4792,.F.);
#7013=ORIENTED_EDGE('',*,*,#4795,.F.);
#7014=ORIENTED_EDGE('',*,*,#4798,.F.);
#7015=ORIENTED_EDGE('',*,*,#4801,.F.);
#7016=ORIENTED_EDGE('',*,*,#4805,.T.);
#7017=ORIENTED_EDGE('',*,*,#4802,.T.);
#7018=ORIENTED_EDGE('',*,*,#4799,.T.);
#7019=ORIENTED_EDGE('',*,*,#4796,.T.);
#7020=ORIENTED_EDGE('',*,*,#4793,.T.);
#7021=ORIENTED_EDGE('',*,*,#4790,.T.);
#7022=ORIENTED_EDGE('',*,*,#4787,.T.);
#7023=ORIENTED_EDGE('',*,*,#4784,.T.);
#7024=ORIENTED_EDGE('',*,*,#4781,.T.);
#7025=ORIENTED_EDGE('',*,*,#4778,.T.);
#7026=ORIENTED_EDGE('',*,*,#4775,.T.);
#7027=ORIENTED_EDGE('',*,*,#4772,.T.);
#7028=ORIENTED_EDGE('',*,*,#4769,.T.);
#7029=ORIENTED_EDGE('',*,*,#4766,.T.);
#7030=ORIENTED_EDGE('',*,*,#4763,.T.);
#7031=ORIENTED_EDGE('',*,*,#4760,.T.);
#7032=ORIENTED_EDGE('',*,*,#4757,.T.);
#7033=ORIENTED_EDGE('',*,*,#4754,.T.);
#7034=ORIENTED_EDGE('',*,*,#4751,.T.);
#7035=ORIENTED_EDGE('',*,*,#4748,.T.);
#7036=ORIENTED_EDGE('',*,*,#4745,.T.);
#7037=ORIENTED_EDGE('',*,*,#4742,.T.);
#7038=ORIENTED_EDGE('',*,*,#4739,.T.);
#7039=ORIENTED_EDGE('',*,*,#4736,.T.);
#7040=ORIENTED_EDGE('',*,*,#4733,.T.);
#7041=ORIENTED_EDGE('',*,*,#4730,.T.);
#7042=ORIENTED_EDGE('',*,*,#4727,.T.);
#7043=ORIENTED_EDGE('',*,*,#4724,.T.);
#7044=ORIENTED_EDGE('',*,*,#4721,.T.);
#7045=ORIENTED_EDGE('',*,*,#4718,.T.);
#7046=PLANE('',#7698);
#7047=PLANE('',#7699);
#7048=PLANE('',#7700);
#7049=PLANE('',#7701);
#7050=PLANE('',#7702);
#7051=PLANE('',#7703);
#7052=PLANE('',#7704);
#7053=PLANE('',#7705);
#7054=PLANE('',#7706);
#7055=PLANE('',#7707);
#7056=PLANE('',#7708);
#7057=PLANE('',#7709);
#7058=PLANE('',#7710);
#7059=PLANE('',#7711);
#7060=PLANE('',#7712);
#7061=PLANE('',#7713);
#7062=PLANE('',#7714);
#7063=PLANE('',#7715);
#7064=PLANE('',#7716);
#7065=PLANE('',#7717);
#7066=PLANE('',#7722);
#7067=PLANE('',#7725);
#7068=PLANE('',#7728);
#7069=PLANE('',#7731);
#7070=PLANE('',#7734);
#7071=PLANE('',#7738);
#7072=PLANE('',#7739);
#7073=PLANE('',#7745);
#7074=PLANE('',#7748);
#7075=PLANE('',#7753);
#7076=PLANE('',#7754);
#7077=PLANE('',#7755);
#7078=PLANE('',#7756);
#7079=PLANE('',#7757);
#7080=PLANE('',#7758);
#7081=PLANE('',#7759);
#7082=PLANE('',#7760);
#7083=PLANE('',#7761);
#7084=PLANE('',#7762);
#7085=PLANE('',#7765);
#7086=PLANE('',#7766);
#7087=PLANE('',#7767);
#7088=PLANE('',#7772);
#7089=PLANE('',#7775);
#7090=PLANE('',#7776);
#7091=PLANE('',#7778);
#7092=PLANE('',#7780);
#7093=PLANE('',#7781);
#7094=PLANE('',#7782);
#7095=PLANE('',#7783);
#7096=PLANE('',#7784);
#7097=PLANE('',#7785);
#7098=PLANE('',#7786);
#7099=PLANE('',#7787);
#7100=PLANE('',#7788);
#7101=PLANE('',#7789);
#7102=PLANE('',#7790);
#7103=PLANE('',#7791);
#7104=PLANE('',#7792);
#7105=PLANE('',#7793);
#7106=PLANE('',#7794);
#7107=PLANE('',#7795);
#7108=PLANE('',#7796);
#7109=PLANE('',#7797);
#7110=PLANE('',#7798);
#7111=PLANE('',#7799);
#7112=PLANE('',#7800);
#7113=PLANE('',#7801);
#7114=PLANE('',#7802);
#7115=PLANE('',#7803);
#7116=PLANE('',#7804);
#7117=PLANE('',#7805);
#7118=PLANE('',#7806);
#7119=PLANE('',#7807);
#7120=PLANE('',#7808);
#7121=PLANE('',#7809);
#7122=PLANE('',#7810);
#7123=PLANE('',#7811);
#7124=PLANE('',#7812);
#7125=PLANE('',#7813);
#7126=PLANE('',#7814);
#7127=PLANE('',#7815);
#7128=PLANE('',#7816);
#7129=PLANE('',#7817);
#7130=PLANE('',#7818);
#7131=PLANE('',#7819);
#7132=PLANE('',#7820);
#7133=PLANE('',#7821);
#7134=PLANE('',#7822);
#7135=PLANE('',#7823);
#7136=PLANE('',#7824);
#7137=PLANE('',#7825);
#7138=PLANE('',#7826);
#7139=PLANE('',#7827);
#7140=PLANE('',#7828);
#7141=PLANE('',#7829);
#7142=PLANE('',#7830);
#7143=PLANE('',#7831);
#7144=PLANE('',#7832);
#7145=PLANE('',#7833);
#7146=PLANE('',#7834);
#7147=PLANE('',#7835);
#7148=PLANE('',#7836);
#7149=PLANE('',#7837);
#7150=PLANE('',#7838);
#7151=PLANE('',#7839);
#7152=PLANE('',#7840);
#7153=PLANE('',#7841);
#7154=PLANE('',#7842);
#7155=PLANE('',#7843);
#7156=PLANE('',#7844);
#7157=PLANE('',#7845);
#7158=PLANE('',#7846);
#7159=PLANE('',#7847);
#7160=PLANE('',#7848);
#7161=PLANE('',#7849);
#7162=PLANE('',#7850);
#7163=PLANE('',#7851);
#7164=PLANE('',#7852);
#7165=PLANE('',#7853);
#7166=PLANE('',#7860);
#7167=PLANE('',#7861);
#7168=PLANE('',#7867);
#7169=PLANE('',#7872);
#7170=PLANE('',#7873);
#7171=PLANE('',#7874);
#7172=PLANE('',#7875);
#7173=PLANE('',#7876);
#7174=PLANE('',#7877);
#7175=PLANE('',#7878);
#7176=PLANE('',#7879);
#7177=PLANE('',#7880);
#7178=PLANE('',#7881);
#7179=PLANE('',#7884);
#7180=PLANE('',#7885);
#7181=PLANE('',#7886);
#7182=PLANE('',#7889);
#7183=PLANE('',#7892);
#7184=PLANE('',#7893);
#7185=PLANE('',#7897);
#7186=PLANE('',#7898);
#7187=PLANE('',#7899);
#7188=PLANE('',#7902);
#7189=PLANE('',#7904);
#7190=PLANE('',#7905);
#7191=PLANE('',#7906);
#7192=PLANE('',#7907);
#7193=PLANE('',#7908);
#7194=PLANE('',#7909);
#7195=PLANE('',#7910);
#7196=PLANE('',#7911);
#7197=PLANE('',#7912);
#7198=PLANE('',#7913);
#7199=PLANE('',#7914);
#7200=PLANE('',#7915);
#7201=PLANE('',#7916);
#7202=PLANE('',#7917);
#7203=PLANE('',#7918);
#7204=PLANE('',#7919);
#7205=PLANE('',#7920);
#7206=PLANE('',#7921);
#7207=PLANE('',#7922);
#7208=PLANE('',#7923);
#7209=PLANE('',#7924);
#7210=PLANE('',#7925);
#7211=PLANE('',#7926);
#7212=PLANE('',#7927);
#7213=PLANE('',#7928);
#7214=PLANE('',#7929);
#7215=PLANE('',#7930);
#7216=PLANE('',#7931);
#7217=PLANE('',#7932);
#7218=PLANE('',#7933);
#7219=PLANE('',#7934);
#7220=PLANE('',#7935);
#7221=PLANE('',#7936);
#7222=PLANE('',#7937);
#7223=PLANE('',#7938);
#7224=PLANE('',#7939);
#7225=PLANE('',#7940);
#7226=PLANE('',#7941);
#7227=PLANE('',#7942);
#7228=PLANE('',#7943);
#7229=PLANE('',#7944);
#7230=PLANE('',#7945);
#7231=PLANE('',#7946);
#7232=PLANE('',#7947);
#7233=PLANE('',#7948);
#7234=PLANE('',#7949);
#7235=PLANE('',#7950);
#7236=PLANE('',#7951);
#7237=PLANE('',#7952);
#7238=PLANE('',#7953);
#7239=PLANE('',#7954);
#7240=PLANE('',#7955);
#7241=PLANE('',#7956);
#7242=PLANE('',#7957);
#7243=PLANE('',#7958);
#7244=PLANE('',#7959);
#7245=PLANE('',#7960);
#7246=PLANE('',#7961);
#7247=PLANE('',#7962);
#7248=PLANE('',#7963);
#7249=PLANE('',#7964);
#7250=PLANE('',#7965);
#7251=PLANE('',#7966);
#7252=PLANE('',#7967);
#7253=PLANE('',#7968);
#7254=PLANE('',#7969);
#7255=PLANE('',#7970);
#7256=PLANE('',#7971);
#7257=PLANE('',#7972);
#7258=PLANE('',#7973);
#7259=PLANE('',#7974);
#7260=PLANE('',#7975);
#7261=PLANE('',#7976);
#7262=PLANE('',#7977);
#7263=PLANE('',#7978);
#7264=PLANE('',#7979);
#7265=PLANE('',#7980);
#7266=PLANE('',#7981);
#7267=PLANE('',#7982);
#7268=PLANE('',#7983);
#7269=PLANE('',#7984);
#7270=ADVANCED_FACE('',(#595),#7046,.F.);
#7271=ADVANCED_FACE('',(#596),#7047,.T.);
#7272=ADVANCED_FACE('',(#597),#7048,.F.);
#7273=ADVANCED_FACE('',(#598),#7049,.F.);
#7274=ADVANCED_FACE('',(#599),#7050,.F.);
#7275=ADVANCED_FACE('',(#600),#7051,.F.);
#7276=ADVANCED_FACE('',(#601),#7052,.T.);
#7277=ADVANCED_FACE('',(#602),#7053,.T.);
#7278=ADVANCED_FACE('',(#603),#7054,.F.);
#7279=ADVANCED_FACE('',(#604),#7055,.F.);
#7280=ADVANCED_FACE('',(#605),#7056,.F.);
#7281=ADVANCED_FACE('',(#606),#7057,.F.);
#7282=ADVANCED_FACE('',(#607),#7058,.F.);
#7283=ADVANCED_FACE('',(#608),#7059,.F.);
#7284=ADVANCED_FACE('',(#609),#7060,.F.);
#7285=ADVANCED_FACE('',(#610),#7061,.T.);
#7286=ADVANCED_FACE('',(#611),#7062,.F.);
#7287=ADVANCED_FACE('',(#612),#7063,.T.);
#7288=ADVANCED_FACE('',(#613),#7064,.T.);
#7289=ADVANCED_FACE('',(#614,#534),#7065,.F.);
#7290=ADVANCED_FACE('',(#615),#7066,.F.);
#7291=ADVANCED_FACE('',(#616),#513,.F.);
#7292=ADVANCED_FACE('',(#617),#7067,.F.);
#7293=ADVANCED_FACE('',(#618),#514,.F.);
#7294=ADVANCED_FACE('',(#619),#7068,.F.);
#7295=ADVANCED_FACE('',(#620),#515,.F.);
#7296=ADVANCED_FACE('',(#621),#7069,.F.);
#7297=ADVANCED_FACE('',(#622),#516,.F.);
#7298=ADVANCED_FACE('',(#623,#535),#7070,.T.);
#7299=ADVANCED_FACE('',(#624),#517,.T.);
#7300=ADVANCED_FACE('',(#625),#7071,.T.);
#7301=ADVANCED_FACE('',(#626),#7072,.F.);
#7302=ADVANCED_FACE('',(#627),#518,.T.);
#7303=ADVANCED_FACE('',(#628,#536),#7073,.T.);
#7304=ADVANCED_FACE('',(#629),#519,.T.);
#7305=ADVANCED_FACE('',(#630),#7074,.T.);
#7306=ADVANCED_FACE('',(#631),#520,.T.);
#7307=ADVANCED_FACE('',(#632),#7075,.T.);
#7308=ADVANCED_FACE('',(#633),#7076,.T.);
#7309=ADVANCED_FACE('',(#634),#7077,.T.);
#7310=ADVANCED_FACE('',(#635),#7078,.T.);
#7311=ADVANCED_FACE('',(#636),#7079,.T.);
#7312=ADVANCED_FACE('',(#637),#7080,.T.);
#7313=ADVANCED_FACE('',(#638),#7081,.T.);
#7314=ADVANCED_FACE('',(#639),#7082,.T.);
#7315=ADVANCED_FACE('',(#640),#7083,.F.);
#7316=ADVANCED_FACE('',(#641),#7084,.F.);
#7317=ADVANCED_FACE('',(#642),#7085,.F.);
#7318=ADVANCED_FACE('',(#643),#7086,.F.);
#7319=ADVANCED_FACE('',(#644),#7087,.F.);
#7320=ADVANCED_FACE('',(#645),#521,.F.);
#7321=ADVANCED_FACE('',(#646),#7088,.F.);
#7322=ADVANCED_FACE('',(#647),#522,.F.);
#7323=ADVANCED_FACE('',(#648),#7089,.F.);
#7324=ADVANCED_FACE('',(#649),#7090,.F.);
#7325=ADVANCED_FACE('',(#650),#523,.F.);
#7326=ADVANCED_FACE('',(#651),#7091,.F.);
#7327=ADVANCED_FACE('',(#652),#524,.F.);
#7328=ADVANCED_FACE('',(#653),#7092,.F.);
#7329=ADVANCED_FACE('',(#654),#7093,.F.);
#7330=ADVANCED_FACE('',(#655),#7094,.F.);
#7331=ADVANCED_FACE('',(#656),#7095,.F.);
#7332=ADVANCED_FACE('',(#657),#7096,.F.);
#7333=ADVANCED_FACE('',(#658),#7097,.F.);
#7334=ADVANCED_FACE('',(#659),#7098,.F.);
#7335=ADVANCED_FACE('',(#660),#7099,.F.);
#7336=ADVANCED_FACE('',(#661),#7100,.F.);
#7337=ADVANCED_FACE('',(#662),#7101,.F.);
#7338=ADVANCED_FACE('',(#663),#7102,.F.);
#7339=ADVANCED_FACE('',(#664),#7103,.F.);
#7340=ADVANCED_FACE('',(#665),#7104,.F.);
#7341=ADVANCED_FACE('',(#666),#7105,.F.);
#7342=ADVANCED_FACE('',(#667),#7106,.F.);
#7343=ADVANCED_FACE('',(#668),#7107,.F.);
#7344=ADVANCED_FACE('',(#669),#7108,.F.);
#7345=ADVANCED_FACE('',(#670),#7109,.F.);
#7346=ADVANCED_FACE('',(#671),#7110,.F.);
#7347=ADVANCED_FACE('',(#672),#7111,.F.);
#7348=ADVANCED_FACE('',(#673),#7112,.F.);
#7349=ADVANCED_FACE('',(#674),#7113,.F.);
#7350=ADVANCED_FACE('',(#675),#7114,.F.);
#7351=ADVANCED_FACE('',(#676),#7115,.F.);
#7352=ADVANCED_FACE('',(#677),#7116,.F.);
#7353=ADVANCED_FACE('',(#678),#7117,.F.);
#7354=ADVANCED_FACE('',(#679),#7118,.F.);
#7355=ADVANCED_FACE('',(#680),#7119,.F.);
#7356=ADVANCED_FACE('',(#681),#7120,.F.);
#7357=ADVANCED_FACE('',(#682),#7121,.F.);
#7358=ADVANCED_FACE('',(#683),#7122,.F.);
#7359=ADVANCED_FACE('',(#684),#7123,.F.);
#7360=ADVANCED_FACE('',(#685),#333,.F.);
#7361=ADVANCED_FACE('',(#686),#334,.F.);
#7362=ADVANCED_FACE('',(#687),#335,.F.);
#7363=ADVANCED_FACE('',(#688),#336,.F.);
#7364=ADVANCED_FACE('',(#689),#337,.F.);
#7365=ADVANCED_FACE('',(#690),#338,.F.);
#7366=ADVANCED_FACE('',(#691),#7124,.F.);
#7367=ADVANCED_FACE('',(#692),#7125,.F.);
#7368=ADVANCED_FACE('',(#693),#7126,.F.);
#7369=ADVANCED_FACE('',(#694),#339,.F.);
#7370=ADVANCED_FACE('',(#695),#340,.F.);
#7371=ADVANCED_FACE('',(#696),#341,.F.);
#7372=ADVANCED_FACE('',(#697),#342,.F.);
#7373=ADVANCED_FACE('',(#698),#343,.F.);
#7374=ADVANCED_FACE('',(#699),#344,.F.);
#7375=ADVANCED_FACE('',(#700),#7127,.F.);
#7376=ADVANCED_FACE('',(#701),#7128,.F.);
#7377=ADVANCED_FACE('',(#702),#7129,.F.);
#7378=ADVANCED_FACE('',(#703),#7130,.F.);
#7379=ADVANCED_FACE('',(#704),#345,.F.);
#7380=ADVANCED_FACE('',(#705),#346,.F.);
#7381=ADVANCED_FACE('',(#706),#347,.F.);
#7382=ADVANCED_FACE('',(#707),#348,.F.);
#7383=ADVANCED_FACE('',(#708),#349,.F.);
#7384=ADVANCED_FACE('',(#709),#350,.F.);
#7385=ADVANCED_FACE('',(#710),#351,.F.);
#7386=ADVANCED_FACE('',(#711),#352,.F.);
#7387=ADVANCED_FACE('',(#712),#353,.F.);
#7388=ADVANCED_FACE('',(#713),#354,.F.);
#7389=ADVANCED_FACE('',(#714),#355,.F.);
#7390=ADVANCED_FACE('',(#715),#356,.F.);
#7391=ADVANCED_FACE('',(#716),#7131,.F.);
#7392=ADVANCED_FACE('',(#717),#7132,.F.);
#7393=ADVANCED_FACE('',(#718,#537,#538),#7133,.T.);
#7394=ADVANCED_FACE('',(#719),#7134,.T.);
#7395=ADVANCED_FACE('',(#720),#7135,.T.);
#7396=ADVANCED_FACE('',(#721),#357,.F.);
#7397=ADVANCED_FACE('',(#722),#358,.F.);
#7398=ADVANCED_FACE('',(#723),#359,.F.);
#7399=ADVANCED_FACE('',(#724),#360,.F.);
#7400=ADVANCED_FACE('',(#725),#361,.F.);
#7401=ADVANCED_FACE('',(#726),#362,.F.);
#7402=ADVANCED_FACE('',(#727),#363,.F.);
#7403=ADVANCED_FACE('',(#728),#364,.F.);
#7404=ADVANCED_FACE('',(#729),#365,.F.);
#7405=ADVANCED_FACE('',(#730),#366,.F.);
#7406=ADVANCED_FACE('',(#731),#367,.F.);
#7407=ADVANCED_FACE('',(#732),#368,.F.);
#7408=ADVANCED_FACE('',(#733),#369,.F.);
#7409=ADVANCED_FACE('',(#734),#7136,.F.);
#7410=ADVANCED_FACE('',(#735),#370,.F.);
#7411=ADVANCED_FACE('',(#736),#371,.F.);
#7412=ADVANCED_FACE('',(#737),#372,.F.);
#7413=ADVANCED_FACE('',(#738),#373,.F.);
#7414=ADVANCED_FACE('',(#739),#374,.F.);
#7415=ADVANCED_FACE('',(#740),#375,.F.);
#7416=ADVANCED_FACE('',(#741),#376,.F.);
#7417=ADVANCED_FACE('',(#742),#377,.F.);
#7418=ADVANCED_FACE('',(#743),#378,.F.);
#7419=ADVANCED_FACE('',(#744),#379,.F.);
#7420=ADVANCED_FACE('',(#745),#380,.F.);
#7421=ADVANCED_FACE('',(#746),#381,.F.);
#7422=ADVANCED_FACE('',(#747),#382,.F.);
#7423=ADVANCED_FACE('',(#748),#383,.F.);
#7424=ADVANCED_FACE('',(#749),#7137,.F.);
#7425=ADVANCED_FACE('',(#750),#384,.F.);
#7426=ADVANCED_FACE('',(#751),#7138,.T.);
#7427=ADVANCED_FACE('',(#752),#7139,.F.);
#7428=ADVANCED_FACE('',(#753),#7140,.F.);
#7429=ADVANCED_FACE('',(#754),#7141,.F.);
#7430=ADVANCED_FACE('',(#755),#7142,.F.);
#7431=ADVANCED_FACE('',(#756),#7143,.F.);
#7432=ADVANCED_FACE('',(#757),#7144,.F.);
#7433=ADVANCED_FACE('',(#758),#7145,.F.);
#7434=ADVANCED_FACE('',(#759),#7146,.F.);
#7435=ADVANCED_FACE('',(#760),#7147,.F.);
#7436=ADVANCED_FACE('',(#761),#7148,.F.);
#7437=ADVANCED_FACE('',(#762),#7149,.F.);
#7438=ADVANCED_FACE('',(#763),#7150,.F.);
#7439=ADVANCED_FACE('',(#764),#7151,.F.);
#7440=ADVANCED_FACE('',(#765),#7152,.F.);
#7441=ADVANCED_FACE('',(#766),#7153,.F.);
#7442=ADVANCED_FACE('',(#767),#7154,.F.);
#7443=ADVANCED_FACE('',(#768),#7155,.F.);
#7444=ADVANCED_FACE('',(#769),#7156,.F.);
#7445=ADVANCED_FACE('',(#770),#7157,.F.);
#7446=ADVANCED_FACE('',(#771),#7158,.F.);
#7447=ADVANCED_FACE('',(#772),#7159,.F.);
#7448=ADVANCED_FACE('',(#773),#7160,.F.);
#7449=ADVANCED_FACE('',(#774),#7161,.F.);
#7450=ADVANCED_FACE('',(#775),#7162,.F.);
#7451=ADVANCED_FACE('',(#776),#385,.F.);
#7452=ADVANCED_FACE('',(#777),#386,.F.);
#7453=ADVANCED_FACE('',(#778),#387,.F.);
#7454=ADVANCED_FACE('',(#779),#388,.F.);
#7455=ADVANCED_FACE('',(#780),#389,.F.);
#7456=ADVANCED_FACE('',(#781),#390,.F.);
#7457=ADVANCED_FACE('',(#782),#391,.F.);
#7458=ADVANCED_FACE('',(#783),#392,.F.);
#7459=ADVANCED_FACE('',(#784),#393,.F.);
#7460=ADVANCED_FACE('',(#785),#394,.F.);
#7461=ADVANCED_FACE('',(#786),#395,.F.);
#7462=ADVANCED_FACE('',(#787),#396,.F.);
#7463=ADVANCED_FACE('',(#788),#397,.F.);
#7464=ADVANCED_FACE('',(#789),#7163,.F.);
#7465=ADVANCED_FACE('',(#790),#398,.F.);
#7466=ADVANCED_FACE('',(#791),#399,.F.);
#7467=ADVANCED_FACE('',(#792),#400,.F.);
#7468=ADVANCED_FACE('',(#793),#401,.F.);
#7469=ADVANCED_FACE('',(#794),#402,.F.);
#7470=ADVANCED_FACE('',(#795),#403,.F.);
#7471=ADVANCED_FACE('',(#796),#404,.F.);
#7472=ADVANCED_FACE('',(#797),#405,.F.);
#7473=ADVANCED_FACE('',(#798),#406,.F.);
#7474=ADVANCED_FACE('',(#799),#407,.F.);
#7475=ADVANCED_FACE('',(#800),#408,.F.);
#7476=ADVANCED_FACE('',(#801),#409,.F.);
#7477=ADVANCED_FACE('',(#802),#410,.F.);
#7478=ADVANCED_FACE('',(#803),#411,.F.);
#7479=ADVANCED_FACE('',(#804),#7164,.F.);
#7480=ADVANCED_FACE('',(#805),#412,.F.);
#7481=ADVANCED_FACE('',(#806),#7165,.T.);
#7482=ADVANCED_FACE('',(#807),#525,.F.);
#7483=ADVANCED_FACE('',(#808),#526,.T.);
#7484=ADVANCED_FACE('',(#809),#7166,.T.);
#7485=ADVANCED_FACE('',(#810),#7167,.F.);
#7486=ADVANCED_FACE('',(#811),#527,.T.);
#7487=ADVANCED_FACE('',(#812),#7168,.T.);
#7488=ADVANCED_FACE('',(#813),#528,.T.);
#7489=ADVANCED_FACE('',(#814),#529,.T.);
#7490=ADVANCED_FACE('',(#815,#539,#540,#541,#542,#543,#544,#545,#546,#547),
#7169,.T.);
#7491=ADVANCED_FACE('',(#816),#7170,.F.);
#7492=ADVANCED_FACE('',(#817),#7171,.F.);
#7493=ADVANCED_FACE('',(#818),#7172,.F.);
#7494=ADVANCED_FACE('',(#819),#7173,.F.);
#7495=ADVANCED_FACE('',(#820),#7174,.F.);
#7496=ADVANCED_FACE('',(#821),#7175,.F.);
#7497=ADVANCED_FACE('',(#822),#7176,.F.);
#7498=ADVANCED_FACE('',(#823),#7177,.F.);
#7499=ADVANCED_FACE('',(#824),#7178,.F.);
#7500=ADVANCED_FACE('',(#825),#7179,.F.);
#7501=ADVANCED_FACE('',(#826),#7180,.F.);
#7502=ADVANCED_FACE('',(#827),#7181,.F.);
#7503=ADVANCED_FACE('',(#828),#7182,.F.);
#7504=ADVANCED_FACE('',(#829),#7183,.F.);
#7505=ADVANCED_FACE('',(#830),#7184,.F.);
#7506=ADVANCED_FACE('',(#831),#530,.F.);
#7507=ADVANCED_FACE('',(#832),#531,.F.);
#7508=ADVANCED_FACE('',(#833),#7185,.F.);
#7509=ADVANCED_FACE('',(#834),#7186,.F.);
#7510=ADVANCED_FACE('',(#835),#7187,.F.);
#7511=ADVANCED_FACE('',(#836),#532,.F.);
#7512=ADVANCED_FACE('',(#837,#548),#7188,.F.);
#7513=ADVANCED_FACE('',(#838),#533,.F.);
#7514=ADVANCED_FACE('',(#839),#7189,.F.);
#7515=ADVANCED_FACE('',(#840),#7190,.F.);
#7516=ADVANCED_FACE('',(#841),#7191,.T.);
#7517=ADVANCED_FACE('',(#842),#7192,.T.);
#7518=ADVANCED_FACE('',(#843),#7193,.T.);
#7519=ADVANCED_FACE('',(#844),#7194,.T.);
#7520=ADVANCED_FACE('',(#845),#7195,.T.);
#7521=ADVANCED_FACE('',(#846),#7196,.T.);
#7522=ADVANCED_FACE('',(#847),#7197,.T.);
#7523=ADVANCED_FACE('',(#848),#7198,.T.);
#7524=ADVANCED_FACE('',(#849),#7199,.T.);
#7525=ADVANCED_FACE('',(#850),#7200,.T.);
#7526=ADVANCED_FACE('',(#851),#7201,.T.);
#7527=ADVANCED_FACE('',(#852),#7202,.T.);
#7528=ADVANCED_FACE('',(#853),#7203,.T.);
#7529=ADVANCED_FACE('',(#854),#7204,.T.);
#7530=ADVANCED_FACE('',(#855),#413,.T.);
#7531=ADVANCED_FACE('',(#856),#414,.T.);
#7532=ADVANCED_FACE('',(#857),#415,.T.);
#7533=ADVANCED_FACE('',(#858),#416,.T.);
#7534=ADVANCED_FACE('',(#859),#417,.T.);
#7535=ADVANCED_FACE('',(#860),#418,.T.);
#7536=ADVANCED_FACE('',(#861),#419,.T.);
#7537=ADVANCED_FACE('',(#862),#420,.T.);
#7538=ADVANCED_FACE('',(#863),#421,.T.);
#7539=ADVANCED_FACE('',(#864),#422,.T.);
#7540=ADVANCED_FACE('',(#865),#423,.T.);
#7541=ADVANCED_FACE('',(#866),#424,.T.);
#7542=ADVANCED_FACE('',(#867),#425,.T.);
#7543=ADVANCED_FACE('',(#868),#7205,.T.);
#7544=ADVANCED_FACE('',(#869),#426,.T.);
#7545=ADVANCED_FACE('',(#870),#427,.T.);
#7546=ADVANCED_FACE('',(#871),#428,.T.);
#7547=ADVANCED_FACE('',(#872),#429,.T.);
#7548=ADVANCED_FACE('',(#873),#430,.T.);
#7549=ADVANCED_FACE('',(#874),#431,.T.);
#7550=ADVANCED_FACE('',(#875),#432,.T.);
#7551=ADVANCED_FACE('',(#876),#433,.T.);
#7552=ADVANCED_FACE('',(#877),#434,.T.);
#7553=ADVANCED_FACE('',(#878),#435,.T.);
#7554=ADVANCED_FACE('',(#879),#436,.T.);
#7555=ADVANCED_FACE('',(#880),#437,.T.);
#7556=ADVANCED_FACE('',(#881),#438,.T.);
#7557=ADVANCED_FACE('',(#882),#439,.T.);
#7558=ADVANCED_FACE('',(#883),#7206,.T.);
#7559=ADVANCED_FACE('',(#884),#440,.T.);
#7560=ADVANCED_FACE('',(#885),#7207,.T.);
#7561=ADVANCED_FACE('',(#886),#7208,.F.);
#7562=ADVANCED_FACE('',(#887),#441,.T.);
#7563=ADVANCED_FACE('',(#888),#442,.T.);
#7564=ADVANCED_FACE('',(#889),#443,.T.);
#7565=ADVANCED_FACE('',(#890),#444,.T.);
#7566=ADVANCED_FACE('',(#891),#445,.T.);
#7567=ADVANCED_FACE('',(#892),#446,.T.);
#7568=ADVANCED_FACE('',(#893),#7209,.T.);
#7569=ADVANCED_FACE('',(#894),#7210,.T.);
#7570=ADVANCED_FACE('',(#895),#7211,.T.);
#7571=ADVANCED_FACE('',(#896),#447,.T.);
#7572=ADVANCED_FACE('',(#897),#448,.T.);
#7573=ADVANCED_FACE('',(#898),#449,.T.);
#7574=ADVANCED_FACE('',(#899),#450,.T.);
#7575=ADVANCED_FACE('',(#900),#451,.T.);
#7576=ADVANCED_FACE('',(#901),#452,.T.);
#7577=ADVANCED_FACE('',(#902),#7212,.T.);
#7578=ADVANCED_FACE('',(#903),#7213,.T.);
#7579=ADVANCED_FACE('',(#904),#7214,.T.);
#7580=ADVANCED_FACE('',(#905),#7215,.T.);
#7581=ADVANCED_FACE('',(#906),#453,.T.);
#7582=ADVANCED_FACE('',(#907),#454,.T.);
#7583=ADVANCED_FACE('',(#908),#455,.T.);
#7584=ADVANCED_FACE('',(#909),#456,.T.);
#7585=ADVANCED_FACE('',(#910),#457,.T.);
#7586=ADVANCED_FACE('',(#911),#458,.T.);
#7587=ADVANCED_FACE('',(#912),#459,.T.);
#7588=ADVANCED_FACE('',(#913),#460,.T.);
#7589=ADVANCED_FACE('',(#914),#461,.T.);
#7590=ADVANCED_FACE('',(#915),#462,.T.);
#7591=ADVANCED_FACE('',(#916),#463,.T.);
#7592=ADVANCED_FACE('',(#917),#464,.T.);
#7593=ADVANCED_FACE('',(#918),#7216,.T.);
#7594=ADVANCED_FACE('',(#919),#7217,.T.);
#7595=ADVANCED_FACE('',(#920,#549,#550),#7218,.T.);
#7596=ADVANCED_FACE('',(#921,#551,#552),#7219,.F.);
#7597=ADVANCED_FACE('',(#922),#7220,.T.);
#7598=ADVANCED_FACE('',(#923),#7221,.T.);
#7599=ADVANCED_FACE('',(#924),#7222,.T.);
#7600=ADVANCED_FACE('',(#925),#7223,.T.);
#7601=ADVANCED_FACE('',(#926),#7224,.T.);
#7602=ADVANCED_FACE('',(#927),#7225,.T.);
#7603=ADVANCED_FACE('',(#928),#7226,.T.);
#7604=ADVANCED_FACE('',(#929),#7227,.T.);
#7605=ADVANCED_FACE('',(#930),#7228,.T.);
#7606=ADVANCED_FACE('',(#931),#7229,.T.);
#7607=ADVANCED_FACE('',(#932),#7230,.T.);
#7608=ADVANCED_FACE('',(#933),#7231,.T.);
#7609=ADVANCED_FACE('',(#934),#7232,.T.);
#7610=ADVANCED_FACE('',(#935),#7233,.T.);
#7611=ADVANCED_FACE('',(#936),#7234,.T.);
#7612=ADVANCED_FACE('',(#937),#7235,.T.);
#7613=ADVANCED_FACE('',(#938),#7236,.T.);
#7614=ADVANCED_FACE('',(#939),#7237,.T.);
#7615=ADVANCED_FACE('',(#940),#7238,.T.);
#7616=ADVANCED_FACE('',(#941),#7239,.T.);
#7617=ADVANCED_FACE('',(#942),#7240,.T.);
#7618=ADVANCED_FACE('',(#943),#7241,.T.);
#7619=ADVANCED_FACE('',(#944),#7242,.T.);
#7620=ADVANCED_FACE('',(#945),#7243,.T.);
#7621=ADVANCED_FACE('',(#946),#7244,.T.);
#7622=ADVANCED_FACE('',(#947),#7245,.T.);
#7623=ADVANCED_FACE('',(#948),#7246,.T.);
#7624=ADVANCED_FACE('',(#949),#7247,.T.);
#7625=ADVANCED_FACE('',(#950),#7248,.T.);
#7626=ADVANCED_FACE('',(#951),#7249,.T.);
#7627=ADVANCED_FACE('',(#952),#7250,.T.);
#7628=ADVANCED_FACE('',(#953),#7251,.T.);
#7629=ADVANCED_FACE('',(#954),#7252,.T.);
#7630=ADVANCED_FACE('',(#955),#7253,.T.);
#7631=ADVANCED_FACE('',(#956),#7254,.T.);
#7632=ADVANCED_FACE('',(#957),#7255,.T.);
#7633=ADVANCED_FACE('',(#958),#7256,.T.);
#7634=ADVANCED_FACE('',(#959),#7257,.T.);
#7635=ADVANCED_FACE('',(#960),#7258,.T.);
#7636=ADVANCED_FACE('',(#961),#7259,.T.);
#7637=ADVANCED_FACE('',(#962),#7260,.T.);
#7638=ADVANCED_FACE('',(#963),#7261,.T.);
#7639=ADVANCED_FACE('',(#964),#7262,.T.);
#7640=ADVANCED_FACE('',(#965),#7263,.T.);
#7641=ADVANCED_FACE('',(#966),#7264,.T.);
#7642=ADVANCED_FACE('',(#967),#7265,.T.);
#7643=ADVANCED_FACE('',(#968),#465,.T.);
#7644=ADVANCED_FACE('',(#969),#466,.T.);
#7645=ADVANCED_FACE('',(#970),#467,.T.);
#7646=ADVANCED_FACE('',(#971),#468,.T.);
#7647=ADVANCED_FACE('',(#972),#469,.T.);
#7648=ADVANCED_FACE('',(#973),#470,.T.);
#7649=ADVANCED_FACE('',(#974),#471,.T.);
#7650=ADVANCED_FACE('',(#975),#472,.T.);
#7651=ADVANCED_FACE('',(#976),#473,.T.);
#7652=ADVANCED_FACE('',(#977),#474,.T.);
#7653=ADVANCED_FACE('',(#978),#475,.T.);
#7654=ADVANCED_FACE('',(#979),#476,.T.);
#7655=ADVANCED_FACE('',(#980),#477,.T.);
#7656=ADVANCED_FACE('',(#981),#7266,.T.);
#7657=ADVANCED_FACE('',(#982),#478,.T.);
#7658=ADVANCED_FACE('',(#983),#479,.T.);
#7659=ADVANCED_FACE('',(#984),#480,.T.);
#7660=ADVANCED_FACE('',(#985),#481,.T.);
#7661=ADVANCED_FACE('',(#986),#482,.T.);
#7662=ADVANCED_FACE('',(#987),#483,.T.);
#7663=ADVANCED_FACE('',(#988),#484,.T.);
#7664=ADVANCED_FACE('',(#989),#485,.T.);
#7665=ADVANCED_FACE('',(#990),#486,.T.);
#7666=ADVANCED_FACE('',(#991),#487,.T.);
#7667=ADVANCED_FACE('',(#992),#488,.T.);
#7668=ADVANCED_FACE('',(#993),#489,.T.);
#7669=ADVANCED_FACE('',(#994),#490,.T.);
#7670=ADVANCED_FACE('',(#995),#491,.T.);
#7671=ADVANCED_FACE('',(#996),#7267,.T.);
#7672=ADVANCED_FACE('',(#997),#492,.T.);
#7673=ADVANCED_FACE('',(#998),#7268,.T.);
#7674=ADVANCED_FACE('',(#999),#7269,.F.);
#7675=CLOSED_SHELL('',(#7270,#7271,#7272,#7273,#7274,#7275,#7276,#7277,
#7278,#7279,#7280,#7281,#7282,#7283,#7284,#7285,#7286,#7287,#7288,#7289,
#7290,#7291,#7292,#7293,#7294,#7295,#7296,#7297,#7298,#7299,#7300,#7301,
#7302,#7303,#7304,#7305,#7306,#7307,#7308,#7309,#7310,#7311,#7312,#7313,
#7314,#7315,#7316,#7317,#7318,#7319,#7320,#7321,#7322,#7323,#7324,#7325,
#7326,#7327,#7328,#7329,#7330));
#7676=CLOSED_SHELL('',(#7331,#7332,#7333,#7334,#7335,#7336,#7337,#7338,
#7339,#7340,#7341,#7342,#7343,#7344,#7345,#7346,#7347,#7348,#7349,#7350,
#7351,#7352,#7353,#7354,#7355,#7356,#7357,#7358,#7359,#7360,#7361,#7362,
#7363,#7364,#7365,#7366,#7367,#7368,#7369,#7370,#7371,#7372,#7373,#7374,
#7375,#7376,#7377,#7378,#7379,#7380,#7381,#7382,#7383,#7384,#7385,#7386,
#7387,#7388,#7389,#7390,#7391,#7392,#7393,#7394,#7395,#7396,#7397,#7398,
#7399,#7400,#7401,#7402,#7403,#7404,#7405,#7406,#7407,#7408,#7409,#7410,
#7411,#7412,#7413,#7414,#7415,#7416,#7417,#7418,#7419,#7420,#7421,#7422,
#7423,#7424,#7425,#7426,#7427,#7428,#7429,#7430,#7431,#7432,#7433,#7434,
#7435,#7436,#7437,#7438,#7439,#7440,#7441,#7442,#7443,#7444,#7445,#7446,
#7447,#7448,#7449,#7450,#7451,#7452,#7453,#7454,#7455,#7456,#7457,#7458,
#7459,#7460,#7461,#7462,#7463,#7464,#7465,#7466,#7467,#7468,#7469,#7470,
#7471,#7472,#7473,#7474,#7475,#7476,#7477,#7478,#7479,#7480,#7481,#7482,
#7483,#7484,#7485,#7486,#7487,#7488,#7489,#7490,#7491,#7492,#7493,#7494,
#7495,#7496,#7497,#7498,#7499,#7500,#7501,#7502,#7503,#7504,#7505,#7506,
#7507,#7508,#7509,#7510,#7511,#7512,#7513,#7514,#7515,#7516,#7517));
#7677=CLOSED_SHELL('',(#7518,#7519,#7520,#7521,#7522,#7523,#7524,#7525,
#7526,#7527,#7528,#7529));
#7678=CLOSED_SHELL('',(#7530,#7531,#7532,#7533,#7534,#7535,#7536,#7537,
#7538,#7539,#7540,#7541,#7542,#7543,#7544,#7545,#7546,#7547,#7548,#7549,
#7550,#7551,#7552,#7553,#7554,#7555,#7556,#7557,#7558,#7559,#7560,#7561));
#7679=CLOSED_SHELL('',(#7562,#7563,#7564,#7565,#7566,#7567,#7568,#7569,
#7570,#7571,#7572,#7573,#7574,#7575,#7576,#7577,#7578,#7579,#7580,#7581,
#7582,#7583,#7584,#7585,#7586,#7587,#7588,#7589,#7590,#7591,#7592,#7593,
#7594,#7595,#7596));
#7680=CLOSED_SHELL('',(#7597,#7598,#7599,#7600,#7601,#7602,#7603,#7604));
#7681=CLOSED_SHELL('',(#7605,#7606,#7607,#7608,#7609,#7610,#7611,#7612,
#7613,#7614));
#7682=CLOSED_SHELL('',(#7615,#7616,#7617,#7618,#7619,#7620,#7621,#7622,
#7623,#7624,#7625,#7626,#7627,#7628));
#7683=CLOSED_SHELL('',(#7629,#7630,#7631,#7632,#7633,#7634,#7635,#7636,
#7637,#7638,#7639,#7640,#7641,#7642));
#7684=CLOSED_SHELL('',(#7643,#7644,#7645,#7646,#7647,#7648,#7649,#7650,
#7651,#7652,#7653,#7654,#7655,#7656,#7657,#7658,#7659,#7660,#7661,#7662,
#7663,#7664,#7665,#7666,#7667,#7668,#7669,#7670,#7671,#7672,#7673,#7674));
#7685=DERIVED_UNIT_ELEMENT(#7687,1.);
#7686=DERIVED_UNIT_ELEMENT(#14316,-3.);
#7687=(
MASS_UNIT()
NAMED_UNIT(*)
SI_UNIT(.KILO.,.GRAM.)
);
#7688=DERIVED_UNIT((#7685,#7686));
#7689=MEASURE_REPRESENTATION_ITEM('density measure',
POSITIVE_RATIO_MEASURE(1060.),#7688);
#7690=PROPERTY_DEFINITION_REPRESENTATION(#7695,#7692);
#7691=PROPERTY_DEFINITION_REPRESENTATION(#7696,#7693);
#7692=REPRESENTATION('material name',(#7694),#14313);
#7693=REPRESENTATION('density',(#7689),#14313);
#7694=DESCRIPTIVE_REPRESENTATION_ITEM('ABS Plastic','ABS Plastic');
#7695=PROPERTY_DEFINITION('material property','material name',#14323);
#7696=PROPERTY_DEFINITION('material property','density of part',#14323);
#7697=AXIS2_PLACEMENT_3D('',#9319,#7985,#7986);
#7698=AXIS2_PLACEMENT_3D('',#9320,#7987,#7988);
#7699=AXIS2_PLACEMENT_3D('',#9329,#7993,#7994);
#7700=AXIS2_PLACEMENT_3D('',#9349,#8005,#8006);
#7701=AXIS2_PLACEMENT_3D('',#9364,#8014,#8015);
#7702=AXIS2_PLACEMENT_3D('',#9370,#8019,#8020);
#7703=AXIS2_PLACEMENT_3D('',#9375,#8024,#8025);
#7704=AXIS2_PLACEMENT_3D('',#9377,#8027,#8028);
#7705=AXIS2_PLACEMENT_3D('',#9379,#8030,#8031);
#7706=AXIS2_PLACEMENT_3D('',#9381,#8033,#8034);
#7707=AXIS2_PLACEMENT_3D('',#9385,#8037,#8038);
#7708=AXIS2_PLACEMENT_3D('',#9387,#8040,#8041);
#7709=AXIS2_PLACEMENT_3D('',#9396,#8046,#8047);
#7710=AXIS2_PLACEMENT_3D('',#9402,#8051,#8052);
#7711=AXIS2_PLACEMENT_3D('',#9408,#8056,#8057);
#7712=AXIS2_PLACEMENT_3D('',#9411,#8060,#8061);
#7713=AXIS2_PLACEMENT_3D('',#9412,#8062,#8063);
#7714=AXIS2_PLACEMENT_3D('',#9414,#8065,#8066);
#7715=AXIS2_PLACEMENT_3D('',#9428,#8074,#8075);
#7716=AXIS2_PLACEMENT_3D('',#9435,#8080,#8081);
#7717=AXIS2_PLACEMENT_3D('',#9437,#8083,#8084);
#7718=AXIS2_PLACEMENT_3D('',#9447,#8089,#8090);
#7719=AXIS2_PLACEMENT_3D('',#9451,#8092,#8093);
#7720=AXIS2_PLACEMENT_3D('',#9455,#8095,#8096);
#7721=AXIS2_PLACEMENT_3D('',#9458,#8098,#8099);
#7722=AXIS2_PLACEMENT_3D('',#9459,#8100,#8101);
#7723=AXIS2_PLACEMENT_3D('',#9465,#8105,#8106);
#7724=AXIS2_PLACEMENT_3D('',#9467,#8107,#8108);
#7725=AXIS2_PLACEMENT_3D('',#9469,#8110,#8111);
#7726=AXIS2_PLACEMENT_3D('',#9473,#8114,#8115);
#7727=AXIS2_PLACEMENT_3D('',#9475,#8116,#8117);
#7728=AXIS2_PLACEMENT_3D('',#9477,#8119,#8120);
#7729=AXIS2_PLACEMENT_3D('',#9481,#8123,#8124);
#7730=AXIS2_PLACEMENT_3D('',#9483,#8125,#8126);
#7731=AXIS2_PLACEMENT_3D('',#9485,#8128,#8129);
#7732=AXIS2_PLACEMENT_3D('',#9489,#8132,#8133);
#7733=AXIS2_PLACEMENT_3D('',#9490,#8134,#8135);
#7734=AXIS2_PLACEMENT_3D('',#9491,#8136,#8137);
#7735=AXIS2_PLACEMENT_3D('',#9492,#8138,#8139);
#7736=AXIS2_PLACEMENT_3D('',#9495,#8140,#8141);
#7737=AXIS2_PLACEMENT_3D('',#9499,#8143,#8144);
#7738=AXIS2_PLACEMENT_3D('',#9501,#8146,#8147);
#7739=AXIS2_PLACEMENT_3D('',#9507,#8151,#8152);
#7740=AXIS2_PLACEMENT_3D('',#9511,#8154,#8155);
#7741=AXIS2_PLACEMENT_3D('',#9547,#8173,#8174);
#7742=AXIS2_PLACEMENT_3D('',#9550,#8176,#8177);
#7743=AXIS2_PLACEMENT_3D('',#9551,#8178,#8179);
#7744=AXIS2_PLACEMENT_3D('',#9554,#8181,#8182);
#7745=AXIS2_PLACEMENT_3D('',#9555,#8183,#8184);
#7746=AXIS2_PLACEMENT_3D('',#9559,#8187,#8188);
#7747=AXIS2_PLACEMENT_3D('',#9562,#8190,#8191);
#7748=AXIS2_PLACEMENT_3D('',#9563,#8192,#8193);
#7749=AXIS2_PLACEMENT_3D('',#9567,#8195,#8196);
#7750=AXIS2_PLACEMENT_3D('',#9570,#8198,#8199);
#7751=AXIS2_PLACEMENT_3D('',#9574,#8202,#8203);
#7752=AXIS2_PLACEMENT_3D('',#9576,#8204,#8205);
#7753=AXIS2_PLACEMENT_3D('',#9578,#8207,#8208);
#7754=AXIS2_PLACEMENT_3D('',#9580,#8210,#8211);
#7755=AXIS2_PLACEMENT_3D('',#9586,#8215,#8216);
#7756=AXIS2_PLACEMENT_3D('',#9590,#8219,#8220);
#7757=AXIS2_PLACEMENT_3D('',#9594,#8223,#8224);
#7758=AXIS2_PLACEMENT_3D('',#9598,#8227,#8228);
#7759=AXIS2_PLACEMENT_3D('',#9602,#8231,#8232);
#7760=AXIS2_PLACEMENT_3D('',#9608,#8236,#8237);
#7761=AXIS2_PLACEMENT_3D('',#9614,#8242,#8243);
#7762=AXIS2_PLACEMENT_3D('',#9620,#8247,#8248);
#7763=AXIS2_PLACEMENT_3D('',#9627,#8252,#8253);
#7764=AXIS2_PLACEMENT_3D('',#9630,#8255,#8256);
#7765=AXIS2_PLACEMENT_3D('',#9631,#8257,#8258);
#7766=AXIS2_PLACEMENT_3D('',#9635,#8261,#8262);
#7767=AXIS2_PLACEMENT_3D('',#9637,#8264,#8265);
#7768=AXIS2_PLACEMENT_3D('',#9639,#8266,#8267);
#7769=AXIS2_PLACEMENT_3D('',#9643,#8269,#8270);
#7770=AXIS2_PLACEMENT_3D('',#9645,#8272,#8273);
#7771=AXIS2_PLACEMENT_3D('',#9648,#8275,#8276);
#7772=AXIS2_PLACEMENT_3D('',#9649,#8277,#8278);
#7773=AXIS2_PLACEMENT_3D('',#9653,#8281,#8282);
#7774=AXIS2_PLACEMENT_3D('',#9656,#8284,#8285);
#7775=AXIS2_PLACEMENT_3D('',#9657,#8286,#8287);
#7776=AXIS2_PLACEMENT_3D('',#9659,#8289,#8290);
#7777=AXIS2_PLACEMENT_3D('',#9661,#8292,#8293);
#7778=AXIS2_PLACEMENT_3D('',#9663,#8295,#8296);
#7779=AXIS2_PLACEMENT_3D('',#9665,#8298,#8299);
#7780=AXIS2_PLACEMENT_3D('',#9666,#8300,#8301);
#7781=AXIS2_PLACEMENT_3D('',#9667,#8302,#8303);
#7782=AXIS2_PLACEMENT_3D('',#9668,#8304,#8305);
#7783=AXIS2_PLACEMENT_3D('',#9669,#8306,#8307);
#7784=AXIS2_PLACEMENT_3D('',#9678,#8312,#8313);
#7785=AXIS2_PLACEMENT_3D('',#9684,#8317,#8318);
#7786=AXIS2_PLACEMENT_3D('',#9690,#8322,#8323);
#7787=AXIS2_PLACEMENT_3D('',#9696,#8327,#8328);
#7788=AXIS2_PLACEMENT_3D('',#9702,#8332,#8333);
#7789=AXIS2_PLACEMENT_3D('',#9708,#8337,#8338);
#7790=AXIS2_PLACEMENT_3D('',#9714,#8342,#8343);
#7791=AXIS2_PLACEMENT_3D('',#9720,#8347,#8348);
#7792=AXIS2_PLACEMENT_3D('',#9726,#8352,#8353);
#7793=AXIS2_PLACEMENT_3D('',#9732,#8357,#8358);
#7794=AXIS2_PLACEMENT_3D('',#9738,#8362,#8363);
#7795=AXIS2_PLACEMENT_3D('',#9741,#8366,#8367);
#7796=AXIS2_PLACEMENT_3D('',#9742,#8368,#8369);
#7797=AXIS2_PLACEMENT_3D('',#9751,#8374,#8375);
#7798=AXIS2_PLACEMENT_3D('',#9757,#8379,#8380);
#7799=AXIS2_PLACEMENT_3D('',#9763,#8384,#8385);
#7800=AXIS2_PLACEMENT_3D('',#9769,#8389,#8390);
#7801=AXIS2_PLACEMENT_3D('',#9775,#8394,#8395);
#7802=AXIS2_PLACEMENT_3D('',#9778,#8398,#8399);
#7803=AXIS2_PLACEMENT_3D('',#9779,#8400,#8401);
#7804=AXIS2_PLACEMENT_3D('',#9788,#8406,#8407);
#7805=AXIS2_PLACEMENT_3D('',#9794,#8411,#8412);
#7806=AXIS2_PLACEMENT_3D('',#9800,#8416,#8417);
#7807=AXIS2_PLACEMENT_3D('',#9806,#8421,#8422);
#7808=AXIS2_PLACEMENT_3D('',#9812,#8426,#8427);
#7809=AXIS2_PLACEMENT_3D('',#9818,#8431,#8432);
#7810=AXIS2_PLACEMENT_3D('',#9824,#8436,#8437);
#7811=AXIS2_PLACEMENT_3D('',#9827,#8440,#8441);
#7812=AXIS2_PLACEMENT_3D('',#9969,#8449,#8450);
#7813=AXIS2_PLACEMENT_3D('',#9975,#8454,#8455);
#7814=AXIS2_PLACEMENT_3D('',#9981,#8459,#8460);
#7815=AXIS2_PLACEMENT_3D('',#10125,#8470,#8471);
#7816=AXIS2_PLACEMENT_3D('',#10131,#8475,#8476);
#7817=AXIS2_PLACEMENT_3D('',#10137,#8480,#8481);
#7818=AXIS2_PLACEMENT_3D('',#10140,#8484,#8485);
#7819=AXIS2_PLACEMENT_3D('',#10425,#8502,#8503);
#7820=AXIS2_PLACEMENT_3D('',#10431,#8507,#8508);
#7821=AXIS2_PLACEMENT_3D('',#10434,#8511,#8512);
#7822=AXIS2_PLACEMENT_3D('',#10435,#8513,#8514);
#7823=AXIS2_PLACEMENT_3D('',#10436,#8515,#8516);
#7824=AXIS2_PLACEMENT_3D('',#10739,#8531,#8532);
#7825=AXIS2_PLACEMENT_3D('',#11067,#8550,#8551);
#7826=AXIS2_PLACEMENT_3D('',#11093,#8555,#8556);
#7827=AXIS2_PLACEMENT_3D('',#11094,#8557,#8558);
#7828=AXIS2_PLACEMENT_3D('',#11103,#8563,#8564);
#7829=AXIS2_PLACEMENT_3D('',#11109,#8568,#8569);
#7830=AXIS2_PLACEMENT_3D('',#11115,#8573,#8574);
#7831=AXIS2_PLACEMENT_3D('',#11121,#8578,#8579);
#7832=AXIS2_PLACEMENT_3D('',#11127,#8583,#8584);
#7833=AXIS2_PLACEMENT_3D('',#11133,#8588,#8589);
#7834=AXIS2_PLACEMENT_3D('',#11139,#8593,#8594);
#7835=AXIS2_PLACEMENT_3D('',#11145,#8598,#8599);
#7836=AXIS2_PLACEMENT_3D('',#11151,#8603,#8604);
#7837=AXIS2_PLACEMENT_3D('',#11157,#8608,#8609);
#7838=AXIS2_PLACEMENT_3D('',#11163,#8613,#8614);
#7839=AXIS2_PLACEMENT_3D('',#11166,#8617,#8618);
#7840=AXIS2_PLACEMENT_3D('',#11167,#8619,#8620);
#7841=AXIS2_PLACEMENT_3D('',#11176,#8625,#8626);
#7842=AXIS2_PLACEMENT_3D('',#11182,#8630,#8631);
#7843=AXIS2_PLACEMENT_3D('',#11188,#8635,#8636);
#7844=AXIS2_PLACEMENT_3D('',#11194,#8640,#8641);
#7845=AXIS2_PLACEMENT_3D('',#11200,#8645,#8646);
#7846=AXIS2_PLACEMENT_3D('',#11206,#8650,#8651);
#7847=AXIS2_PLACEMENT_3D('',#11212,#8655,#8656);
#7848=AXIS2_PLACEMENT_3D('',#11218,#8660,#8661);
#7849=AXIS2_PLACEMENT_3D('',#11224,#8665,#8666);
#7850=AXIS2_PLACEMENT_3D('',#11227,#8669,#8670);
#7851=AXIS2_PLACEMENT_3D('',#11530,#8685,#8686);
#7852=AXIS2_PLACEMENT_3D('',#11858,#8704,#8705);
#7853=AXIS2_PLACEMENT_3D('',#11884,#8709,#8710);
#7854=AXIS2_PLACEMENT_3D('',#11885,#8711,#8712);
#7855=AXIS2_PLACEMENT_3D('',#11887,#8713,#8714);
#7856=AXIS2_PLACEMENT_3D('',#11890,#8716,#8717);
#7857=AXIS2_PLACEMENT_3D('',#11891,#8718,#8719);
#7858=AXIS2_PLACEMENT_3D('',#11894,#8720,#8721);
#7859=AXIS2_PLACEMENT_3D('',#11898,#8723,#8724);
#7860=AXIS2_PLACEMENT_3D('',#11900,#8726,#8727);
#7861=AXIS2_PLACEMENT_3D('',#11906,#8731,#8732);
#7862=AXIS2_PLACEMENT_3D('',#11910,#8734,#8735);
#7863=AXIS2_PLACEMENT_3D('',#11914,#8737,#8738);
#7864=AXIS2_PLACEMENT_3D('',#11949,#8756,#8757);
#7865=AXIS2_PLACEMENT_3D('',#11950,#8758,#8759);
#7866=AXIS2_PLACEMENT_3D('',#11953,#8760,#8761);
#7867=AXIS2_PLACEMENT_3D('',#11956,#8764,#8765);
#7868=AXIS2_PLACEMENT_3D('',#11960,#8768,#8769);
#7869=AXIS2_PLACEMENT_3D('',#11962,#8770,#8771);
#7870=AXIS2_PLACEMENT_3D('',#11964,#8773,#8774);
#7871=AXIS2_PLACEMENT_3D('',#11966,#8775,#8776);
#7872=AXIS2_PLACEMENT_3D('',#11968,#8778,#8779);
#7873=AXIS2_PLACEMENT_3D('',#11971,#8782,#8783);
#7874=AXIS2_PLACEMENT_3D('',#11977,#8787,#8788);
#7875=AXIS2_PLACEMENT_3D('',#11983,#8792,#8793);
#7876=AXIS2_PLACEMENT_3D('',#11987,#8796,#8797);
#7877=AXIS2_PLACEMENT_3D('',#11991,#8800,#8801);
#7878=AXIS2_PLACEMENT_3D('',#11995,#8804,#8805);
#7879=AXIS2_PLACEMENT_3D('',#11999,#8808,#8809);
#7880=AXIS2_PLACEMENT_3D('',#12011,#8816,#8817);
#7881=AXIS2_PLACEMENT_3D('',#12017,#8821,#8822);
#7882=AXIS2_PLACEMENT_3D('',#12024,#8826,#8827);
#7883=AXIS2_PLACEMENT_3D('',#12027,#8829,#8830);
#7884=AXIS2_PLACEMENT_3D('',#12028,#8831,#8832);
#7885=AXIS2_PLACEMENT_3D('',#12032,#8835,#8836);
#7886=AXIS2_PLACEMENT_3D('',#12038,#8840,#8841);
#7887=AXIS2_PLACEMENT_3D('',#12045,#8845,#8846);
#7888=AXIS2_PLACEMENT_3D('',#12048,#8848,#8849);
#7889=AXIS2_PLACEMENT_3D('',#12049,#8850,#8851);
#7890=AXIS2_PLACEMENT_3D('',#12051,#8852,#8853);
#7891=AXIS2_PLACEMENT_3D('',#12055,#8855,#8856);
#7892=AXIS2_PLACEMENT_3D('',#12060,#8860,#8861);
#7893=AXIS2_PLACEMENT_3D('',#12062,#8863,#8864);
#7894=AXIS2_PLACEMENT_3D('',#12063,#8865,#8866);
#7895=AXIS2_PLACEMENT_3D('',#12066,#8868,#8869);
#7896=AXIS2_PLACEMENT_3D('',#12067,#8870,#8871);
#7897=AXIS2_PLACEMENT_3D('',#12069,#8873,#8874);
#7898=AXIS2_PLACEMENT_3D('',#12073,#8877,#8878);
#7899=AXIS2_PLACEMENT_3D('',#12077,#8881,#8882);
#7900=AXIS2_PLACEMENT_3D('',#12079,#8884,#8885);
#7901=AXIS2_PLACEMENT_3D('',#12080,#8886,#8887);
#7902=AXIS2_PLACEMENT_3D('',#12081,#8888,#8889);
#7903=AXIS2_PLACEMENT_3D('',#12083,#8891,#8892);
#7904=AXIS2_PLACEMENT_3D('',#12085,#8894,#8895);
#7905=AXIS2_PLACEMENT_3D('',#12086,#8896,#8897);
#7906=AXIS2_PLACEMENT_3D('',#12087,#8898,#8899);
#7907=AXIS2_PLACEMENT_3D('',#12088,#8900,#8901);
#7908=AXIS2_PLACEMENT_3D('',#12089,#8902,#8903);
#7909=AXIS2_PLACEMENT_3D('',#12098,#8908,#8909);
#7910=AXIS2_PLACEMENT_3D('',#12104,#8913,#8914);
#7911=AXIS2_PLACEMENT_3D('',#12110,#8918,#8919);
#7912=AXIS2_PLACEMENT_3D('',#12116,#8923,#8924);
#7913=AXIS2_PLACEMENT_3D('',#12122,#8928,#8929);
#7914=AXIS2_PLACEMENT_3D('',#12128,#8933,#8934);
#7915=AXIS2_PLACEMENT_3D('',#12134,#8938,#8939);
#7916=AXIS2_PLACEMENT_3D('',#12140,#8943,#8944);
#7917=AXIS2_PLACEMENT_3D('',#12146,#8948,#8949);
#7918=AXIS2_PLACEMENT_3D('',#12149,#8952,#8953);
#7919=AXIS2_PLACEMENT_3D('',#12150,#8954,#8955);
#7920=AXIS2_PLACEMENT_3D('',#12453,#8970,#8971);
#7921=AXIS2_PLACEMENT_3D('',#12781,#8989,#8990);
#7922=AXIS2_PLACEMENT_3D('',#12807,#8994,#8995);
#7923=AXIS2_PLACEMENT_3D('',#12808,#8996,#8997);
#7924=AXIS2_PLACEMENT_3D('',#12950,#9005,#9006);
#7925=AXIS2_PLACEMENT_3D('',#12956,#9010,#9011);
#7926=AXIS2_PLACEMENT_3D('',#12962,#9015,#9016);
#7927=AXIS2_PLACEMENT_3D('',#13106,#9026,#9027);
#7928=AXIS2_PLACEMENT_3D('',#13112,#9031,#9032);
#7929=AXIS2_PLACEMENT_3D('',#13118,#9036,#9037);
#7930=AXIS2_PLACEMENT_3D('',#13121,#9040,#9041);
#7931=AXIS2_PLACEMENT_3D('',#13406,#9058,#9059);
#7932=AXIS2_PLACEMENT_3D('',#13412,#9063,#9064);
#7933=AXIS2_PLACEMENT_3D('',#13415,#9067,#9068);
#7934=AXIS2_PLACEMENT_3D('',#13416,#9069,#9070);
#7935=AXIS2_PLACEMENT_3D('',#13417,#9071,#9072);
#7936=AXIS2_PLACEMENT_3D('',#13426,#9077,#9078);
#7937=AXIS2_PLACEMENT_3D('',#13432,#9082,#9083);
#7938=AXIS2_PLACEMENT_3D('',#13438,#9087,#9088);
#7939=AXIS2_PLACEMENT_3D('',#13444,#9092,#9093);
#7940=AXIS2_PLACEMENT_3D('',#13450,#9097,#9098);
#7941=AXIS2_PLACEMENT_3D('',#13453,#9101,#9102);
#7942=AXIS2_PLACEMENT_3D('',#13454,#9103,#9104);
#7943=AXIS2_PLACEMENT_3D('',#13455,#9105,#9106);
#7944=AXIS2_PLACEMENT_3D('',#13464,#9111,#9112);
#7945=AXIS2_PLACEMENT_3D('',#13470,#9116,#9117);
#7946=AXIS2_PLACEMENT_3D('',#13476,#9121,#9122);
#7947=AXIS2_PLACEMENT_3D('',#13482,#9126,#9127);
#7948=AXIS2_PLACEMENT_3D('',#13488,#9131,#9132);
#7949=AXIS2_PLACEMENT_3D('',#13494,#9136,#9137);
#7950=AXIS2_PLACEMENT_3D('',#13500,#9141,#9142);
#7951=AXIS2_PLACEMENT_3D('',#13503,#9145,#9146);
#7952=AXIS2_PLACEMENT_3D('',#13504,#9147,#9148);
#7953=AXIS2_PLACEMENT_3D('',#13505,#9149,#9150);
#7954=AXIS2_PLACEMENT_3D('',#13514,#9155,#9156);
#7955=AXIS2_PLACEMENT_3D('',#13520,#9160,#9161);
#7956=AXIS2_PLACEMENT_3D('',#13526,#9165,#9166);
#7957=AXIS2_PLACEMENT_3D('',#13532,#9170,#9171);
#7958=AXIS2_PLACEMENT_3D('',#13538,#9175,#9176);
#7959=AXIS2_PLACEMENT_3D('',#13544,#9180,#9181);
#7960=AXIS2_PLACEMENT_3D('',#13550,#9185,#9186);
#7961=AXIS2_PLACEMENT_3D('',#13556,#9190,#9191);
#7962=AXIS2_PLACEMENT_3D('',#13562,#9195,#9196);
#7963=AXIS2_PLACEMENT_3D('',#13568,#9200,#9201);
#7964=AXIS2_PLACEMENT_3D('',#13574,#9205,#9206);
#7965=AXIS2_PLACEMENT_3D('',#13577,#9209,#9210);
#7966=AXIS2_PLACEMENT_3D('',#13578,#9211,#9212);
#7967=AXIS2_PLACEMENT_3D('',#13579,#9213,#9214);
#7968=AXIS2_PLACEMENT_3D('',#13588,#9219,#9220);
#7969=AXIS2_PLACEMENT_3D('',#13594,#9224,#9225);
#7970=AXIS2_PLACEMENT_3D('',#13600,#9229,#9230);
#7971=AXIS2_PLACEMENT_3D('',#13606,#9234,#9235);
#7972=AXIS2_PLACEMENT_3D('',#13612,#9239,#9240);
#7973=AXIS2_PLACEMENT_3D('',#13618,#9244,#9245);
#7974=AXIS2_PLACEMENT_3D('',#13624,#9249,#9250);
#7975=AXIS2_PLACEMENT_3D('',#13630,#9254,#9255);
#7976=AXIS2_PLACEMENT_3D('',#13636,#9259,#9260);
#7977=AXIS2_PLACEMENT_3D('',#13642,#9264,#9265);
#7978=AXIS2_PLACEMENT_3D('',#13648,#9269,#9270);
#7979=AXIS2_PLACEMENT_3D('',#13651,#9273,#9274);
#7980=AXIS2_PLACEMENT_3D('',#13652,#9275,#9276);
#7981=AXIS2_PLACEMENT_3D('',#13955,#9291,#9292);
#7982=AXIS2_PLACEMENT_3D('',#14283,#9310,#9311);
#7983=AXIS2_PLACEMENT_3D('',#14309,#9315,#9316);
#7984=AXIS2_PLACEMENT_3D('',#14310,#9317,#9318);
#7985=DIRECTION('axis',(0.,0.,1.));
#7986=DIRECTION('refdir',(1.,0.,0.));
#7987=DIRECTION('center_axis',(-1.,0.,0.));
#7988=DIRECTION('ref_axis',(0.,1.,0.));
#7989=DIRECTION('',(0.,1.,0.));
#7990=DIRECTION('',(0.,0.,1.));
#7991=DIRECTION('',(0.,1.,0.));
#7992=DIRECTION('',(0.,0.,-1.));
#7993=DIRECTION('center_axis',(0.,-1.,0.));
#7994=DIRECTION('ref_axis',(-1.,0.,0.));
#7995=DIRECTION('',(-1.,0.,0.));
#7996=DIRECTION('',(0.,0.,-1.));
#7997=DIRECTION('',(-1.,0.,0.));
#7998=DIRECTION('',(0.,0.,1.));
#7999=DIRECTION('',(1.,0.,0.));
#8000=DIRECTION('',(-0.707106781186548,0.,-0.707106781186547));
#8001=DIRECTION('',(0.,0.,1.));
#8002=DIRECTION('',(-1.,0.,0.));
#8003=DIRECTION('',(0.,0.,1.));
#8004=DIRECTION('',(-1.,0.,0.));
#8005=DIRECTION('center_axis',(0.,-1.,0.));
#8006=DIRECTION('ref_axis',(-1.,0.,0.));
#8007=DIRECTION('',(0.,0.,1.));
#8008=DIRECTION('',(-1.,0.,0.));
#8009=DIRECTION('',(0.,0.,-1.));
#8010=DIRECTION('',(-1.,0.,0.));
#8011=DIRECTION('',(0.,0.,1.));
#8012=DIRECTION('',(0.707106781186548,0.,0.707106781186547));
#8013=DIRECTION('',(1.,0.,0.));
#8014=DIRECTION('center_axis',(-1.,0.,0.));
#8015=DIRECTION('ref_axis',(0.,1.,0.));
#8016=DIRECTION('',(0.,1.,0.));
#8017=DIRECTION('',(0.,1.,0.));
#8018=DIRECTION('',(0.,0.,-1.));
#8019=DIRECTION('center_axis',(0.,0.,-1.));
#8020=DIRECTION('ref_axis',(-1.,0.,0.));
#8021=DIRECTION('',(1.,0.,0.));
#8022=DIRECTION('',(0.,1.,0.));
#8023=DIRECTION('',(0.,-1.,0.));
#8024=DIRECTION('center_axis',(-1.,0.,0.));
#8025=DIRECTION('ref_axis',(0.,1.,0.));
#8026=DIRECTION('',(0.,-1.,0.));
#8027=DIRECTION('center_axis',(0.,0.,-1.));
#8028=DIRECTION('ref_axis',(0.,1.,0.));
#8029=DIRECTION('',(0.,1.,0.));
#8030=DIRECTION('center_axis',(0.707106781186547,0.,-0.707106781186548));
#8031=DIRECTION('ref_axis',(-0.707106781186548,0.,-0.707106781186547));
#8032=DIRECTION('',(0.,-1.,0.));
#8033=DIRECTION('center_axis',(1.,0.,0.));
#8034=DIRECTION('ref_axis',(0.,-1.,0.));
#8035=DIRECTION('',(0.,-1.,0.));
#8036=DIRECTION('',(0.,0.,1.));
#8037=DIRECTION('center_axis',(0.,0.,-1.));
#8038=DIRECTION('ref_axis',(-1.,0.,0.));
#8039=DIRECTION('',(1.,0.,0.));
#8040=DIRECTION('center_axis',(1.,0.,0.));
#8041=DIRECTION('ref_axis',(0.,-1.,0.));
#8042=DIRECTION('',(0.,-1.,0.));
#8043=DIRECTION('',(0.,0.,-1.));
#8044=DIRECTION('',(0.,-1.,0.));
#8045=DIRECTION('',(0.,0.,-1.));
#8046=DIRECTION('center_axis',(0.,1.,0.));
#8047=DIRECTION('ref_axis',(1.,0.,0.));
#8048=DIRECTION('',(1.,0.,0.));
#8049=DIRECTION('',(0.,0.,-1.));
#8050=DIRECTION('',(1.,0.,0.));
#8051=DIRECTION('center_axis',(-1.,0.,0.));
#8052=DIRECTION('ref_axis',(0.,1.,0.));
#8053=DIRECTION('',(0.,1.,0.));
#8054=DIRECTION('',(0.,0.,-1.));
#8055=DIRECTION('',(0.,1.,0.));
#8056=DIRECTION('center_axis',(0.,-1.,0.));
#8057=DIRECTION('ref_axis',(-1.,0.,0.));
#8058=DIRECTION('',(-1.,0.,0.));
#8059=DIRECTION('',(-1.,0.,0.));
#8060=DIRECTION('center_axis',(0.,0.,-1.));
#8061=DIRECTION('ref_axis',(-1.,0.,0.));
#8062=DIRECTION('center_axis',(1.,0.,0.));
#8063=DIRECTION('ref_axis',(0.,0.,-1.));
#8064=DIRECTION('',(0.,1.,0.));
#8065=DIRECTION('center_axis',(-1.,-7.16272919113004E-17,0.));
#8066=DIRECTION('ref_axis',(7.16272919113004E-17,-1.,0.));
#8067=DIRECTION('',(-7.16272919113004E-17,1.,0.));
#8068=DIRECTION('',(0.,0.,-1.));
#8069=DIRECTION('',(-7.16272919113004E-17,1.,0.));
#8070=DIRECTION('',(0.,0.,1.));
#8071=DIRECTION('',(-7.16272919113004E-17,1.,0.));
#8072=DIRECTION('',(0.,0.,1.));
#8073=DIRECTION('',(-7.16272919113004E-17,1.,0.));
#8074=DIRECTION('center_axis',(0.,0.,1.));
#8075=DIRECTION('ref_axis',(1.,0.,0.));
#8076=DIRECTION('',(1.,0.,0.));
#8077=DIRECTION('',(-1.,0.,0.));
#8078=DIRECTION('',(0.,-1.,0.));
#8079=DIRECTION('',(1.,0.,0.));
#8080=DIRECTION('center_axis',(0.,1.,0.));
#8081=DIRECTION('ref_axis',(1.,0.,0.));
#8082=DIRECTION('',(1.,0.,0.));
#8083=DIRECTION('center_axis',(1.,0.,0.));
#8084=DIRECTION('ref_axis',(0.,1.,0.));
#8085=DIRECTION('',(0.,0.,1.));
#8086=DIRECTION('',(0.,-1.,0.));
#8087=DIRECTION('',(0.,0.,1.));
#8088=DIRECTION('',(0.,1.,-1.70803542250024E-16));
#8089=DIRECTION('center_axis',(1.,0.,0.));
#8090=DIRECTION('ref_axis',(0.,-1.48029736616688E-15,-1.));
#8091=DIRECTION('',(0.,-4.44089209850056E-15,1.));
#8092=DIRECTION('center_axis',(1.,0.,0.));
#8093=DIRECTION('ref_axis',(0.,1.,-1.48029736616688E-15));
#8094=DIRECTION('',(0.,-1.,0.));
#8095=DIRECTION('center_axis',(1.,0.,0.));
#8096=DIRECTION('ref_axis',(0.,-1.8503717077086E-16,1.));
#8097=DIRECTION('',(0.,2.2204460492503E-15,-1.));
#8098=DIRECTION('center_axis',(1.,0.,0.));
#8099=DIRECTION('ref_axis',(0.,-1.,0.));
#8100=DIRECTION('center_axis',(0.,0.,1.));
#8101=DIRECTION('ref_axis',(0.,1.,0.));
#8102=DIRECTION('',(-1.,0.,0.));
#8103=DIRECTION('',(0.,1.,0.));
#8104=DIRECTION('',(-1.,0.,0.));
#8105=DIRECTION('center_axis',(-1.,0.,0.));
#8106=DIRECTION('ref_axis',(0.,-1.8503717077086E-16,1.));
#8107=DIRECTION('center_axis',(-1.,0.,0.));
#8108=DIRECTION('ref_axis',(0.,-1.8503717077086E-16,1.));
#8109=DIRECTION('',(-1.,0.,0.));
#8110=DIRECTION('center_axis',(0.,-1.,-2.2204460492503E-15));
#8111=DIRECTION('ref_axis',(0.,-2.2204460492503E-15,1.));
#8112=DIRECTION('',(0.,-2.2204460492503E-15,1.));
#8113=DIRECTION('',(-1.,0.,0.));
#8114=DIRECTION('center_axis',(-1.,0.,0.));
#8115=DIRECTION('ref_axis',(0.,-1.,0.));
#8116=DIRECTION('center_axis',(-1.,0.,0.));
#8117=DIRECTION('ref_axis',(0.,-1.,0.));
#8118=DIRECTION('',(-1.,0.,0.));
#8119=DIRECTION('center_axis',(0.,-1.70803542250024E-16,-1.));
#8120=DIRECTION('ref_axis',(0.,-1.,1.70803542250024E-16));
#8121=DIRECTION('',(0.,-1.,1.70803542250024E-16));
#8122=DIRECTION('',(-1.,0.,0.));
#8123=DIRECTION('center_axis',(-1.,0.,0.));
#8124=DIRECTION('ref_axis',(0.,-1.48029736616688E-15,-1.));
#8125=DIRECTION('center_axis',(-1.,0.,0.));
#8126=DIRECTION('ref_axis',(0.,-1.48029736616688E-15,-1.));
#8127=DIRECTION('',(-1.,0.,0.));
#8128=DIRECTION('center_axis',(0.,1.,4.44089209850056E-15));
#8129=DIRECTION('ref_axis',(0.,4.44089209850056E-15,-1.));
#8130=DIRECTION('',(0.,4.44089209850056E-15,-1.));
#8131=DIRECTION('',(-1.,0.,0.));
#8132=DIRECTION('center_axis',(-1.,0.,0.));
#8133=DIRECTION('ref_axis',(0.,1.,-1.48029736616688E-15));
#8134=DIRECTION('center_axis',(-1.,0.,0.));
#8135=DIRECTION('ref_axis',(0.,1.,-1.48029736616688E-15));
#8136=DIRECTION('center_axis',(0.,0.,1.));
#8137=DIRECTION('ref_axis',(1.,0.,0.));
#8138=DIRECTION('center_axis',(0.,0.,1.));
#8139=DIRECTION('ref_axis',(-0.707106781186548,0.707106781186548,0.));
#8140=DIRECTION('center_axis',(0.,0.,-1.));
#8141=DIRECTION('ref_axis',(-0.707106781186548,0.707106781186548,0.));
#8142=DIRECTION('',(0.,0.,-1.));
#8143=DIRECTION('center_axis',(0.,0.,1.));
#8144=DIRECTION('ref_axis',(-0.707106781186548,0.707106781186548,0.));
#8145=DIRECTION('',(0.,0.,1.));
#8146=DIRECTION('center_axis',(0.,1.,0.));
#8147=DIRECTION('ref_axis',(-1.,0.,0.));
#8148=DIRECTION('',(1.,0.,0.));
#8149=DIRECTION('',(0.,0.,1.));
#8150=DIRECTION('',(1.,0.,0.));
#8151=DIRECTION('center_axis',(0.,0.,-1.));
#8152=DIRECTION('ref_axis',(-1.,0.,0.));
#8153=DIRECTION('',(-7.16272919113004E-17,1.,0.));
#8154=DIRECTION('center_axis',(0.,0.,-1.));
#8155=DIRECTION('ref_axis',(-0.707106781186548,-0.707106781186548,0.));
#8156=DIRECTION('',(-1.,0.,0.));
#8157=DIRECTION('',(0.,-1.,0.));
#8158=DIRECTION('',(-1.,0.,0.));
#8159=DIRECTION('',(0.,1.,0.));
#8160=DIRECTION('',(1.,0.,0.));
#8161=DIRECTION('',(0.,-1.,0.));
#8162=DIRECTION('',(-1.,0.,0.));
#8163=DIRECTION('',(0.,1.,0.));
#8164=DIRECTION('',(1.,0.,0.));
#8165=DIRECTION('',(0.,-1.,0.));
#8166=DIRECTION('',(-1.,0.,0.));
#8167=DIRECTION('',(0.,1.,0.));
#8168=DIRECTION('',(1.,0.,0.));
#8169=DIRECTION('',(0.,-1.,0.));
#8170=DIRECTION('',(-1.,0.,0.));
#8171=DIRECTION('',(0.,1.,0.));
#8172=DIRECTION('',(-1.,0.,0.));
#8173=DIRECTION('center_axis',(0.,0.,-1.));
#8174=DIRECTION('ref_axis',(0.707106781186548,-0.707106781186548,0.));
#8175=DIRECTION('',(0.,-1.,0.));
#8176=DIRECTION('center_axis',(0.,0.,-1.));
#8177=DIRECTION('ref_axis',(0.707106781186548,0.707106781186548,0.));
#8178=DIRECTION('center_axis',(0.,0.,1.));
#8179=DIRECTION('ref_axis',(0.707106781186548,0.707106781186548,0.));
#8180=DIRECTION('',(0.,0.,-1.));
#8181=DIRECTION('center_axis',(0.,0.,1.));
#8182=DIRECTION('ref_axis',(0.707106781186548,0.707106781186548,0.));
#8183=DIRECTION('center_axis',(1.,0.,0.));
#8184=DIRECTION('ref_axis',(0.,1.,0.));
#8185=DIRECTION('',(0.,0.,1.));
#8186=DIRECTION('',(0.,-1.,0.));
#8187=DIRECTION('center_axis',(0.,0.,1.));
#8188=DIRECTION('ref_axis',(0.707106781186548,-0.707106781186548,0.));
#8189=DIRECTION('',(0.,0.,-1.));
#8190=DIRECTION('center_axis',(0.,0.,1.));
#8191=DIRECTION('ref_axis',(0.707106781186548,-0.707106781186548,0.));
#8192=DIRECTION('center_axis',(0.,-1.,0.));
#8193=DIRECTION('ref_axis',(1.,0.,0.));
#8194=DIRECTION('',(2.1984614349013E-16,0.,-1.));
#8195=DIRECTION('center_axis',(0.,1.,0.));
#8196=DIRECTION('ref_axis',(0.,0.,-1.));
#8197=DIRECTION('',(-1.,0.,0.));
#8198=DIRECTION('center_axis',(0.,1.,0.));
#8199=DIRECTION('ref_axis',(-1.,0.,0.));
#8200=DIRECTION('',(0.,0.,1.));
#8201=DIRECTION('',(1.,0.,0.));
#8202=DIRECTION('center_axis',(0.,0.,-1.));
#8203=DIRECTION('ref_axis',(-0.707106781186548,-0.707106781186548,0.));
#8204=DIRECTION('center_axis',(0.,0.,1.));
#8205=DIRECTION('ref_axis',(-0.707106781186548,-0.707106781186548,0.));
#8206=DIRECTION('',(0.,0.,-1.));
#8207=DIRECTION('center_axis',(-1.,-7.16272919113004E-17,0.));
#8208=DIRECTION('ref_axis',(7.16272919113004E-17,-1.,0.));
#8209=DIRECTION('',(-7.16272919113004E-17,1.,0.));
#8210=DIRECTION('center_axis',(0.,-1.,0.));
#8211=DIRECTION('ref_axis',(1.,0.,0.));
#8212=DIRECTION('',(0.,0.,1.));
#8213=DIRECTION('',(1.,0.,0.));
#8214=DIRECTION('',(0.,0.,1.));
#8215=DIRECTION('center_axis',(-1.,0.,0.));
#8216=DIRECTION('ref_axis',(0.,-1.,0.));
#8217=DIRECTION('',(0.,-1.,0.));
#8218=DIRECTION('',(0.,0.,1.));
#8219=DIRECTION('center_axis',(0.,1.,0.));
#8220=DIRECTION('ref_axis',(-1.,0.,0.));
#8221=DIRECTION('',(-1.,0.,0.));
#8222=DIRECTION('',(0.,0.,1.));
#8223=DIRECTION('center_axis',(1.,0.,0.));
#8224=DIRECTION('ref_axis',(0.,1.,0.));
#8225=DIRECTION('',(0.,1.,0.));
#8226=DIRECTION('',(0.,0.,1.));
#8227=DIRECTION('center_axis',(0.,-1.,0.));
#8228=DIRECTION('ref_axis',(1.,0.,0.));
#8229=DIRECTION('',(1.,0.,0.));
#8230=DIRECTION('',(0.,0.,1.));
#8231=DIRECTION('center_axis',(1.,0.,0.));
#8232=DIRECTION('ref_axis',(0.,1.,0.));
#8233=DIRECTION('',(0.,-1.,0.));
#8234=DIRECTION('',(0.,0.,1.));
#8235=DIRECTION('',(0.,1.,0.));
#8236=DIRECTION('center_axis',(0.,0.,1.));
#8237=DIRECTION('ref_axis',(1.,0.,0.));
#8238=DIRECTION('',(-1.,0.,0.));
#8239=DIRECTION('',(1.,0.,0.));
#8240=DIRECTION('',(-1.,0.,0.));
#8241=DIRECTION('',(0.,-1.,0.));
#8242=DIRECTION('center_axis',(-1.,0.,0.));
#8243=DIRECTION('ref_axis',(0.,-1.,0.));
#8244=DIRECTION('',(0.,0.,-1.));
#8245=DIRECTION('',(0.,1.,0.));
#8246=DIRECTION('',(0.,0.,1.));
#8247=DIRECTION('center_axis',(0.,1.,0.));
#8248=DIRECTION('ref_axis',(-1.,0.,0.));
#8249=DIRECTION('',(1.,0.,0.));
#8250=DIRECTION('',(0.,0.,1.));
#8251=DIRECTION('',(-2.1984614349013E-16,0.,1.));
#8252=DIRECTION('center_axis',(0.,-1.,0.));
#8253=DIRECTION('ref_axis',(0.,0.,-1.));
#8254=DIRECTION('',(1.,0.,0.));
#8255=DIRECTION('center_axis',(0.,-1.,0.));
#8256=DIRECTION('ref_axis',(-1.,0.,0.));
#8257=DIRECTION('center_axis',(0.,0.,-1.));
#8258=DIRECTION('ref_axis',(-1.,0.,0.));
#8259=DIRECTION('',(-1.,0.,0.));
#8260=DIRECTION('',(0.,-1.,0.));
#8261=DIRECTION('center_axis',(1.,0.,0.));
#8262=DIRECTION('ref_axis',(0.,1.,0.));
#8263=DIRECTION('',(0.,0.,1.));
#8264=DIRECTION('center_axis',(0.,-1.,0.));
#8265=DIRECTION('ref_axis',(1.,0.,0.));
#8266=DIRECTION('center_axis',(0.,1.,0.));
#8267=DIRECTION('ref_axis',(-1.,0.,0.));
#8268=DIRECTION('',(-1.,0.,0.));
#8269=DIRECTION('center_axis',(0.,1.,0.));
#8270=DIRECTION('ref_axis',(0.,0.,-1.));
#8271=DIRECTION('',(2.1984614349013E-16,0.,-1.));
#8272=DIRECTION('center_axis',(0.,1.,0.));
#8273=DIRECTION('ref_axis',(-1.,0.,0.));
#8274=DIRECTION('',(0.,-1.,0.));
#8275=DIRECTION('center_axis',(0.,-1.,0.));
#8276=DIRECTION('ref_axis',(-1.,0.,0.));
#8277=DIRECTION('center_axis',(0.,0.,-1.));
#8278=DIRECTION('ref_axis',(-1.,0.,0.));
#8279=DIRECTION('',(0.,1.,0.));
#8280=DIRECTION('',(1.,0.,0.));
#8281=DIRECTION('center_axis',(0.,1.,0.));
#8282=DIRECTION('ref_axis',(0.,0.,-1.));
#8283=DIRECTION('',(0.,1.,0.));
#8284=DIRECTION('center_axis',(0.,-1.,0.));
#8285=DIRECTION('ref_axis',(0.,0.,-1.));
#8286=DIRECTION('center_axis',(1.,0.,2.1984614349013E-16));
#8287=DIRECTION('ref_axis',(2.1984614349013E-16,0.,-1.));
#8288=DIRECTION('',(0.,0.,1.));
#8289=DIRECTION('center_axis',(1.,0.,2.1984614349013E-16));
#8290=DIRECTION('ref_axis',(2.1984614349013E-16,0.,-1.));
#8291=DIRECTION('',(0.,1.,0.));
#8292=DIRECTION('center_axis',(0.,1.,0.));
#8293=DIRECTION('ref_axis',(-1.,0.,0.));
#8294=DIRECTION('',(0.,-1.,0.));
#8295=DIRECTION('center_axis',(0.,0.,-1.));
#8296=DIRECTION('ref_axis',(-1.,0.,0.));
#8297=DIRECTION('',(0.,1.,0.));
#8298=DIRECTION('center_axis',(0.,1.,0.));
#8299=DIRECTION('ref_axis',(0.,0.,-1.));
#8300=DIRECTION('center_axis',(0.,-1.,0.));
#8301=DIRECTION('ref_axis',(1.,0.,0.));
#8302=DIRECTION('center_axis',(0.,1.,0.));
#8303=DIRECTION('ref_axis',(-1.,0.,0.));
#8304=DIRECTION('center_axis',(0.,0.,1.));
#8305=DIRECTION('ref_axis',(1.,0.,0.));
#8306=DIRECTION('center_axis',(1.,0.,0.));
#8307=DIRECTION('ref_axis',(0.,-1.,0.));
#8308=DIRECTION('',(0.,-1.,0.));
#8309=DIRECTION('',(0.,0.,-1.));
#8310=DIRECTION('',(0.,-1.,0.));
#8311=DIRECTION('',(0.,0.,-1.));
#8312=DIRECTION('center_axis',(0.,1.,0.));
#8313=DIRECTION('ref_axis',(1.,0.,0.));
#8314=DIRECTION('',(1.,0.,0.));
#8315=DIRECTION('',(0.,0.,-1.));
#8316=DIRECTION('',(1.,0.,0.));
#8317=DIRECTION('center_axis',(1.,0.,0.));
#8318=DIRECTION('ref_axis',(0.,-1.,0.));
#8319=DIRECTION('',(0.,-1.,0.));
#8320=DIRECTION('',(0.,0.,-1.));
#8321=DIRECTION('',(0.,-1.,0.));
#8322=DIRECTION('center_axis',(0.,-1.,0.));
#8323=DIRECTION('ref_axis',(-1.,0.,0.));
#8324=DIRECTION('',(-1.,0.,0.));
#8325=DIRECTION('',(0.,0.,-1.));
#8326=DIRECTION('',(-1.,0.,0.));
#8327=DIRECTION('center_axis',(1.,0.,0.));
#8328=DIRECTION('ref_axis',(0.,-1.,0.));
#8329=DIRECTION('',(0.,-1.,0.));
#8330=DIRECTION('',(0.,0.,-1.));
#8331=DIRECTION('',(0.,-1.,0.));
#8332=DIRECTION('center_axis',(0.,1.,0.));
#8333=DIRECTION('ref_axis',(1.,0.,0.));
#8334=DIRECTION('',(1.,0.,0.));
#8335=DIRECTION('',(0.,0.,-1.));
#8336=DIRECTION('',(1.,0.,0.));
#8337=DIRECTION('center_axis',(1.,0.,0.));
#8338=DIRECTION('ref_axis',(0.,-1.,0.));
#8339=DIRECTION('',(0.,-1.,0.));
#8340=DIRECTION('',(0.,0.,-1.));
#8341=DIRECTION('',(0.,-1.,0.));
#8342=DIRECTION('center_axis',(0.,-1.,0.));
#8343=DIRECTION('ref_axis',(-1.,0.,0.));
#8344=DIRECTION('',(-1.,0.,0.));
#8345=DIRECTION('',(0.,0.,-1.));
#8346=DIRECTION('',(-1.,0.,0.));
#8347=DIRECTION('center_axis',(1.,0.,0.));
#8348=DIRECTION('ref_axis',(0.,-1.,0.));
#8349=DIRECTION('',(0.,-1.,0.));
#8350=DIRECTION('',(0.,0.,-1.));
#8351=DIRECTION('',(0.,-1.,0.));
#8352=DIRECTION('center_axis',(0.,1.,0.));
#8353=DIRECTION('ref_axis',(1.,0.,0.));
#8354=DIRECTION('',(1.,0.,0.));
#8355=DIRECTION('',(0.,0.,-1.));
#8356=DIRECTION('',(1.,0.,0.));
#8357=DIRECTION('center_axis',(-1.,0.,0.));
#8358=DIRECTION('ref_axis',(0.,1.,0.));
#8359=DIRECTION('',(0.,1.,0.));
#8360=DIRECTION('',(0.,0.,-1.));
#8361=DIRECTION('',(0.,1.,0.));
#8362=DIRECTION('center_axis',(0.,-1.,0.));
#8363=DIRECTION('ref_axis',(-1.,0.,0.));
#8364=DIRECTION('',(-1.,0.,0.));
#8365=DIRECTION('',(-1.,0.,0.));
#8366=DIRECTION('center_axis',(0.,0.,-1.));
#8367=DIRECTION('ref_axis',(-1.,0.,0.));
#8368=DIRECTION('center_axis',(1.,0.,0.));
#8369=DIRECTION('ref_axis',(0.,-1.,0.));
#8370=DIRECTION('',(0.,-1.,0.));
#8371=DIRECTION('',(0.,0.,-1.));
#8372=DIRECTION('',(0.,-1.,0.));
#8373=DIRECTION('',(0.,0.,-1.));
#8374=DIRECTION('center_axis',(0.,1.,0.));
#8375=DIRECTION('ref_axis',(1.,0.,0.));
#8376=DIRECTION('',(1.,0.,0.));
#8377=DIRECTION('',(0.,0.,-1.));
#8378=DIRECTION('',(1.,0.,0.));
#8379=DIRECTION('center_axis',(1.,0.,0.));
#8380=DIRECTION('ref_axis',(0.,-1.,0.));
#8381=DIRECTION('',(0.,-1.,0.));
#8382=DIRECTION('',(0.,0.,-1.));
#8383=DIRECTION('',(0.,-1.,0.));
#8384=DIRECTION('center_axis',(0.,1.,0.));
#8385=DIRECTION('ref_axis',(1.,0.,0.));
#8386=DIRECTION('',(1.,0.,0.));
#8387=DIRECTION('',(0.,0.,-1.));
#8388=DIRECTION('',(1.,0.,0.));
#8389=DIRECTION('center_axis',(-1.,0.,0.));
#8390=DIRECTION('ref_axis',(0.,1.,0.));
#8391=DIRECTION('',(0.,1.,0.));
#8392=DIRECTION('',(0.,0.,-1.));
#8393=DIRECTION('',(0.,1.,0.));
#8394=DIRECTION('center_axis',(0.,-1.,0.));
#8395=DIRECTION('ref_axis',(-1.,0.,0.));
#8396=DIRECTION('',(-1.,0.,0.));
#8397=DIRECTION('',(-1.,0.,0.));
#8398=DIRECTION('center_axis',(0.,0.,-1.));
#8399=DIRECTION('ref_axis',(-1.,0.,0.));
#8400=DIRECTION('center_axis',(1.,0.,0.));
#8401=DIRECTION('ref_axis',(0.,-1.,0.));
#8402=DIRECTION('',(0.,-1.,0.));
#8403=DIRECTION('',(0.,0.,-1.));
#8404=DIRECTION('',(0.,-1.,0.));
#8405=DIRECTION('',(0.,0.,-1.));
#8406=DIRECTION('center_axis',(0.,-1.,0.));
#8407=DIRECTION('ref_axis',(-1.,0.,0.));
#8408=DIRECTION('',(-1.,0.,0.));
#8409=DIRECTION('',(0.,0.,-1.));
#8410=DIRECTION('',(-1.,0.,0.));
#8411=DIRECTION('center_axis',(1.,0.,0.));
#8412=DIRECTION('ref_axis',(0.,-1.,0.));
#8413=DIRECTION('',(0.,-1.,0.));
#8414=DIRECTION('',(0.,0.,-1.));
#8415=DIRECTION('',(0.,-1.,0.));
#8416=DIRECTION('center_axis',(0.,1.,0.));
#8417=DIRECTION('ref_axis',(1.,0.,0.));
#8418=DIRECTION('',(1.,0.,0.));
#8419=DIRECTION('',(0.,0.,-1.));
#8420=DIRECTION('',(1.,0.,0.));
#8421=DIRECTION('center_axis',(-1.,0.,0.));
#8422=DIRECTION('ref_axis',(0.,1.,0.));
#8423=DIRECTION('',(0.,1.,0.));
#8424=DIRECTION('',(0.,0.,-1.));
#8425=DIRECTION('',(0.,1.,0.));
#8426=DIRECTION('center_axis',(0.,-1.,0.));
#8427=DIRECTION('ref_axis',(-1.,0.,0.));
#8428=DIRECTION('',(-1.,0.,0.));
#8429=DIRECTION('',(0.,0.,-1.));
#8430=DIRECTION('',(-1.,0.,0.));
#8431=DIRECTION('center_axis',(-1.,0.,0.));
#8432=DIRECTION('ref_axis',(0.,1.,0.));
#8433=DIRECTION('',(0.,1.,0.));
#8434=DIRECTION('',(0.,0.,-1.));
#8435=DIRECTION('',(0.,1.,0.));
#8436=DIRECTION('center_axis',(0.,-1.,0.));
#8437=DIRECTION('ref_axis',(-1.,0.,0.));
#8438=DIRECTION('',(-1.,0.,0.));
#8439=DIRECTION('',(-1.,0.,0.));
#8440=DIRECTION('center_axis',(0.,0.,-1.));
#8441=DIRECTION('ref_axis',(-1.,0.,0.));
#8442=DIRECTION('',(0.,0.,-1.));
#8443=DIRECTION('',(0.,0.,-1.));
#8444=DIRECTION('',(0.,0.,-1.));
#8445=DIRECTION('',(0.,0.,-1.));
#8446=DIRECTION('',(0.,0.,-1.));
#8447=DIRECTION('',(0.,0.,-1.));
#8448=DIRECTION('',(0.,0.,-1.));
#8449=DIRECTION('center_axis',(0.,1.,0.));
#8450=DIRECTION('ref_axis',(1.,0.,0.));
#8451=DIRECTION('',(1.,0.,0.));
#8452=DIRECTION('',(0.,0.,-1.));
#8453=DIRECTION('',(1.,0.,0.));
#8454=DIRECTION('center_axis',(1.,0.,0.));
#8455=DIRECTION('ref_axis',(0.,-1.,0.));
#8456=DIRECTION('',(0.,-1.,0.));
#8457=DIRECTION('',(0.,0.,-1.));
#8458=DIRECTION('',(0.,-1.,0.));
#8459=DIRECTION('center_axis',(0.,-1.,0.));
#8460=DIRECTION('ref_axis',(-1.,0.,0.));
#8461=DIRECTION('',(-1.,0.,0.));
#8462=DIRECTION('',(-1.,0.,0.));
#8463=DIRECTION('',(0.,0.,-1.));
#8464=DIRECTION('',(0.,0.,-1.));
#8465=DIRECTION('',(0.,0.,-1.));
#8466=DIRECTION('',(0.,0.,-1.));
#8467=DIRECTION('',(0.,0.,-1.));
#8468=DIRECTION('',(0.,0.,-1.));
#8469=DIRECTION('',(0.,0.,-1.));
#8470=DIRECTION('center_axis',(0.,1.,0.));
#8471=DIRECTION('ref_axis',(1.,0.,0.));
#8472=DIRECTION('',(1.,0.,0.));
#8473=DIRECTION('',(0.,0.,-1.));
#8474=DIRECTION('',(1.,0.,0.));
#8475=DIRECTION('center_axis',(1.,0.,0.));
#8476=DIRECTION('ref_axis',(0.,-1.,0.));
#8477=DIRECTION('',(0.,-1.,0.));
#8478=DIRECTION('',(0.,0.,-1.));
#8479=DIRECTION('',(0.,-1.,0.));
#8480=DIRECTION('center_axis',(0.,-1.,0.));
#8481=DIRECTION('ref_axis',(-1.,0.,0.));
#8482=DIRECTION('',(-1.,0.,0.));
#8483=DIRECTION('',(-1.,0.,0.));
#8484=DIRECTION('center_axis',(0.,-1.,0.));
#8485=DIRECTION('ref_axis',(-1.,0.,0.));
#8486=DIRECTION('',(-1.,0.,0.));
#8487=DIRECTION('',(0.,0.,-1.));
#8488=DIRECTION('',(-1.,0.,0.));
#8489=DIRECTION('',(0.,0.,-1.));
#8490=DIRECTION('',(0.,0.,-1.));
#8491=DIRECTION('',(0.,0.,-1.));
#8492=DIRECTION('',(0.,0.,-1.));
#8493=DIRECTION('',(0.,0.,-1.));
#8494=DIRECTION('',(0.,0.,-1.));
#8495=DIRECTION('',(0.,0.,-1.));
#8496=DIRECTION('',(0.,0.,-1.));
#8497=DIRECTION('',(0.,0.,-1.));
#8498=DIRECTION('',(0.,0.,-1.));
#8499=DIRECTION('',(0.,0.,-1.));
#8500=DIRECTION('',(0.,0.,-1.));
#8501=DIRECTION('',(0.,0.,-1.));
#8502=DIRECTION('center_axis',(0.,1.,0.));
#8503=DIRECTION('ref_axis',(1.,0.,0.));
#8504=DIRECTION('',(1.,0.,0.));
#8505=DIRECTION('',(0.,0.,-1.));
#8506=DIRECTION('',(1.,0.,0.));
#8507=DIRECTION('center_axis',(-1.,0.,0.));
#8508=DIRECTION('ref_axis',(0.,1.,0.));
#8509=DIRECTION('',(0.,1.,0.));
#8510=DIRECTION('',(0.,1.,0.));
#8511=DIRECTION('center_axis',(0.,0.,1.));
#8512=DIRECTION('ref_axis',(-1.,0.,0.));
#8513=DIRECTION('center_axis',(0.,0.,1.));
#8514=DIRECTION('ref_axis',(1.,0.,0.));
#8515=DIRECTION('center_axis',(0.,0.,1.));
#8516=DIRECTION('ref_axis',(1.,0.,0.));
#8517=DIRECTION('',(0.,0.,-1.));
#8518=DIRECTION('',(0.,0.,-1.));
#8519=DIRECTION('',(0.,0.,-1.));
#8520=DIRECTION('',(0.,0.,-1.));
#8521=DIRECTION('',(0.,0.,-1.));
#8522=DIRECTION('',(0.,0.,-1.));
#8523=DIRECTION('',(0.,0.,-1.));
#8524=DIRECTION('',(0.,0.,-1.));
#8525=DIRECTION('',(0.,0.,-1.));
#8526=DIRECTION('',(0.,0.,-1.));
#8527=DIRECTION('',(0.,0.,-1.));
#8528=DIRECTION('',(0.,0.,-1.));
#8529=DIRECTION('',(0.,0.,-1.));
#8530=DIRECTION('',(0.,0.,-1.));
#8531=DIRECTION('center_axis',(0.0438767175934352,-0.999036953096944,0.));
#8532=DIRECTION('ref_axis',(-0.999036953096944,-0.0438767175934352,0.));
#8533=DIRECTION('',(-0.999036953096944,-0.0438767175934352,0.));
#8534=DIRECTION('',(0.,0.,-1.));
#8535=DIRECTION('',(-0.999036953096944,-0.0438767175934352,0.));
#8536=DIRECTION('',(0.,0.,-1.));
#8537=DIRECTION('',(0.,0.,-1.));
#8538=DIRECTION('',(0.,0.,-1.));
#8539=DIRECTION('',(0.,0.,-1.));
#8540=DIRECTION('',(0.,0.,-1.));
#8541=DIRECTION('',(0.,0.,-1.));
#8542=DIRECTION('',(0.,0.,-1.));
#8543=DIRECTION('',(0.,0.,-1.));
#8544=DIRECTION('',(0.,0.,-1.));
#8545=DIRECTION('',(0.,0.,-1.));
#8546=DIRECTION('',(0.,0.,-1.));
#8547=DIRECTION('',(0.,0.,-1.));
#8548=DIRECTION('',(0.,0.,-1.));
#8549=DIRECTION('',(0.,0.,-1.));
#8550=DIRECTION('center_axis',(-0.0967657870902859,0.995307179944361,0.));
#8551=DIRECTION('ref_axis',(0.995307179944361,0.0967657870902859,0.));
#8552=DIRECTION('',(0.995307179944361,0.0967657870902859,0.));
#8553=DIRECTION('',(0.,0.,-1.));
#8554=DIRECTION('',(0.995307179944361,0.0967657870902859,0.));
#8555=DIRECTION('center_axis',(0.,0.,1.));
#8556=DIRECTION('ref_axis',(-1.,0.,0.));
#8557=DIRECTION('center_axis',(1.,0.,0.));
#8558=DIRECTION('ref_axis',(0.,-1.,0.));
#8559=DIRECTION('',(0.,-1.,0.));
#8560=DIRECTION('',(0.,0.,-1.));
#8561=DIRECTION('',(0.,-1.,0.));
#8562=DIRECTION('',(0.,0.,-1.));
#8563=DIRECTION('center_axis',(0.,1.,0.));
#8564=DIRECTION('ref_axis',(1.,0.,0.));
#8565=DIRECTION('',(1.,0.,0.));
#8566=DIRECTION('',(0.,0.,-1.));
#8567=DIRECTION('',(1.,0.,0.));
#8568=DIRECTION('center_axis',(1.,0.,0.));
#8569=DIRECTION('ref_axis',(0.,-1.,0.));
#8570=DIRECTION('',(0.,-1.,0.));
#8571=DIRECTION('',(0.,0.,-1.));
#8572=DIRECTION('',(0.,-1.,0.));
#8573=DIRECTION('center_axis',(0.,-1.,0.));
#8574=DIRECTION('ref_axis',(-1.,0.,0.));
#8575=DIRECTION('',(-1.,0.,0.));
#8576=DIRECTION('',(0.,0.,-1.));
#8577=DIRECTION('',(-1.,0.,0.));
#8578=DIRECTION('center_axis',(1.,0.,0.));
#8579=DIRECTION('ref_axis',(0.,-1.,0.));
#8580=DIRECTION('',(0.,-1.,0.));
#8581=DIRECTION('',(0.,0.,-1.));
#8582=DIRECTION('',(0.,-1.,0.));
#8583=DIRECTION('center_axis',(0.,1.,0.));
#8584=DIRECTION('ref_axis',(1.,0.,0.));
#8585=DIRECTION('',(1.,0.,0.));
#8586=DIRECTION('',(0.,0.,-1.));
#8587=DIRECTION('',(1.,0.,0.));
#8588=DIRECTION('center_axis',(1.,0.,0.));
#8589=DIRECTION('ref_axis',(0.,-1.,0.));
#8590=DIRECTION('',(0.,-1.,0.));
#8591=DIRECTION('',(0.,0.,-1.));
#8592=DIRECTION('',(0.,-1.,0.));
#8593=DIRECTION('center_axis',(0.,-1.,0.));
#8594=DIRECTION('ref_axis',(-1.,0.,0.));
#8595=DIRECTION('',(-1.,0.,0.));
#8596=DIRECTION('',(0.,0.,-1.));
#8597=DIRECTION('',(-1.,0.,0.));
#8598=DIRECTION('center_axis',(1.,0.,0.));
#8599=DIRECTION('ref_axis',(0.,-1.,0.));
#8600=DIRECTION('',(0.,-1.,0.));
#8601=DIRECTION('',(0.,0.,-1.));
#8602=DIRECTION('',(0.,-1.,0.));
#8603=DIRECTION('center_axis',(0.,1.,0.));
#8604=DIRECTION('ref_axis',(1.,0.,0.));
#8605=DIRECTION('',(1.,0.,0.));
#8606=DIRECTION('',(0.,0.,-1.));
#8607=DIRECTION('',(1.,0.,0.));
#8608=DIRECTION('center_axis',(-1.,0.,0.));
#8609=DIRECTION('ref_axis',(0.,1.,0.));
#8610=DIRECTION('',(0.,1.,0.));
#8611=DIRECTION('',(0.,0.,-1.));
#8612=DIRECTION('',(0.,1.,0.));
#8613=DIRECTION('center_axis',(0.,-1.,0.));
#8614=DIRECTION('ref_axis',(-1.,0.,0.));
#8615=DIRECTION('',(-1.,0.,0.));
#8616=DIRECTION('',(-1.,0.,0.));
#8617=DIRECTION('center_axis',(0.,0.,-1.));
#8618=DIRECTION('ref_axis',(-1.,0.,0.));
#8619=DIRECTION('center_axis',(1.,0.,0.));
#8620=DIRECTION('ref_axis',(0.,-1.,0.));
#8621=DIRECTION('',(0.,-1.,0.));
#8622=DIRECTION('',(0.,0.,-1.));
#8623=DIRECTION('',(0.,-1.,0.));
#8624=DIRECTION('',(0.,0.,-1.));
#8625=DIRECTION('center_axis',(-0.850587414224318,-0.52583367214661,0.));
#8626=DIRECTION('ref_axis',(-0.52583367214661,0.850587414224318,0.));
#8627=DIRECTION('',(-0.52583367214661,0.850587414224318,0.));
#8628=DIRECTION('',(0.,0.,-1.));
#8629=DIRECTION('',(-0.52583367214661,0.850587414224318,0.));
#8630=DIRECTION('center_axis',(0.,-1.,0.));
#8631=DIRECTION('ref_axis',(-1.,0.,0.));
#8632=DIRECTION('',(-1.,0.,0.));
#8633=DIRECTION('',(0.,0.,-1.));
#8634=DIRECTION('',(-1.,0.,0.));
#8635=DIRECTION('center_axis',(1.,0.,0.));
#8636=DIRECTION('ref_axis',(0.,-1.,0.));
#8637=DIRECTION('',(0.,-1.,0.));
#8638=DIRECTION('',(0.,0.,-1.));
#8639=DIRECTION('',(0.,-1.,0.));
#8640=DIRECTION('center_axis',(0.,1.,0.));
#8641=DIRECTION('ref_axis',(1.,0.,0.));
#8642=DIRECTION('',(1.,0.,0.));
#8643=DIRECTION('',(0.,0.,-1.));
#8644=DIRECTION('',(1.,0.,0.));
#8645=DIRECTION('center_axis',(-1.,0.,0.));
#8646=DIRECTION('ref_axis',(0.,1.,0.));
#8647=DIRECTION('',(0.,1.,0.));
#8648=DIRECTION('',(0.,0.,-1.));
#8649=DIRECTION('',(0.,1.,0.));
#8650=DIRECTION('center_axis',(0.85261381489626,0.522541560689718,0.));
#8651=DIRECTION('ref_axis',(0.522541560689718,-0.85261381489626,0.));
#8652=DIRECTION('',(0.522541560689718,-0.85261381489626,0.));
#8653=DIRECTION('',(0.,0.,-1.));
#8654=DIRECTION('',(0.522541560689718,-0.85261381489626,0.));
#8655=DIRECTION('center_axis',(0.,1.,0.));
#8656=DIRECTION('ref_axis',(1.,0.,0.));
#8657=DIRECTION('',(1.,0.,0.));
#8658=DIRECTION('',(0.,0.,-1.));
#8659=DIRECTION('',(1.,0.,0.));
#8660=DIRECTION('center_axis',(-1.,0.,0.));
#8661=DIRECTION('ref_axis',(0.,1.,0.));
#8662=DIRECTION('',(0.,1.,0.));
#8663=DIRECTION('',(0.,0.,-1.));
#8664=DIRECTION('',(0.,1.,0.));
#8665=DIRECTION('center_axis',(0.,-1.,0.));
#8666=DIRECTION('ref_axis',(-1.,0.,0.));
#8667=DIRECTION('',(-1.,0.,0.));
#8668=DIRECTION('',(-1.,0.,0.));
#8669=DIRECTION('center_axis',(0.,0.,-1.));
#8670=DIRECTION('ref_axis',(-1.,0.,0.));
#8671=DIRECTION('',(0.,0.,-1.));
#8672=DIRECTION('',(0.,0.,-1.));
#8673=DIRECTION('',(0.,0.,-1.));
#8674=DIRECTION('',(0.,0.,-1.));
#8675=DIRECTION('',(0.,0.,-1.));
#8676=DIRECTION('',(0.,0.,-1.));
#8677=DIRECTION('',(0.,0.,-1.));
#8678=DIRECTION('',(0.,0.,-1.));
#8679=DIRECTION('',(0.,0.,-1.));
#8680=DIRECTION('',(0.,0.,-1.));
#8681=DIRECTION('',(0.,0.,-1.));
#8682=DIRECTION('',(0.,0.,-1.));
#8683=DIRECTION('',(0.,0.,-1.));
#8684=DIRECTION('',(0.,0.,-1.));
#8685=DIRECTION('center_axis',(0.0438767014338686,-0.999036953806656,0.));
#8686=DIRECTION('ref_axis',(-0.999036953806656,-0.0438767014338686,0.));
#8687=DIRECTION('',(-0.999036953806656,-0.0438767014338686,0.));
#8688=DIRECTION('',(0.,0.,-1.));
#8689=DIRECTION('',(-0.999036953806656,-0.0438767014338686,0.));
#8690=DIRECTION('',(0.,0.,-1.));
#8691=DIRECTION('',(0.,0.,-1.));
#8692=DIRECTION('',(0.,0.,-1.));
#8693=DIRECTION('',(0.,0.,-1.));
#8694=DIRECTION('',(0.,0.,-1.));
#8695=DIRECTION('',(0.,0.,-1.));
#8696=DIRECTION('',(0.,0.,-1.));
#8697=DIRECTION('',(0.,0.,-1.));
#8698=DIRECTION('',(0.,0.,-1.));
#8699=DIRECTION('',(0.,0.,-1.));
#8700=DIRECTION('',(0.,0.,-1.));
#8701=DIRECTION('',(0.,0.,-1.));
#8702=DIRECTION('',(0.,0.,-1.));
#8703=DIRECTION('',(0.,0.,-1.));
#8704=DIRECTION('center_axis',(-0.096765841623235,0.995307174642556,0.));
#8705=DIRECTION('ref_axis',(0.995307174642556,0.096765841623235,0.));
#8706=DIRECTION('',(0.995307174642556,0.096765841623235,0.));
#8707=DIRECTION('',(0.,0.,-1.));
#8708=DIRECTION('',(0.995307174642556,0.096765841623235,0.));
#8709=DIRECTION('center_axis',(0.,0.,1.));
#8710=DIRECTION('ref_axis',(-1.,0.,0.));
#8711=DIRECTION('center_axis',(0.,0.,-1.));
#8712=DIRECTION('ref_axis',(-1.,0.,0.));
#8713=DIRECTION('center_axis',(0.,0.,-1.));
#8714=DIRECTION('ref_axis',(-1.,0.,0.));
#8715=DIRECTION('',(0.,0.,-1.));
#8716=DIRECTION('center_axis',(0.,0.,1.));
#8717=DIRECTION('ref_axis',(-1.,0.,0.));
#8718=DIRECTION('center_axis',(0.,0.,1.));
#8719=DIRECTION('ref_axis',(-0.707106781186548,0.707106781186548,0.));
#8720=DIRECTION('center_axis',(0.,0.,-1.));
#8721=DIRECTION('ref_axis',(-0.707106781186548,0.707106781186548,0.));
#8722=DIRECTION('',(0.,0.,-1.));
#8723=DIRECTION('center_axis',(0.,0.,1.));
#8724=DIRECTION('ref_axis',(-0.707106781186548,0.707106781186548,0.));
#8725=DIRECTION('',(0.,0.,1.));
#8726=DIRECTION('center_axis',(-1.,-7.16272919113004E-17,0.));
#8727=DIRECTION('ref_axis',(7.16272919113004E-17,-1.,0.));
#8728=DIRECTION('',(7.16272919113004E-17,-1.,0.));
#8729=DIRECTION('',(0.,0.,-1.));
#8730=DIRECTION('',(0.,-1.,0.));
#8731=DIRECTION('center_axis',(0.,0.,1.));
#8732=DIRECTION('ref_axis',(1.,0.,0.));
#8733=DIRECTION('',(-1.,0.,0.));
#8734=DIRECTION('center_axis',(0.,0.,1.));
#8735=DIRECTION('ref_axis',(0.707106781186548,0.707106781186548,0.));
#8736=DIRECTION('',(0.,1.,0.));
#8737=DIRECTION('center_axis',(0.,0.,1.));
#8738=DIRECTION('ref_axis',(0.707106781186548,-0.707106781186548,0.));
#8739=DIRECTION('',(1.,0.,0.));
#8740=DIRECTION('',(0.,-1.,0.));
#8741=DIRECTION('',(1.,0.,0.));
#8742=DIRECTION('',(0.,1.,0.));
#8743=DIRECTION('',(-1.,0.,0.));
#8744=DIRECTION('',(0.,-1.,0.));
#8745=DIRECTION('',(1.,0.,0.));
#8746=DIRECTION('',(0.,1.,0.));
#8747=DIRECTION('',(-1.,0.,0.));
#8748=DIRECTION('',(0.,-1.,0.));
#8749=DIRECTION('',(1.,0.,0.));
#8750=DIRECTION('',(0.,1.,0.));
#8751=DIRECTION('',(-1.,0.,0.));
#8752=DIRECTION('',(0.,-1.,0.));
#8753=DIRECTION('',(1.,0.,0.));
#8754=DIRECTION('',(0.,1.,0.));
#8755=DIRECTION('',(1.,0.,0.));
#8756=DIRECTION('center_axis',(0.,0.,1.));
#8757=DIRECTION('ref_axis',(-0.707106781186548,-0.707106781186548,0.));
#8758=DIRECTION('center_axis',(0.,0.,1.));
#8759=DIRECTION('ref_axis',(0.707106781186548,0.707106781186548,0.));
#8760=DIRECTION('center_axis',(0.,0.,-1.));
#8761=DIRECTION('ref_axis',(0.707106781186548,0.707106781186548,0.));
#8762=DIRECTION('',(0.,0.,-1.));
#8763=DIRECTION('',(0.,0.,1.));
#8764=DIRECTION('center_axis',(1.,0.,0.));
#8765=DIRECTION('ref_axis',(0.,1.,0.));
#8766=DIRECTION('',(0.,1.,0.));
#8767=DIRECTION('',(0.,0.,1.));
#8768=DIRECTION('center_axis',(0.,0.,1.));
#8769=DIRECTION('ref_axis',(0.707106781186548,-0.707106781186548,0.));
#8770=DIRECTION('center_axis',(0.,0.,-1.));
#8771=DIRECTION('ref_axis',(0.707106781186548,-0.707106781186548,0.));
#8772=DIRECTION('',(0.,0.,-1.));
#8773=DIRECTION('center_axis',(0.,0.,1.));
#8774=DIRECTION('ref_axis',(-0.707106781186548,-0.707106781186548,0.));
#8775=DIRECTION('center_axis',(0.,0.,-1.));
#8776=DIRECTION('ref_axis',(-0.707106781186548,-0.707106781186548,0.));
#8777=DIRECTION('',(0.,0.,1.));
#8778=DIRECTION('center_axis',(0.,0.,1.));
#8779=DIRECTION('ref_axis',(1.,0.,0.));
#8780=DIRECTION('',(1.,0.,0.));
#8781=DIRECTION('',(-1.,1.20024110770287E-16,0.));
#8782=DIRECTION('center_axis',(0.,-1.,0.));
#8783=DIRECTION('ref_axis',(1.,0.,0.));
#8784=DIRECTION('',(0.,0.,1.));
#8785=DIRECTION('',(1.,0.,0.));
#8786=DIRECTION('',(0.,0.,1.));
#8787=DIRECTION('center_axis',(1.,0.,0.));
#8788=DIRECTION('ref_axis',(0.,1.,0.));
#8789=DIRECTION('',(0.,1.,0.));
#8790=DIRECTION('',(0.,1.,0.));
#8791=DIRECTION('',(0.,0.,1.));
#8792=DIRECTION('center_axis',(-1.,0.,0.));
#8793=DIRECTION('ref_axis',(0.,-1.,0.));
#8794=DIRECTION('',(0.,0.,1.));
#8795=DIRECTION('',(0.,-1.,0.));
#8796=DIRECTION('center_axis',(0.,1.,0.));
#8797=DIRECTION('ref_axis',(-1.,0.,0.));
#8798=DIRECTION('',(0.,0.,1.));
#8799=DIRECTION('',(-1.,0.,0.));
#8800=DIRECTION('center_axis',(1.,0.,0.));
#8801=DIRECTION('ref_axis',(0.,1.,0.));
#8802=DIRECTION('',(0.,0.,1.));
#8803=DIRECTION('',(0.,1.,0.));
#8804=DIRECTION('center_axis',(0.,-1.,0.));
#8805=DIRECTION('ref_axis',(1.,0.,0.));
#8806=DIRECTION('',(2.1984614349013E-16,0.,-1.));
#8807=DIRECTION('',(1.,0.,0.));
#8808=DIRECTION('center_axis',(0.,0.,1.));
#8809=DIRECTION('ref_axis',(1.,0.,0.));
#8810=DIRECTION('',(0.,-1.,0.));
#8811=DIRECTION('',(-1.,0.,0.));
#8812=DIRECTION('',(0.,-1.,0.));
#8813=DIRECTION('',(1.,0.,0.));
#8814=DIRECTION('',(-7.16272919113004E-17,1.,0.));
#8815=DIRECTION('',(-1.,0.,0.));
#8816=DIRECTION('center_axis',(-1.,-7.16272919113004E-17,0.));
#8817=DIRECTION('ref_axis',(7.16272919113004E-17,-1.,0.));
#8818=DIRECTION('',(0.,0.,1.));
#8819=DIRECTION('',(-7.16272919113004E-17,1.,0.));
#8820=DIRECTION('',(0.,0.,1.));
#8821=DIRECTION('center_axis',(0.,-1.,0.));
#8822=DIRECTION('ref_axis',(1.,0.,0.));
#8823=DIRECTION('',(-1.,0.,0.));
#8824=DIRECTION('',(0.,0.,1.));
#8825=DIRECTION('',(-2.1984614349013E-16,0.,1.));
#8826=DIRECTION('center_axis',(0.,-1.,0.));
#8827=DIRECTION('ref_axis',(1.,0.,0.));
#8828=DIRECTION('',(-1.,0.,0.));
#8829=DIRECTION('center_axis',(0.,-1.,0.));
#8830=DIRECTION('ref_axis',(-7.40148683083438E-16,0.,1.));
#8831=DIRECTION('center_axis',(0.,1.,0.));
#8832=DIRECTION('ref_axis',(-1.,0.,0.));
#8833=DIRECTION('',(0.,0.,1.));
#8834=DIRECTION('',(1.,0.,0.));
#8835=DIRECTION('center_axis',(-1.,0.,0.));
#8836=DIRECTION('ref_axis',(0.,-1.,0.));
#8837=DIRECTION('',(0.,0.,1.));
#8838=DIRECTION('',(0.,-1.,0.));
#8839=DIRECTION('',(0.,0.,-1.));
#8840=DIRECTION('center_axis',(0.,-1.,0.));
#8841=DIRECTION('ref_axis',(1.,0.,0.));
#8842=DIRECTION('',(1.,0.,0.));
#8843=DIRECTION('',(0.,0.,1.));
#8844=DIRECTION('',(2.1984614349013E-16,0.,-1.));
#8845=DIRECTION('center_axis',(0.,1.,0.));
#8846=DIRECTION('ref_axis',(1.,0.,0.));
#8847=DIRECTION('',(1.,0.,0.));
#8848=DIRECTION('center_axis',(0.,1.,0.));
#8849=DIRECTION('ref_axis',(-7.40148683083438E-16,0.,1.));
#8850=DIRECTION('center_axis',(0.,1.,0.));
#8851=DIRECTION('ref_axis',(-1.,0.,0.));
#8852=DIRECTION('center_axis',(0.,-1.,0.));
#8853=DIRECTION('ref_axis',(-7.40148683083438E-16,0.,1.));
#8854=DIRECTION('',(-1.,0.,0.));
#8855=DIRECTION('center_axis',(0.,-1.,0.));
#8856=DIRECTION('ref_axis',(1.,0.,0.));
#8857=DIRECTION('',(-2.1984614349013E-16,0.,1.));
#8858=DIRECTION('',(0.,0.,1.));
#8859=DIRECTION('',(-1.,0.,0.));
#8860=DIRECTION('center_axis',(1.,0.,0.));
#8861=DIRECTION('ref_axis',(0.,1.,0.));
#8862=DIRECTION('',(0.,1.,0.));
#8863=DIRECTION('center_axis',(0.,0.,1.));
#8864=DIRECTION('ref_axis',(1.,0.,0.));
#8865=DIRECTION('center_axis',(0.,1.,0.));
#8866=DIRECTION('ref_axis',(-7.40148683083438E-16,0.,1.));
#8867=DIRECTION('',(0.,1.,0.));
#8868=DIRECTION('center_axis',(0.,1.,0.));
#8869=DIRECTION('ref_axis',(-7.40148683083438E-16,0.,1.));
#8870=DIRECTION('center_axis',(0.,1.,0.));
#8871=DIRECTION('ref_axis',(-7.40148683083438E-16,0.,1.));
#8872=DIRECTION('',(0.,1.,0.));
#8873=DIRECTION('center_axis',(1.,0.,2.1984614349013E-16));
#8874=DIRECTION('ref_axis',(2.1984614349013E-16,0.,-1.));
#8875=DIRECTION('',(2.1984614349013E-16,0.,-1.));
#8876=DIRECTION('',(0.,1.,0.));
#8877=DIRECTION('center_axis',(0.,0.,1.));
#8878=DIRECTION('ref_axis',(1.,0.,0.));
#8879=DIRECTION('',(0.,1.,0.));
#8880=DIRECTION('',(1.,0.,0.));
#8881=DIRECTION('center_axis',(0.,0.,1.));
#8882=DIRECTION('ref_axis',(1.,0.,0.));
#8883=DIRECTION('',(0.,1.,0.));
#8884=DIRECTION('center_axis',(0.,1.,0.));
#8885=DIRECTION('ref_axis',(1.,0.,0.));
#8886=DIRECTION('center_axis',(0.,1.,0.));
#8887=DIRECTION('ref_axis',(1.,0.,0.));
#8888=DIRECTION('center_axis',(0.,0.,1.));
#8889=DIRECTION('ref_axis',(-1.,0.,0.));
#8890=DIRECTION('',(0.,-1.,0.));
#8891=DIRECTION('center_axis',(0.,1.,0.));
#8892=DIRECTION('ref_axis',(1.,0.,0.));
#8893=DIRECTION('',(0.,1.,0.));
#8894=DIRECTION('center_axis',(1.,0.,0.));
#8895=DIRECTION('ref_axis',(0.,1.,0.));
#8896=DIRECTION('center_axis',(1.,0.,2.1984614349013E-16));
#8897=DIRECTION('ref_axis',(2.1984614349013E-16,0.,-1.));
#8898=DIRECTION('center_axis',(0.,-1.,0.));
#8899=DIRECTION('ref_axis',(1.,0.,0.));
#8900=DIRECTION('center_axis',(0.,1.,0.));
#8901=DIRECTION('ref_axis',(-1.,0.,0.));
#8902=DIRECTION('center_axis',(1.,0.,0.));
#8903=DIRECTION('ref_axis',(0.,-1.,0.));
#8904=DIRECTION('',(0.,-1.,0.));
#8905=DIRECTION('',(0.,0.,-1.));
#8906=DIRECTION('',(0.,-1.,0.));
#8907=DIRECTION('',(0.,0.,-1.));
#8908=DIRECTION('center_axis',(-0.850587414224318,-0.52583367214661,0.));
#8909=DIRECTION('ref_axis',(-0.52583367214661,0.850587414224318,0.));
#8910=DIRECTION('',(-0.52583367214661,0.850587414224318,0.));
#8911=DIRECTION('',(-0.52583367214661,0.850587414224318,0.));
#8912=DIRECTION('',(0.,0.,-1.));
#8913=DIRECTION('center_axis',(0.,-1.,0.));
#8914=DIRECTION('ref_axis',(-1.,0.,0.));
#8915=DIRECTION('',(-1.,0.,0.));
#8916=DIRECTION('',(-1.,0.,0.));
#8917=DIRECTION('',(0.,0.,-1.));
#8918=DIRECTION('center_axis',(1.,0.,0.));
#8919=DIRECTION('ref_axis',(0.,-1.,0.));
#8920=DIRECTION('',(0.,-1.,0.));
#8921=DIRECTION('',(0.,-1.,0.));
#8922=DIRECTION('',(0.,0.,-1.));
#8923=DIRECTION('center_axis',(0.,1.,0.));
#8924=DIRECTION('ref_axis',(1.,0.,0.));
#8925=DIRECTION('',(1.,0.,0.));
#8926=DIRECTION('',(1.,0.,0.));
#8927=DIRECTION('',(0.,0.,-1.));
#8928=DIRECTION('center_axis',(-1.,0.,0.));
#8929=DIRECTION('ref_axis',(0.,1.,0.));
#8930=DIRECTION('',(0.,1.,0.));
#8931=DIRECTION('',(0.,1.,0.));
#8932=DIRECTION('',(0.,0.,-1.));
#8933=DIRECTION('center_axis',(0.85261381489626,0.522541560689718,0.));
#8934=DIRECTION('ref_axis',(0.522541560689718,-0.85261381489626,0.));
#8935=DIRECTION('',(0.522541560689718,-0.85261381489626,0.));
#8936=DIRECTION('',(0.522541560689718,-0.85261381489626,0.));
#8937=DIRECTION('',(0.,0.,-1.));
#8938=DIRECTION('center_axis',(0.,1.,0.));
#8939=DIRECTION('ref_axis',(1.,0.,0.));
#8940=DIRECTION('',(1.,0.,0.));
#8941=DIRECTION('',(1.,0.,0.));
#8942=DIRECTION('',(0.,0.,-1.));
#8943=DIRECTION('center_axis',(-1.,0.,0.));
#8944=DIRECTION('ref_axis',(0.,1.,0.));
#8945=DIRECTION('',(0.,1.,0.));
#8946=DIRECTION('',(0.,1.,0.));
#8947=DIRECTION('',(0.,0.,-1.));
#8948=DIRECTION('center_axis',(0.,-1.,0.));
#8949=DIRECTION('ref_axis',(-1.,0.,0.));
#8950=DIRECTION('',(-1.,0.,0.));
#8951=DIRECTION('',(-1.,0.,0.));
#8952=DIRECTION('center_axis',(0.,0.,1.));
#8953=DIRECTION('ref_axis',(-1.,0.,0.));
#8954=DIRECTION('center_axis',(0.,0.,-1.));
#8955=DIRECTION('ref_axis',(-1.,0.,0.));
#8956=DIRECTION('',(0.,0.,-1.));
#8957=DIRECTION('',(0.,0.,-1.));
#8958=DIRECTION('',(0.,0.,-1.));
#8959=DIRECTION('',(0.,0.,-1.));
#8960=DIRECTION('',(0.,0.,-1.));
#8961=DIRECTION('',(0.,0.,-1.));
#8962=DIRECTION('',(0.,0.,-1.));
#8963=DIRECTION('',(0.,0.,-1.));
#8964=DIRECTION('',(0.,0.,-1.));
#8965=DIRECTION('',(0.,0.,-1.));
#8966=DIRECTION('',(0.,0.,-1.));
#8967=DIRECTION('',(0.,0.,-1.));
#8968=DIRECTION('',(0.,0.,-1.));
#8969=DIRECTION('',(0.,0.,-1.));
#8970=DIRECTION('center_axis',(0.0438767175934352,-0.999036953096944,0.));
#8971=DIRECTION('ref_axis',(-0.999036953096944,-0.0438767175934352,0.));
#8972=DIRECTION('',(-0.999036953096944,-0.0438767175934352,0.));
#8973=DIRECTION('',(-0.999036953096944,-0.0438767175934352,0.));
#8974=DIRECTION('',(0.,0.,-1.));
#8975=DIRECTION('',(0.,0.,-1.));
#8976=DIRECTION('',(0.,0.,-1.));
#8977=DIRECTION('',(0.,0.,-1.));
#8978=DIRECTION('',(0.,0.,-1.));
#8979=DIRECTION('',(0.,0.,-1.));
#8980=DIRECTION('',(0.,0.,-1.));
#8981=DIRECTION('',(0.,0.,-1.));
#8982=DIRECTION('',(0.,0.,-1.));
#8983=DIRECTION('',(0.,0.,-1.));
#8984=DIRECTION('',(0.,0.,-1.));
#8985=DIRECTION('',(0.,0.,-1.));
#8986=DIRECTION('',(0.,0.,-1.));
#8987=DIRECTION('',(0.,0.,-1.));
#8988=DIRECTION('',(0.,0.,-1.));
#8989=DIRECTION('center_axis',(-0.0967657870902859,0.995307179944361,0.));
#8990=DIRECTION('ref_axis',(0.995307179944361,0.0967657870902859,0.));
#8991=DIRECTION('',(0.995307179944361,0.0967657870902859,0.));
#8992=DIRECTION('',(0.995307179944361,0.0967657870902859,0.));
#8993=DIRECTION('',(0.,0.,-1.));
#8994=DIRECTION('center_axis',(0.,0.,1.));
#8995=DIRECTION('ref_axis',(-1.,0.,0.));
#8996=DIRECTION('center_axis',(0.,0.,1.));
#8997=DIRECTION('ref_axis',(-1.,0.,0.));
#8998=DIRECTION('',(0.,0.,-1.));
#8999=DIRECTION('',(0.,0.,-1.));
#9000=DIRECTION('',(0.,0.,-1.));
#9001=DIRECTION('',(0.,0.,-1.));
#9002=DIRECTION('',(0.,0.,-1.));
#9003=DIRECTION('',(0.,0.,-1.));
#9004=DIRECTION('',(0.,0.,-1.));
#9005=DIRECTION('center_axis',(0.,1.,0.));
#9006=DIRECTION('ref_axis',(1.,0.,0.));
#9007=DIRECTION('',(1.,0.,0.));
#9008=DIRECTION('',(1.,0.,0.));
#9009=DIRECTION('',(0.,0.,-1.));
#9010=DIRECTION('center_axis',(1.,0.,0.));
#9011=DIRECTION('ref_axis',(0.,-1.,0.));
#9012=DIRECTION('',(0.,-1.,0.));
#9013=DIRECTION('',(0.,-1.,0.));
#9014=DIRECTION('',(0.,0.,-1.));
#9015=DIRECTION('center_axis',(0.,-1.,0.));
#9016=DIRECTION('ref_axis',(-1.,0.,0.));
#9017=DIRECTION('',(-1.,0.,0.));
#9018=DIRECTION('',(-1.,0.,0.));
#9019=DIRECTION('',(0.,0.,-1.));
#9020=DIRECTION('',(0.,0.,-1.));
#9021=DIRECTION('',(0.,0.,-1.));
#9022=DIRECTION('',(0.,0.,-1.));
#9023=DIRECTION('',(0.,0.,-1.));
#9024=DIRECTION('',(0.,0.,-1.));
#9025=DIRECTION('',(0.,0.,-1.));
#9026=DIRECTION('center_axis',(0.,1.,0.));
#9027=DIRECTION('ref_axis',(1.,0.,0.));
#9028=DIRECTION('',(1.,0.,0.));
#9029=DIRECTION('',(1.,0.,0.));
#9030=DIRECTION('',(0.,0.,-1.));
#9031=DIRECTION('center_axis',(1.,0.,0.));
#9032=DIRECTION('ref_axis',(0.,-1.,0.));
#9033=DIRECTION('',(0.,-1.,0.));
#9034=DIRECTION('',(0.,-1.,0.));
#9035=DIRECTION('',(0.,0.,-1.));
#9036=DIRECTION('center_axis',(0.,-1.,0.));
#9037=DIRECTION('ref_axis',(-1.,0.,0.));
#9038=DIRECTION('',(-1.,0.,0.));
#9039=DIRECTION('',(-1.,0.,0.));
#9040=DIRECTION('center_axis',(0.,-1.,0.));
#9041=DIRECTION('ref_axis',(-1.,0.,0.));
#9042=DIRECTION('',(-1.,0.,0.));
#9043=DIRECTION('',(0.,0.,-1.));
#9044=DIRECTION('',(-1.,0.,0.));
#9045=DIRECTION('',(0.,0.,-1.));
#9046=DIRECTION('',(0.,0.,-1.));
#9047=DIRECTION('',(0.,0.,-1.));
#9048=DIRECTION('',(0.,0.,-1.));
#9049=DIRECTION('',(0.,0.,-1.));
#9050=DIRECTION('',(0.,0.,-1.));
#9051=DIRECTION('',(0.,0.,-1.));
#9052=DIRECTION('',(0.,0.,-1.));
#9053=DIRECTION('',(0.,0.,-1.));
#9054=DIRECTION('',(0.,0.,-1.));
#9055=DIRECTION('',(0.,0.,-1.));
#9056=DIRECTION('',(0.,0.,-1.));
#9057=DIRECTION('',(0.,0.,-1.));
#9058=DIRECTION('center_axis',(0.,1.,0.));
#9059=DIRECTION('ref_axis',(1.,0.,0.));
#9060=DIRECTION('',(1.,0.,0.));
#9061=DIRECTION('',(1.,0.,0.));
#9062=DIRECTION('',(0.,0.,-1.));
#9063=DIRECTION('center_axis',(-1.,0.,0.));
#9064=DIRECTION('ref_axis',(0.,1.,0.));
#9065=DIRECTION('',(0.,1.,0.));
#9066=DIRECTION('',(0.,1.,0.));
#9067=DIRECTION('center_axis',(0.,0.,1.));
#9068=DIRECTION('ref_axis',(-1.,0.,0.));
#9069=DIRECTION('center_axis',(0.,0.,1.));
#9070=DIRECTION('ref_axis',(-1.,0.,0.));
#9071=DIRECTION('center_axis',(1.,0.,0.));
#9072=DIRECTION('ref_axis',(0.,-1.,0.));
#9073=DIRECTION('',(0.,-1.,0.));
#9074=DIRECTION('',(0.,0.,-1.));
#9075=DIRECTION('',(0.,-1.,0.));
#9076=DIRECTION('',(0.,0.,-1.));
#9077=DIRECTION('center_axis',(0.,1.,0.));
#9078=DIRECTION('ref_axis',(1.,0.,0.));
#9079=DIRECTION('',(1.,0.,0.));
#9080=DIRECTION('',(1.,0.,0.));
#9081=DIRECTION('',(0.,0.,-1.));
#9082=DIRECTION('center_axis',(1.,0.,0.));
#9083=DIRECTION('ref_axis',(0.,-1.,0.));
#9084=DIRECTION('',(0.,-1.,0.));
#9085=DIRECTION('',(0.,-1.,0.));
#9086=DIRECTION('',(0.,0.,-1.));
#9087=DIRECTION('center_axis',(0.,1.,0.));
#9088=DIRECTION('ref_axis',(1.,0.,0.));
#9089=DIRECTION('',(1.,0.,0.));
#9090=DIRECTION('',(1.,0.,0.));
#9091=DIRECTION('',(0.,0.,-1.));
#9092=DIRECTION('center_axis',(-1.,0.,0.));
#9093=DIRECTION('ref_axis',(0.,1.,0.));
#9094=DIRECTION('',(0.,1.,0.));
#9095=DIRECTION('',(0.,1.,0.));
#9096=DIRECTION('',(0.,0.,-1.));
#9097=DIRECTION('center_axis',(0.,-1.,0.));
#9098=DIRECTION('ref_axis',(-1.,0.,0.));
#9099=DIRECTION('',(-1.,0.,0.));
#9100=DIRECTION('',(-1.,0.,0.));
#9101=DIRECTION('center_axis',(0.,0.,1.));
#9102=DIRECTION('ref_axis',(-1.,0.,0.));
#9103=DIRECTION('center_axis',(0.,0.,-1.));
#9104=DIRECTION('ref_axis',(-1.,0.,0.));
#9105=DIRECTION('center_axis',(1.,0.,0.));
#9106=DIRECTION('ref_axis',(0.,-1.,0.));
#9107=DIRECTION('',(0.,-1.,0.));
#9108=DIRECTION('',(0.,0.,-1.));
#9109=DIRECTION('',(0.,-1.,0.));
#9110=DIRECTION('',(0.,0.,-1.));
#9111=DIRECTION('center_axis',(0.,-1.,0.));
#9112=DIRECTION('ref_axis',(-1.,0.,0.));
#9113=DIRECTION('',(-1.,0.,0.));
#9114=DIRECTION('',(-1.,0.,0.));
#9115=DIRECTION('',(0.,0.,-1.));
#9116=DIRECTION('center_axis',(1.,0.,0.));
#9117=DIRECTION('ref_axis',(0.,-1.,0.));
#9118=DIRECTION('',(0.,-1.,0.));
#9119=DIRECTION('',(0.,-1.,0.));
#9120=DIRECTION('',(0.,0.,-1.));
#9121=DIRECTION('center_axis',(0.,1.,0.));
#9122=DIRECTION('ref_axis',(1.,0.,0.));
#9123=DIRECTION('',(1.,0.,0.));
#9124=DIRECTION('',(1.,0.,0.));
#9125=DIRECTION('',(0.,0.,-1.));
#9126=DIRECTION('center_axis',(-1.,0.,0.));
#9127=DIRECTION('ref_axis',(0.,1.,0.));
#9128=DIRECTION('',(0.,1.,0.));
#9129=DIRECTION('',(0.,1.,0.));
#9130=DIRECTION('',(0.,0.,-1.));
#9131=DIRECTION('center_axis',(0.,-1.,0.));
#9132=DIRECTION('ref_axis',(-1.,0.,0.));
#9133=DIRECTION('',(-1.,0.,0.));
#9134=DIRECTION('',(-1.,0.,0.));
#9135=DIRECTION('',(0.,0.,-1.));
#9136=DIRECTION('center_axis',(-1.,0.,0.));
#9137=DIRECTION('ref_axis',(0.,1.,0.));
#9138=DIRECTION('',(0.,1.,0.));
#9139=DIRECTION('',(0.,1.,0.));
#9140=DIRECTION('',(0.,0.,-1.));
#9141=DIRECTION('center_axis',(0.,-1.,0.));
#9142=DIRECTION('ref_axis',(-1.,0.,0.));
#9143=DIRECTION('',(-1.,0.,0.));
#9144=DIRECTION('',(-1.,0.,0.));
#9145=DIRECTION('center_axis',(0.,0.,1.));
#9146=DIRECTION('ref_axis',(-1.,0.,0.));
#9147=DIRECTION('center_axis',(0.,0.,-1.));
#9148=DIRECTION('ref_axis',(-1.,0.,0.));
#9149=DIRECTION('center_axis',(1.,0.,0.));
#9150=DIRECTION('ref_axis',(0.,-1.,0.));
#9151=DIRECTION('',(0.,-1.,0.));
#9152=DIRECTION('',(0.,0.,-1.));
#9153=DIRECTION('',(0.,-1.,0.));
#9154=DIRECTION('',(0.,0.,-1.));
#9155=DIRECTION('center_axis',(0.,1.,0.));
#9156=DIRECTION('ref_axis',(1.,0.,0.));
#9157=DIRECTION('',(1.,0.,0.));
#9158=DIRECTION('',(1.,0.,0.));
#9159=DIRECTION('',(0.,0.,-1.));
#9160=DIRECTION('center_axis',(1.,0.,0.));
#9161=DIRECTION('ref_axis',(0.,-1.,0.));
#9162=DIRECTION('',(0.,-1.,0.));
#9163=DIRECTION('',(0.,-1.,0.));
#9164=DIRECTION('',(0.,0.,-1.));
#9165=DIRECTION('center_axis',(0.,-1.,0.));
#9166=DIRECTION('ref_axis',(-1.,0.,0.));
#9167=DIRECTION('',(-1.,0.,0.));
#9168=DIRECTION('',(-1.,0.,0.));
#9169=DIRECTION('',(0.,0.,-1.));
#9170=DIRECTION('center_axis',(1.,0.,0.));
#9171=DIRECTION('ref_axis',(0.,-1.,0.));
#9172=DIRECTION('',(0.,-1.,0.));
#9173=DIRECTION('',(0.,-1.,0.));
#9174=DIRECTION('',(0.,0.,-1.));
#9175=DIRECTION('center_axis',(0.,1.,0.));
#9176=DIRECTION('ref_axis',(1.,0.,0.));
#9177=DIRECTION('',(1.,0.,0.));
#9178=DIRECTION('',(1.,0.,0.));
#9179=DIRECTION('',(0.,0.,-1.));
#9180=DIRECTION('center_axis',(1.,0.,0.));
#9181=DIRECTION('ref_axis',(0.,-1.,0.));
#9182=DIRECTION('',(0.,-1.,0.));
#9183=DIRECTION('',(0.,-1.,0.));
#9184=DIRECTION('',(0.,0.,-1.));
#9185=DIRECTION('center_axis',(0.,-1.,0.));
#9186=DIRECTION('ref_axis',(-1.,0.,0.));
#9187=DIRECTION('',(-1.,0.,0.));
#9188=DIRECTION('',(-1.,0.,0.));
#9189=DIRECTION('',(0.,0.,-1.));
#9190=DIRECTION('center_axis',(1.,0.,0.));
#9191=DIRECTION('ref_axis',(0.,-1.,0.));
#9192=DIRECTION('',(0.,-1.,0.));
#9193=DIRECTION('',(0.,-1.,0.));
#9194=DIRECTION('',(0.,0.,-1.));
#9195=DIRECTION('center_axis',(0.,1.,0.));
#9196=DIRECTION('ref_axis',(1.,0.,0.));
#9197=DIRECTION('',(1.,0.,0.));
#9198=DIRECTION('',(1.,0.,0.));
#9199=DIRECTION('',(0.,0.,-1.));
#9200=DIRECTION('center_axis',(-1.,0.,0.));
#9201=DIRECTION('ref_axis',(0.,1.,0.));
#9202=DIRECTION('',(0.,1.,0.));
#9203=DIRECTION('',(0.,1.,0.));
#9204=DIRECTION('',(0.,0.,-1.));
#9205=DIRECTION('center_axis',(0.,-1.,0.));
#9206=DIRECTION('ref_axis',(-1.,0.,0.));
#9207=DIRECTION('',(-1.,0.,0.));
#9208=DIRECTION('',(-1.,0.,0.));
#9209=DIRECTION('center_axis',(0.,0.,1.));
#9210=DIRECTION('ref_axis',(-1.,0.,0.));
#9211=DIRECTION('center_axis',(0.,0.,-1.));
#9212=DIRECTION('ref_axis',(-1.,0.,0.));
#9213=DIRECTION('center_axis',(1.,0.,0.));
#9214=DIRECTION('ref_axis',(0.,-1.,0.));
#9215=DIRECTION('',(0.,-1.,0.));
#9216=DIRECTION('',(0.,0.,-1.));
#9217=DIRECTION('',(0.,-1.,0.));
#9218=DIRECTION('',(0.,0.,-1.));
#9219=DIRECTION('center_axis',(0.,1.,0.));
#9220=DIRECTION('ref_axis',(1.,0.,0.));
#9221=DIRECTION('',(1.,0.,0.));
#9222=DIRECTION('',(1.,0.,0.));
#9223=DIRECTION('',(0.,0.,-1.));
#9224=DIRECTION('center_axis',(1.,0.,0.));
#9225=DIRECTION('ref_axis',(0.,-1.,0.));
#9226=DIRECTION('',(0.,-1.,0.));
#9227=DIRECTION('',(0.,-1.,0.));
#9228=DIRECTION('',(0.,0.,-1.));
#9229=DIRECTION('center_axis',(0.,-1.,0.));
#9230=DIRECTION('ref_axis',(-1.,0.,0.));
#9231=DIRECTION('',(-1.,0.,0.));
#9232=DIRECTION('',(-1.,0.,0.));
#9233=DIRECTION('',(0.,0.,-1.));
#9234=DIRECTION('center_axis',(1.,0.,0.));
#9235=DIRECTION('ref_axis',(0.,-1.,0.));
#9236=DIRECTION('',(0.,-1.,0.));
#9237=DIRECTION('',(0.,-1.,0.));
#9238=DIRECTION('',(0.,0.,-1.));
#9239=DIRECTION('center_axis',(0.,1.,0.));
#9240=DIRECTION('ref_axis',(1.,0.,0.));
#9241=DIRECTION('',(1.,0.,0.));
#9242=DIRECTION('',(1.,0.,0.));
#9243=DIRECTION('',(0.,0.,-1.));
#9244=DIRECTION('center_axis',(1.,0.,0.));
#9245=DIRECTION('ref_axis',(0.,-1.,0.));
#9246=DIRECTION('',(0.,-1.,0.));
#9247=DIRECTION('',(0.,-1.,0.));
#9248=DIRECTION('',(0.,0.,-1.));
#9249=DIRECTION('center_axis',(0.,-1.,0.));
#9250=DIRECTION('ref_axis',(-1.,0.,0.));
#9251=DIRECTION('',(-1.,0.,0.));
#9252=DIRECTION('',(-1.,0.,0.));
#9253=DIRECTION('',(0.,0.,-1.));
#9254=DIRECTION('center_axis',(1.,0.,0.));
#9255=DIRECTION('ref_axis',(0.,-1.,0.));
#9256=DIRECTION('',(0.,-1.,0.));
#9257=DIRECTION('',(0.,-1.,0.));
#9258=DIRECTION('',(0.,0.,-1.));
#9259=DIRECTION('center_axis',(0.,1.,0.));
#9260=DIRECTION('ref_axis',(1.,0.,0.));
#9261=DIRECTION('',(1.,0.,0.));
#9262=DIRECTION('',(1.,0.,0.));
#9263=DIRECTION('',(0.,0.,-1.));
#9264=DIRECTION('center_axis',(-1.,0.,0.));
#9265=DIRECTION('ref_axis',(0.,1.,0.));
#9266=DIRECTION('',(0.,1.,0.));
#9267=DIRECTION('',(0.,1.,0.));
#9268=DIRECTION('',(0.,0.,-1.));
#9269=DIRECTION('center_axis',(0.,-1.,0.));
#9270=DIRECTION('ref_axis',(-1.,0.,0.));
#9271=DIRECTION('',(-1.,0.,0.));
#9272=DIRECTION('',(-1.,0.,0.));
#9273=DIRECTION('center_axis',(0.,0.,1.));
#9274=DIRECTION('ref_axis',(-1.,0.,0.));
#9275=DIRECTION('center_axis',(0.,0.,-1.));
#9276=DIRECTION('ref_axis',(-1.,0.,0.));
#9277=DIRECTION('',(0.,0.,-1.));
#9278=DIRECTION('',(0.,0.,-1.));
#9279=DIRECTION('',(0.,0.,-1.));
#9280=DIRECTION('',(0.,0.,-1.));
#9281=DIRECTION('',(0.,0.,-1.));
#9282=DIRECTION('',(0.,0.,-1.));
#9283=DIRECTION('',(0.,0.,-1.));
#9284=DIRECTION('',(0.,0.,-1.));
#9285=DIRECTION('',(0.,0.,-1.));
#9286=DIRECTION('',(0.,0.,-1.));
#9287=DIRECTION('',(0.,0.,-1.));
#9288=DIRECTION('',(0.,0.,-1.));
#9289=DIRECTION('',(0.,0.,-1.));
#9290=DIRECTION('',(0.,0.,-1.));
#9291=DIRECTION('center_axis',(0.0438767014338686,-0.999036953806656,0.));
#9292=DIRECTION('ref_axis',(-0.999036953806656,-0.0438767014338686,0.));
#9293=DIRECTION('',(-0.999036953806656,-0.0438767014338686,0.));
#9294=DIRECTION('',(-0.999036953806656,-0.0438767014338686,0.));
#9295=DIRECTION('',(0.,0.,-1.));
#9296=DIRECTION('',(0.,0.,-1.));
#9297=DIRECTION('',(0.,0.,-1.));
#9298=DIRECTION('',(0.,0.,-1.));
#9299=DIRECTION('',(0.,0.,-1.));
#9300=DIRECTION('',(0.,0.,-1.));
#9301=DIRECTION('',(0.,0.,-1.));
#9302=DIRECTION('',(0.,0.,-1.));
#9303=DIRECTION('',(0.,0.,-1.));
#9304=DIRECTION('',(0.,0.,-1.));
#9305=DIRECTION('',(0.,0.,-1.));
#9306=DIRECTION('',(0.,0.,-1.));
#9307=DIRECTION('',(0.,0.,-1.));
#9308=DIRECTION('',(0.,0.,-1.));
#9309=DIRECTION('',(0.,0.,-1.));
#9310=DIRECTION('center_axis',(-0.096765841623235,0.995307174642556,0.));
#9311=DIRECTION('ref_axis',(0.995307174642556,0.096765841623235,0.));
#9312=DIRECTION('',(0.995307174642556,0.096765841623235,0.));
#9313=DIRECTION('',(0.995307174642556,0.096765841623235,0.));
#9314=DIRECTION('',(0.,0.,-1.));
#9315=DIRECTION('center_axis',(0.,0.,1.));
#9316=DIRECTION('ref_axis',(-1.,0.,0.));
#9317=DIRECTION('center_axis',(0.,0.,1.));
#9318=DIRECTION('ref_axis',(-1.,0.,0.));
#9319=CARTESIAN_POINT('',(0.,0.,0.));
#9320=CARTESIAN_POINT('Origin',(33.,-1.20698323145866,7.));
#9321=CARTESIAN_POINT('',(33.,-1.20698323145866,7.));
#9322=CARTESIAN_POINT('',(33.,11.,7.));
#9323=CARTESIAN_POINT('',(33.,1.84476257640601,7.));
#9324=CARTESIAN_POINT('',(33.,-1.20698323145866,-1.11022302462516E-15));
#9325=CARTESIAN_POINT('',(33.,-1.20698323145866,7.));
#9326=CARTESIAN_POINT('',(33.,11.,-1.11022302462516E-15));
#9327=CARTESIAN_POINT('',(33.,11.,-1.11022302462516E-15));
#9328=CARTESIAN_POINT('',(33.,11.,7.));
#9329=CARTESIAN_POINT('Origin',(35.,-1.20698323145866,7.));
#9330=CARTESIAN_POINT('',(15.,-1.20698323145866,7.));
#9331=CARTESIAN_POINT('',(35.,-1.20698323145866,7.));
#9332=CARTESIAN_POINT('',(15.,-1.20698323145866,3.));
#9333=CARTESIAN_POINT('',(15.,-1.20698323145866,7.));
#9334=CARTESIAN_POINT('',(9.,-1.20698323145866,3.));
#9335=CARTESIAN_POINT('',(23.5,-1.20698323145866,3.));
#9336=CARTESIAN_POINT('',(9.,-1.20698323145866,8.7));
#9337=CARTESIAN_POINT('',(9.,-1.20698323145866,7.));
#9338=CARTESIAN_POINT('',(9.5,-1.20698323145866,8.7));
#9339=CARTESIAN_POINT('',(9.,-1.20698323145866,8.7));
#9340=CARTESIAN_POINT('',(10.,-1.20698323145866,9.2));
#9341=CARTESIAN_POINT('',(15.575,-1.20698323145866,14.775));
#9342=CARTESIAN_POINT('',(10.,-1.20698323145866,10.));
#9343=CARTESIAN_POINT('',(10.,-1.20698323145866,10.));
#9344=CARTESIAN_POINT('',(-35.,-1.20698323145866,10.));
#9345=CARTESIAN_POINT('',(9.,-1.20698323145866,10.));
#9346=CARTESIAN_POINT('',(-35.,-1.20698323145866,0.));
#9347=CARTESIAN_POINT('',(-35.,-1.20698323145866,0.));
#9348=CARTESIAN_POINT('',(17.5,-1.20698323145866,0.));
#9349=CARTESIAN_POINT('Origin',(10.,6.00000000000001,10.));
#9350=CARTESIAN_POINT('',(9.,6.00000000000001,3.));
#9351=CARTESIAN_POINT('',(9.,6.00000000000001,8.7));
#9352=CARTESIAN_POINT('',(9.,6.00000000000001,10.));
#9353=CARTESIAN_POINT('',(7.,6.00000000000001,3.));
#9354=CARTESIAN_POINT('',(10.,6.00000000000001,3.));
#9355=CARTESIAN_POINT('',(7.,6.00000000000001,10.));
#9356=CARTESIAN_POINT('',(7.,6.00000000000001,10.));
#9357=CARTESIAN_POINT('',(10.,6.00000000000001,10.));
#9358=CARTESIAN_POINT('',(5.,6.00000000000001,10.));
#9359=CARTESIAN_POINT('',(10.,6.00000000000001,9.2));
#9360=CARTESIAN_POINT('',(10.,6.00000000000001,9.675));
#9361=CARTESIAN_POINT('',(9.5,6.00000000000001,8.7));
#9362=CARTESIAN_POINT('',(10.075,6.00000000000001,9.275));
#9363=CARTESIAN_POINT('',(9.5,6.00000000000001,8.7));
#9364=CARTESIAN_POINT('Origin',(7.,6.00000000000001,10.));
#9365=CARTESIAN_POINT('',(7.,11.,10.));
#9366=CARTESIAN_POINT('',(7.,5.44825419213534,10.));
#9367=CARTESIAN_POINT('',(7.,11.,3.));
#9368=CARTESIAN_POINT('',(7.,6.00000000000001,3.));
#9369=CARTESIAN_POINT('',(7.,11.,8.5));
#9370=CARTESIAN_POINT('Origin',(12.,4.89650838427067,3.));
#9371=CARTESIAN_POINT('',(15.,11.,3.));
#9372=CARTESIAN_POINT('',(10.5,11.,3.));
#9373=CARTESIAN_POINT('',(9.,11.,3.));
#9374=CARTESIAN_POINT('',(15.,-1.20698323145866,3.));
#9375=CARTESIAN_POINT('Origin',(9.,3.79301676854134,10.));
#9376=CARTESIAN_POINT('',(9.,3.79301676854134,8.7));
#9377=CARTESIAN_POINT('Origin',(9.,3.79301676854134,8.7));
#9378=CARTESIAN_POINT('',(9.5,4.34476257640601,8.7));
#9379=CARTESIAN_POINT('Origin',(9.75,4.34476257640601,8.95));
#9380=CARTESIAN_POINT('',(10.,4.34476257640601,9.2));
#9381=CARTESIAN_POINT('Origin',(15.,11.,7.));
#9382=CARTESIAN_POINT('',(15.,11.,7.));
#9383=CARTESIAN_POINT('',(15.,7.94825419213534,7.));
#9384=CARTESIAN_POINT('',(15.,11.,7.));
#9385=CARTESIAN_POINT('Origin',(22.,4.89650838427067,7.));
#9386=CARTESIAN_POINT('',(9.,11.,7.));
#9387=CARTESIAN_POINT('Origin',(5.,10.,10.));
#9388=CARTESIAN_POINT('',(5.,10.,10.));
#9389=CARTESIAN_POINT('',(5.,-0.206983231458656,10.));
#9390=CARTESIAN_POINT('',(5.,7.44825419213534,10.));
#9391=CARTESIAN_POINT('',(5.,10.,0.));
#9392=CARTESIAN_POINT('',(5.,10.,10.));
#9393=CARTESIAN_POINT('',(5.,-0.206983231458656,0.));
#9394=CARTESIAN_POINT('',(5.,10.,0.));
#9395=CARTESIAN_POINT('',(5.,-0.206983231458656,10.));
#9396=CARTESIAN_POINT('Origin',(-33.,10.,10.));
#9397=CARTESIAN_POINT('',(-33.,10.,10.));
#9398=CARTESIAN_POINT('',(-16.5,10.,10.));
#9399=CARTESIAN_POINT('',(-33.,10.,0.));
#9400=CARTESIAN_POINT('',(-33.,10.,10.));
#9401=CARTESIAN_POINT('',(-33.,10.,0.));
#9402=CARTESIAN_POINT('Origin',(-33.,-0.206983231458656,10.));
#9403=CARTESIAN_POINT('',(-33.,-0.206983231458656,10.));
#9404=CARTESIAN_POINT('',(-33.,2.34476257640601,10.));
#9405=CARTESIAN_POINT('',(-33.,-0.206983231458656,0.));
#9406=CARTESIAN_POINT('',(-33.,-0.206983231458656,10.));
#9407=CARTESIAN_POINT('',(-33.,-0.206983231458656,0.));
#9408=CARTESIAN_POINT('Origin',(5.,-0.206983231458656,10.));
#9409=CARTESIAN_POINT('',(2.5,-0.206983231458656,10.));
#9410=CARTESIAN_POINT('',(5.,-0.206983231458656,0.));
#9411=CARTESIAN_POINT('Origin',(-14.,4.89650838427067,0.));
#9412=CARTESIAN_POINT('Origin',(10.,4.89650838427067,9.35));
#9413=CARTESIAN_POINT('',(10.,6.00000000000001,10.));
#9414=CARTESIAN_POINT('Origin',(-35.,31.,0.));
#9415=CARTESIAN_POINT('',(-35.,11.,10.));
#9416=CARTESIAN_POINT('',(-35.,18.5,10.));
#9417=CARTESIAN_POINT('',(-35.,11.,0.));
#9418=CARTESIAN_POINT('',(-35.,11.,0.));
#9419=CARTESIAN_POINT('',(-35.,31.,0.));
#9420=CARTESIAN_POINT('',(-35.,-31.,0.));
#9421=CARTESIAN_POINT('',(-35.,31.,15.45));
#9422=CARTESIAN_POINT('',(-35.,31.,0.));
#9423=CARTESIAN_POINT('',(-35.,-31.,15.45));
#9424=CARTESIAN_POINT('',(-35.,-31.,15.45));
#9425=CARTESIAN_POINT('',(-35.,-31.,0.));
#9426=CARTESIAN_POINT('',(-35.,-31.,0.));
#9427=CARTESIAN_POINT('',(-35.,-31.,0.));
#9428=CARTESIAN_POINT('Origin',(-4.44089209850063E-15,4.44089209850063E-15,
0.));
#9429=CARTESIAN_POINT('',(4.5,11.,0.));
#9430=CARTESIAN_POINT('',(35.,-31.,0.));
#9431=CARTESIAN_POINT('',(35.,-31.,0.));
#9432=CARTESIAN_POINT('',(35.,31.,0.));
#9433=CARTESIAN_POINT('',(35.,31.,0.));
#9434=CARTESIAN_POINT('',(-35.,31.,0.));
#9435=CARTESIAN_POINT('Origin',(9.,11.,7.));
#9436=CARTESIAN_POINT('',(35.,11.,10.));
#9437=CARTESIAN_POINT('Origin',(35.,-31.,0.));
#9438=CARTESIAN_POINT('',(35.,-31.,15.45));
#9439=CARTESIAN_POINT('',(35.,-31.,13.45));
#9440=CARTESIAN_POINT('',(35.,31.,15.45));
#9441=CARTESIAN_POINT('',(35.,31.,15.45));
#9442=CARTESIAN_POINT('',(35.,31.,0.));
#9443=CARTESIAN_POINT('',(35.,-1.9,8.6));
#9444=CARTESIAN_POINT('',(35.,4.60000000000001,8.6));
#9445=CARTESIAN_POINT('',(35.,-13.2,8.6));
#9446=CARTESIAN_POINT('',(35.,6.10000000000001,10.1));
#9447=CARTESIAN_POINT('Origin',(35.,4.60000000000001,10.1));
#9448=CARTESIAN_POINT('',(35.,6.1,10.35));
#9449=CARTESIAN_POINT('',(35.,6.10000000000003,5.17500000000008));
#9450=CARTESIAN_POINT('',(35.,4.60000000000001,11.85));
#9451=CARTESIAN_POINT('Origin',(35.,4.60000000000001,10.35));
#9452=CARTESIAN_POINT('',(35.,-1.9,11.85));
#9453=CARTESIAN_POINT('',(35.,-16.45,11.85));
#9454=CARTESIAN_POINT('',(35.,-3.4,10.35));
#9455=CARTESIAN_POINT('Origin',(35.,-1.9,10.35));
#9456=CARTESIAN_POINT('',(35.,-3.39999999999999,10.1));
#9457=CARTESIAN_POINT('',(35.,-3.39999999999998,5.05000000000003));
#9458=CARTESIAN_POINT('Origin',(35.,-1.9,10.1));
#9459=CARTESIAN_POINT('Origin',(37.,-1.9,11.85));
#9460=CARTESIAN_POINT('',(37.,4.60000000000001,11.85));
#9461=CARTESIAN_POINT('',(37.,4.60000000000001,11.85));
#9462=CARTESIAN_POINT('',(37.,-1.9,11.85));
#9463=CARTESIAN_POINT('',(37.,-16.45,11.85));
#9464=CARTESIAN_POINT('',(37.,-1.9,11.85));
#9465=CARTESIAN_POINT('Origin',(37.,-1.9,10.35));
#9466=CARTESIAN_POINT('',(37.,-3.4,10.35));
#9467=CARTESIAN_POINT('Origin',(37.,-1.9,10.35));
#9468=CARTESIAN_POINT('',(37.,-3.4,10.35));
#9469=CARTESIAN_POINT('Origin',(37.,-3.39999999999999,10.1));
#9470=CARTESIAN_POINT('',(37.,-3.39999999999999,10.1));
#9471=CARTESIAN_POINT('',(37.,-3.39999999999998,5.05000000000003));
#9472=CARTESIAN_POINT('',(37.,-3.39999999999999,10.1));
#9473=CARTESIAN_POINT('Origin',(37.,-1.9,10.1));
#9474=CARTESIAN_POINT('',(37.,-1.9,8.6));
#9475=CARTESIAN_POINT('Origin',(37.,-1.9,10.1));
#9476=CARTESIAN_POINT('',(37.,-1.9,8.6));
#9477=CARTESIAN_POINT('Origin',(37.,4.60000000000001,8.6));
#9478=CARTESIAN_POINT('',(37.,4.60000000000001,8.6));
#9479=CARTESIAN_POINT('',(37.,-13.2,8.6));
#9480=CARTESIAN_POINT('',(37.,4.60000000000001,8.6));
#9481=CARTESIAN_POINT('Origin',(37.,4.60000000000001,10.1));
#9482=CARTESIAN_POINT('',(37.,6.10000000000001,10.1));
#9483=CARTESIAN_POINT('Origin',(37.,4.60000000000001,10.1));
#9484=CARTESIAN_POINT('',(37.,6.10000000000001,10.1));
#9485=CARTESIAN_POINT('Origin',(37.,6.1,10.35));
#9486=CARTESIAN_POINT('',(37.,6.1,10.35));
#9487=CARTESIAN_POINT('',(37.,6.10000000000003,5.17500000000008));
#9488=CARTESIAN_POINT('',(37.,6.1,10.35));
#9489=CARTESIAN_POINT('Origin',(37.,4.60000000000001,10.35));
#9490=CARTESIAN_POINT('Origin',(37.,4.60000000000001,10.35));
#9491=CARTESIAN_POINT('Origin',(0.,4.89650838427067,10.));
#9492=CARTESIAN_POINT('Origin',(-35.,31.,0.));
#9493=CARTESIAN_POINT('',(-37.,31.,13.45));
#9494=CARTESIAN_POINT('',(-35.,33.,13.45));
#9495=CARTESIAN_POINT('Origin',(-35.,31.,13.45));
#9496=CARTESIAN_POINT('',(-35.,33.,-2.));
#9497=CARTESIAN_POINT('',(-35.,33.,0.));
#9498=CARTESIAN_POINT('',(-37.,31.,-2.));
#9499=CARTESIAN_POINT('Origin',(-35.,31.,-2.));
#9500=CARTESIAN_POINT('',(-37.,31.,0.));
#9501=CARTESIAN_POINT('Origin',(35.,33.,0.));
#9502=CARTESIAN_POINT('',(35.,33.,13.45));
#9503=CARTESIAN_POINT('',(18.6679477456267,33.,13.45));
#9504=CARTESIAN_POINT('',(35.,33.,-2.));
#9505=CARTESIAN_POINT('',(35.,33.,0.));
#9506=CARTESIAN_POINT('',(17.5,33.,-2.));
#9507=CARTESIAN_POINT('Origin',(2.33589549125345,-2.89712285427281,13.45));
#9508=CARTESIAN_POINT('',(-37.,-34.,13.45));
#9509=CARTESIAN_POINT('',(-37.,14.0514385728636,13.45));
#9510=CARTESIAN_POINT('',(-35.,-36.,13.45));
#9511=CARTESIAN_POINT('Origin',(-35.,-34.,13.45));
#9512=CARTESIAN_POINT('',(-19.2831012025537,-36.,13.45));
#9513=CARTESIAN_POINT('',(-16.3320522543733,-36.,13.45));
#9514=CARTESIAN_POINT('',(-19.2831012025537,-34.5,13.45));
#9515=CARTESIAN_POINT('',(-19.2831012025537,-33.,13.45));
#9516=CARTESIAN_POINT('',(-22.5,-34.5,13.45));
#9517=CARTESIAN_POINT('',(-10.0820522543733,-34.5,13.45));
#9518=CARTESIAN_POINT('',(-22.5,-32.5,13.45));
#9519=CARTESIAN_POINT('',(-22.5,-17.6985614271364,13.45));
#9520=CARTESIAN_POINT('',(-19.2831012025537,-32.5,13.45));
#9521=CARTESIAN_POINT('',(12.4179477456267,-32.5,13.45));
#9522=CARTESIAN_POINT('',(-19.2831012025537,-32.,13.45));
#9523=CARTESIAN_POINT('',(-19.2831012025537,-33.,13.45));
#9524=CARTESIAN_POINT('',(-36.,-32.,13.45));
#9525=CARTESIAN_POINT('',(-16.8320522543733,-32.,13.45));
#9526=CARTESIAN_POINT('',(-36.,32.,13.45));
#9527=CARTESIAN_POINT('',(-36.,14.5514385728636,13.45));
#9528=CARTESIAN_POINT('',(36.,32.,13.45));
#9529=CARTESIAN_POINT('',(19.1679477456267,32.,13.45));
#9530=CARTESIAN_POINT('',(36.,-32.,13.45));
#9531=CARTESIAN_POINT('',(36.,-17.4485614271364,13.45));
#9532=CARTESIAN_POINT('',(19.3,-32.,13.45));
#9533=CARTESIAN_POINT('',(10.8179477456267,-32.,13.45));
#9534=CARTESIAN_POINT('',(19.3,-32.5,13.45));
#9535=CARTESIAN_POINT('',(19.3,-17.9485614271364,13.45));
#9536=CARTESIAN_POINT('',(22.5,-32.5,13.45));
#9537=CARTESIAN_POINT('',(12.4179477456267,-32.5,13.45));
#9538=CARTESIAN_POINT('',(22.5,-34.5,13.45));
#9539=CARTESIAN_POINT('',(22.5,-18.6985614271364,13.45));
#9540=CARTESIAN_POINT('',(19.3,-34.5,13.45));
#9541=CARTESIAN_POINT('',(-10.0820522543733,-34.5,13.45));
#9542=CARTESIAN_POINT('',(19.3,-36.,13.45));
#9543=CARTESIAN_POINT('',(19.3,-17.9485614271364,13.45));
#9544=CARTESIAN_POINT('',(35.,-36.,13.45));
#9545=CARTESIAN_POINT('',(-16.3320522543733,-36.,13.45));
#9546=CARTESIAN_POINT('',(37.,-34.,13.45));
#9547=CARTESIAN_POINT('Origin',(35.,-34.,13.45));
#9548=CARTESIAN_POINT('',(37.,31.,13.45));
#9549=CARTESIAN_POINT('',(37.,-16.9485614271364,13.45));
#9550=CARTESIAN_POINT('Origin',(35.,31.,13.45));
#9551=CARTESIAN_POINT('Origin',(35.,31.,0.));
#9552=CARTESIAN_POINT('',(37.,31.,-2.));
#9553=CARTESIAN_POINT('',(37.,31.,0.));
#9554=CARTESIAN_POINT('Origin',(35.,31.,-2.));
#9555=CARTESIAN_POINT('Origin',(37.,-31.,0.));
#9556=CARTESIAN_POINT('',(37.,-34.,-2.));
#9557=CARTESIAN_POINT('',(37.,-34.,0.));
#9558=CARTESIAN_POINT('',(37.,-33.,-2.));
#9559=CARTESIAN_POINT('Origin',(35.,-34.,0.));
#9560=CARTESIAN_POINT('',(35.,-36.,-2.));
#9561=CARTESIAN_POINT('',(35.,-36.,0.));
#9562=CARTESIAN_POINT('Origin',(35.,-34.,-2.));
#9563=CARTESIAN_POINT('Origin',(-35.,-36.,0.));
#9564=CARTESIAN_POINT('',(19.3,-36.,8.9));
#9565=CARTESIAN_POINT('',(19.3,-36.,9.50000000000001));
#9566=CARTESIAN_POINT('',(18.3,-36.,7.9));
#9567=CARTESIAN_POINT('Origin',(18.3,-36.,8.9));
#9568=CARTESIAN_POINT('',(-13.3,-36.,7.9));
#9569=CARTESIAN_POINT('',(-8.35,-36.,7.9));
#9570=CARTESIAN_POINT('Origin',(-13.3,-36.,13.9));
#9571=CARTESIAN_POINT('',(-35.,-36.,-2.));
#9572=CARTESIAN_POINT('',(-35.,-36.,0.));
#9573=CARTESIAN_POINT('',(-17.5,-36.,-2.));
#9574=CARTESIAN_POINT('Origin',(-35.,-34.,0.));
#9575=CARTESIAN_POINT('',(-37.,-34.,-2.));
#9576=CARTESIAN_POINT('Origin',(-35.,-34.,-2.));
#9577=CARTESIAN_POINT('',(-37.,-34.,0.));
#9578=CARTESIAN_POINT('Origin',(-37.,31.,0.));
#9579=CARTESIAN_POINT('',(-37.,15.5,-2.));
#9580=CARTESIAN_POINT('Origin',(-36.,-32.,13.45));
#9581=CARTESIAN_POINT('',(-19.2831012025537,-32.,15.45));
#9582=CARTESIAN_POINT('',(-19.2831012025537,-32.,13.45));
#9583=CARTESIAN_POINT('',(-36.,-32.,15.45));
#9584=CARTESIAN_POINT('',(-19.2831012025537,-32.,15.45));
#9585=CARTESIAN_POINT('',(-36.,-32.,13.45));
#9586=CARTESIAN_POINT('Origin',(-36.,32.,13.45));
#9587=CARTESIAN_POINT('',(-36.,32.,15.45));
#9588=CARTESIAN_POINT('',(-36.,-32.,15.45));
#9589=CARTESIAN_POINT('',(-36.,32.,13.45));
#9590=CARTESIAN_POINT('Origin',(36.,32.,13.45));
#9591=CARTESIAN_POINT('',(36.,32.,15.45));
#9592=CARTESIAN_POINT('',(-36.,32.,15.45));
#9593=CARTESIAN_POINT('',(36.,32.,13.45));
#9594=CARTESIAN_POINT('Origin',(36.,-32.,13.45));
#9595=CARTESIAN_POINT('',(36.,-32.,15.45));
#9596=CARTESIAN_POINT('',(36.,32.,15.45));
#9597=CARTESIAN_POINT('',(36.,-32.,13.45));
#9598=CARTESIAN_POINT('Origin',(19.3,-32.,13.45));
#9599=CARTESIAN_POINT('',(19.3,-32.,15.45));
#9600=CARTESIAN_POINT('',(36.,-32.,15.45));
#9601=CARTESIAN_POINT('',(19.3,-32.,13.45));
#9602=CARTESIAN_POINT('Origin',(-19.2831012025537,-32.,13.45));
#9603=CARTESIAN_POINT('',(-19.2831012025537,-31.,13.45));
#9604=CARTESIAN_POINT('',(-19.2831012025537,-33.,13.45));
#9605=CARTESIAN_POINT('',(-19.2831012025537,-31.,15.45));
#9606=CARTESIAN_POINT('',(-19.2831012025537,-31.,13.45));
#9607=CARTESIAN_POINT('',(-19.2831012025537,-32.5,15.45));
#9608=CARTESIAN_POINT('Origin',(0.,4.44089209850063E-15,15.45));
#9609=CARTESIAN_POINT('',(-19.2831012025537,-31.,15.45));
#9610=CARTESIAN_POINT('',(-35.,31.,15.45));
#9611=CARTESIAN_POINT('',(19.3,-31.,15.45));
#9612=CARTESIAN_POINT('',(35.,-31.,15.45));
#9613=CARTESIAN_POINT('',(19.3,-31.,15.45));
#9614=CARTESIAN_POINT('Origin',(-22.5,-32.5,13.45));
#9615=CARTESIAN_POINT('',(-22.5,-34.5,7.45));
#9616=CARTESIAN_POINT('',(-22.5,-34.5,13.45));
#9617=CARTESIAN_POINT('',(-22.5,-32.5,7.45));
#9618=CARTESIAN_POINT('',(-22.5,-34.5,7.45));
#9619=CARTESIAN_POINT('',(-22.5,-32.5,13.45));
#9620=CARTESIAN_POINT('Origin',(22.5,-32.5,13.45));
#9621=CARTESIAN_POINT('',(22.5,-32.5,7.45));
#9622=CARTESIAN_POINT('',(-22.5,-32.5,7.45));
#9623=CARTESIAN_POINT('',(22.5,-32.5,13.45));
#9624=CARTESIAN_POINT('',(19.3,-32.5,8.9));
#9625=CARTESIAN_POINT('',(19.3,-32.5,16.225));
#9626=CARTESIAN_POINT('',(18.3,-32.5,7.9));
#9627=CARTESIAN_POINT('Origin',(18.3,-32.5,8.9));
#9628=CARTESIAN_POINT('',(-13.3,-32.5,7.9));
#9629=CARTESIAN_POINT('',(20.4,-32.5,7.9));
#9630=CARTESIAN_POINT('Origin',(-13.3,-32.5,13.9));
#9631=CARTESIAN_POINT('Origin',(0.,-33.5,7.45));
#9632=CARTESIAN_POINT('',(22.5,-34.5,7.45));
#9633=CARTESIAN_POINT('',(22.5,-34.5,7.45));
#9634=CARTESIAN_POINT('',(22.5,-32.5,7.45));
#9635=CARTESIAN_POINT('Origin',(22.5,-34.5,13.45));
#9636=CARTESIAN_POINT('',(22.5,-34.5,13.45));
#9637=CARTESIAN_POINT('Origin',(-22.5,-34.5,13.45));
#9638=CARTESIAN_POINT('',(-13.3,-34.5,7.9));
#9639=CARTESIAN_POINT('Origin',(-13.3,-34.5,13.9));
#9640=CARTESIAN_POINT('',(18.3,-34.5,7.9));
#9641=CARTESIAN_POINT('',(-2.1,-34.5,7.9));
#9642=CARTESIAN_POINT('',(19.3,-34.5,8.9));
#9643=CARTESIAN_POINT('Origin',(18.3,-34.5,8.9));
#9644=CARTESIAN_POINT('',(19.3,-34.5,16.225));
#9645=CARTESIAN_POINT('Origin',(-13.3,-33.,13.9));
#9646=CARTESIAN_POINT('',(-13.3,-31.,7.9));
#9647=CARTESIAN_POINT('',(-13.3,-33.,7.9));
#9648=CARTESIAN_POINT('Origin',(-13.3,-31.,13.9));
#9649=CARTESIAN_POINT('Origin',(18.3,-33.,7.9));
#9650=CARTESIAN_POINT('',(18.3,-31.,7.9));
#9651=CARTESIAN_POINT('',(18.3,-33.,7.9));
#9652=CARTESIAN_POINT('',(-8.35,-31.,7.9));
#9653=CARTESIAN_POINT('Origin',(18.3,-33.,8.9));
#9654=CARTESIAN_POINT('',(19.3,-31.,8.9));
#9655=CARTESIAN_POINT('',(19.3,-33.,8.9));
#9656=CARTESIAN_POINT('Origin',(18.3,-31.,8.9));
#9657=CARTESIAN_POINT('Origin',(19.3,-33.,19.));
#9658=CARTESIAN_POINT('',(19.3,-31.,13.45));
#9659=CARTESIAN_POINT('Origin',(19.3,-33.,19.));
#9660=CARTESIAN_POINT('',(19.3,-33.,8.9));
#9661=CARTESIAN_POINT('Origin',(-13.3,-33.,13.9));
#9662=CARTESIAN_POINT('',(-13.3,-33.,7.9));
#9663=CARTESIAN_POINT('Origin',(18.3,-33.,7.9));
#9664=CARTESIAN_POINT('',(18.3,-33.,7.9));
#9665=CARTESIAN_POINT('Origin',(18.3,-33.,8.9));
#9666=CARTESIAN_POINT('Origin',(-35.,-31.,0.));
#9667=CARTESIAN_POINT('Origin',(35.,31.,0.));
#9668=CARTESIAN_POINT('Origin',(-4.44089209850063E-15,4.44089209850063E-15,
-2.));
#9669=CARTESIAN_POINT('Origin',(30.8785811811686,18.2749441862106,27.));
#9670=CARTESIAN_POINT('',(30.8785811811686,18.2749441862106,27.));
#9671=CARTESIAN_POINT('',(30.8785811811686,16.9270590543747,27.));
#9672=CARTESIAN_POINT('',(30.8785811811686,8.38747209310532,27.));
#9673=CARTESIAN_POINT('',(30.8785811811686,18.2749441862106,26.6));
#9674=CARTESIAN_POINT('',(30.8785811811686,18.2749441862106,27.));
#9675=CARTESIAN_POINT('',(30.8785811811686,16.9270590543747,26.6));
#9676=CARTESIAN_POINT('',(30.8785811811686,18.2749441862106,26.6));
#9677=CARTESIAN_POINT('',(30.8785811811686,16.9270590543747,27.));
#9678=CARTESIAN_POINT('Origin',(26.4092770963907,18.2749441862106,27.));
#9679=CARTESIAN_POINT('',(26.4092770963907,18.2749441862106,27.));
#9680=CARTESIAN_POINT('',(13.2046385481954,18.2749441862106,27.));
#9681=CARTESIAN_POINT('',(26.4092770963907,18.2749441862106,26.6));
#9682=CARTESIAN_POINT('',(26.4092770963907,18.2749441862106,27.));
#9683=CARTESIAN_POINT('',(26.4092770963907,18.2749441862106,26.6));
#9684=CARTESIAN_POINT('Origin',(26.4092770963907,20.4522970914841,27.));
#9685=CARTESIAN_POINT('',(26.4092770963907,20.4522970914841,27.));
#9686=CARTESIAN_POINT('',(26.4092770963907,9.47614854574204,27.));
#9687=CARTESIAN_POINT('',(26.4092770963907,20.4522970914841,26.6));
#9688=CARTESIAN_POINT('',(26.4092770963907,20.4522970914841,27.));
#9689=CARTESIAN_POINT('',(26.4092770963907,20.4522970914841,26.6));
#9690=CARTESIAN_POINT('Origin',(30.4256478697062,20.4522970914841,27.));
#9691=CARTESIAN_POINT('',(30.4256478697062,20.4522970914841,27.));
#9692=CARTESIAN_POINT('',(15.2128239348531,20.4522970914841,27.));
#9693=CARTESIAN_POINT('',(30.4256478697062,20.4522970914841,26.6));
#9694=CARTESIAN_POINT('',(30.4256478697062,20.4522970914841,27.));
#9695=CARTESIAN_POINT('',(30.4256478697062,20.4522970914841,26.6));
#9696=CARTESIAN_POINT('Origin',(30.4256478697062,21.8001834154129,27.));
#9697=CARTESIAN_POINT('',(30.4256478697062,21.8001834154129,27.));
#9698=CARTESIAN_POINT('',(30.4256478697062,10.1500917077065,27.));
#9699=CARTESIAN_POINT('',(30.4256478697062,21.8001834154129,26.6));
#9700=CARTESIAN_POINT('',(30.4256478697062,21.8001834154129,27.));
#9701=CARTESIAN_POINT('',(30.4256478697062,21.8001834154129,26.6));
#9702=CARTESIAN_POINT('Origin',(26.4092770963907,21.8001834154129,27.));
#9703=CARTESIAN_POINT('',(26.4092770963907,21.8001834154129,27.));
#9704=CARTESIAN_POINT('',(13.2046385481954,21.8001834154129,27.));
#9705=CARTESIAN_POINT('',(26.4092770963907,21.8001834154129,26.6));
#9706=CARTESIAN_POINT('',(26.4092770963907,21.8001834154129,27.));
#9707=CARTESIAN_POINT('',(26.4092770963907,21.8001834154129,26.6));
#9708=CARTESIAN_POINT('Origin',(26.4092770963907,23.5737166404724,27.));
#9709=CARTESIAN_POINT('',(26.4092770963907,23.5737166404724,27.));
#9710=CARTESIAN_POINT('',(26.4092770963907,11.0368583202362,27.));
#9711=CARTESIAN_POINT('',(26.4092770963907,23.5737166404724,26.6));
#9712=CARTESIAN_POINT('',(26.4092770963907,23.5737166404724,27.));
#9713=CARTESIAN_POINT('',(26.4092770963907,23.5737166404724,26.6));
#9714=CARTESIAN_POINT('Origin',(30.7257834821939,23.5737166404724,27.));
#9715=CARTESIAN_POINT('',(30.7257834821939,23.5737166404724,27.));
#9716=CARTESIAN_POINT('',(15.362891741097,23.5737166404724,27.));
#9717=CARTESIAN_POINT('',(30.7257834821939,23.5737166404724,26.6));
#9718=CARTESIAN_POINT('',(30.7257834821939,23.5737166404724,27.));
#9719=CARTESIAN_POINT('',(30.7257834821939,23.5737166404724,26.6));
#9720=CARTESIAN_POINT('Origin',(30.7257834821939,24.927059173584,27.));
#9721=CARTESIAN_POINT('',(30.7257834821939,24.927059173584,27.));
#9722=CARTESIAN_POINT('',(30.7257834821939,11.713529586792,27.));
#9723=CARTESIAN_POINT('',(30.7257834821939,24.927059173584,26.6));
#9724=CARTESIAN_POINT('',(30.7257834821939,24.927059173584,27.));
#9725=CARTESIAN_POINT('',(30.7257834821939,24.927059173584,26.6));
#9726=CARTESIAN_POINT('Origin',(24.7939959913492,24.927059173584,27.));
#9727=CARTESIAN_POINT('',(24.7939959913492,24.927059173584,27.));
#9728=CARTESIAN_POINT('',(12.3969979956746,24.927059173584,27.));
#9729=CARTESIAN_POINT('',(24.7939959913492,24.927059173584,26.6));
#9730=CARTESIAN_POINT('',(24.7939959913492,24.927059173584,27.));
#9731=CARTESIAN_POINT('',(24.7939959913492,24.927059173584,26.6));
#9732=CARTESIAN_POINT('Origin',(24.7939959913492,16.9270590543747,27.));
#9733=CARTESIAN_POINT('',(24.7939959913492,16.9270590543747,27.));
#9734=CARTESIAN_POINT('',(24.7939959913492,7.71352952718735,27.));
#9735=CARTESIAN_POINT('',(24.7939959913492,16.9270590543747,26.6));
#9736=CARTESIAN_POINT('',(24.7939959913492,16.9270590543747,27.));
#9737=CARTESIAN_POINT('',(24.7939959913492,16.9270590543747,26.6));
#9738=CARTESIAN_POINT('Origin',(30.8785811811686,16.9270590543747,27.));
#9739=CARTESIAN_POINT('',(15.4392905905843,16.9270590543747,27.));
#9740=CARTESIAN_POINT('',(30.8785811811686,16.9270590543747,26.6));
#9741=CARTESIAN_POINT('Origin',(-3.72529029846191E-7,20.9243301153183,26.6));
#9742=CARTESIAN_POINT('Origin',(23.6425630003214,18.2749441862106,27.));
#9743=CARTESIAN_POINT('',(23.6425630003214,18.2749441862106,27.));
#9744=CARTESIAN_POINT('',(23.6425630003214,16.9270590543747,27.));
#9745=CARTESIAN_POINT('',(23.6425630003214,8.38747209310532,27.));
#9746=CARTESIAN_POINT('',(23.6425630003214,18.2749441862106,26.6));
#9747=CARTESIAN_POINT('',(23.6425630003214,18.2749441862106,27.));
#9748=CARTESIAN_POINT('',(23.6425630003214,16.9270590543747,26.6));
#9749=CARTESIAN_POINT('',(23.6425630003214,18.2749441862106,26.6));
#9750=CARTESIAN_POINT('',(23.6425630003214,16.9270590543747,27.));
#9751=CARTESIAN_POINT('Origin',(19.626192227006,18.2749441862106,27.));
#9752=CARTESIAN_POINT('',(19.626192227006,18.2749441862106,27.));
#9753=CARTESIAN_POINT('',(9.81309611350298,18.2749441862106,27.));
#9754=CARTESIAN_POINT('',(19.626192227006,18.2749441862106,26.6));
#9755=CARTESIAN_POINT('',(19.626192227006,18.2749441862106,27.));
#9756=CARTESIAN_POINT('',(19.626192227006,18.2749441862106,26.6));
#9757=CARTESIAN_POINT('Origin',(19.626192227006,24.8615745306015,27.));
#9758=CARTESIAN_POINT('',(19.626192227006,24.8615745306015,27.));
#9759=CARTESIAN_POINT('',(19.626192227006,11.6807872653008,27.));
#9760=CARTESIAN_POINT('',(19.626192227006,24.8615745306015,26.6));
#9761=CARTESIAN_POINT('',(19.626192227006,24.8615745306015,27.));
#9762=CARTESIAN_POINT('',(19.626192227006,24.8615745306015,26.6));
#9763=CARTESIAN_POINT('Origin',(18.0109111219645,24.8615745306015,27.));
#9764=CARTESIAN_POINT('',(18.0109111219645,24.8615745306015,27.));
#9765=CARTESIAN_POINT('',(9.00545556098223,24.8615745306015,27.));
#9766=CARTESIAN_POINT('',(18.0109111219645,24.8615745306015,26.6));
#9767=CARTESIAN_POINT('',(18.0109111219645,24.8615745306015,27.));
#9768=CARTESIAN_POINT('',(18.0109111219645,24.8615745306015,26.6));
#9769=CARTESIAN_POINT('Origin',(18.0109111219645,16.9270590543747,27.));
#9770=CARTESIAN_POINT('',(18.0109111219645,16.9270590543747,27.));
#9771=CARTESIAN_POINT('',(18.0109111219645,7.71352952718735,27.));
#9772=CARTESIAN_POINT('',(18.0109111219645,16.9270590543747,26.6));
#9773=CARTESIAN_POINT('',(18.0109111219645,16.9270590543747,27.));
#9774=CARTESIAN_POINT('',(18.0109111219645,16.9270590543747,26.6));
#9775=CARTESIAN_POINT('Origin',(23.6425630003214,16.9270590543747,27.));
#9776=CARTESIAN_POINT('',(11.8212815001607,16.9270590543747,27.));
#9777=CARTESIAN_POINT('',(23.6425630003214,16.9270590543747,26.6));
#9778=CARTESIAN_POINT('Origin',(-3.72529029846191E-7,20.9243301153183,26.6));
#9779=CARTESIAN_POINT('Origin',(14.5566169172525,23.5737166404724,27.));
#9780=CARTESIAN_POINT('',(14.5566169172525,23.5737166404724,27.));
#9781=CARTESIAN_POINT('',(14.5566169172525,16.9270590543747,27.));
#9782=CARTESIAN_POINT('',(14.5566169172525,11.0368583202362,27.));
#9783=CARTESIAN_POINT('',(14.5566169172525,23.5737166404724,26.6));
#9784=CARTESIAN_POINT('',(14.5566169172525,23.5737166404724,27.));
#9785=CARTESIAN_POINT('',(14.5566169172525,16.9270590543747,26.6));
#9786=CARTESIAN_POINT('',(14.5566169172525,23.5737166404724,26.6));
#9787=CARTESIAN_POINT('',(14.5566169172525,16.9270590543747,27.));
#9788=CARTESIAN_POINT('Origin',(16.9249669462442,23.5737166404724,27.));
#9789=CARTESIAN_POINT('',(16.9249669462442,23.5737166404724,27.));
#9790=CARTESIAN_POINT('',(8.46248347312212,23.5737166404724,27.));
#9791=CARTESIAN_POINT('',(16.9249669462442,23.5737166404724,26.6));
#9792=CARTESIAN_POINT('',(16.9249669462442,23.5737166404724,27.));
#9793=CARTESIAN_POINT('',(16.9249669462442,23.5737166404724,26.6));
#9794=CARTESIAN_POINT('Origin',(16.9249669462442,24.927059173584,27.));
#9795=CARTESIAN_POINT('',(16.9249669462442,24.927059173584,27.));
#9796=CARTESIAN_POINT('',(16.9249669462442,11.713529586792,27.));
#9797=CARTESIAN_POINT('',(16.9249669462442,24.927059173584,26.6));
#9798=CARTESIAN_POINT('',(16.9249669462442,24.927059173584,27.));
#9799=CARTESIAN_POINT('',(16.9249669462442,24.927059173584,26.6));
#9800=CARTESIAN_POINT('Origin',(10.5675307661295,24.927059173584,27.));
#9801=CARTESIAN_POINT('',(10.5675307661295,24.927059173584,27.));
#9802=CARTESIAN_POINT('',(5.28376538306475,24.927059173584,27.));
#9803=CARTESIAN_POINT('',(10.5675307661295,24.927059173584,26.6));
#9804=CARTESIAN_POINT('',(10.5675307661295,24.927059173584,27.));
#9805=CARTESIAN_POINT('',(10.5675307661295,24.927059173584,26.6));
#9806=CARTESIAN_POINT('Origin',(10.5675307661295,23.5737166404724,27.));
#9807=CARTESIAN_POINT('',(10.5675307661295,23.5737166404724,27.));
#9808=CARTESIAN_POINT('',(10.5675307661295,11.0368583202362,27.));
#9809=CARTESIAN_POINT('',(10.5675307661295,23.5737166404724,26.6));
#9810=CARTESIAN_POINT('',(10.5675307661295,23.5737166404724,27.));
#9811=CARTESIAN_POINT('',(10.5675307661295,23.5737166404724,26.6));
#9812=CARTESIAN_POINT('Origin',(12.941335812211,23.5737166404724,27.));
#9813=CARTESIAN_POINT('',(12.941335812211,23.5737166404724,27.));
#9814=CARTESIAN_POINT('',(6.47066790610552,23.5737166404724,27.));
#9815=CARTESIAN_POINT('',(12.941335812211,23.5737166404724,26.6));
#9816=CARTESIAN_POINT('',(12.941335812211,23.5737166404724,27.));
#9817=CARTESIAN_POINT('',(12.941335812211,23.5737166404724,26.6));
#9818=CARTESIAN_POINT('Origin',(12.941335812211,16.9270590543747,27.));
#9819=CARTESIAN_POINT('',(12.941335812211,16.9270590543747,27.));
#9820=CARTESIAN_POINT('',(12.941335812211,7.71352952718735,27.));
#9821=CARTESIAN_POINT('',(12.941335812211,16.9270590543747,26.6));
#9822=CARTESIAN_POINT('',(12.941335812211,16.9270590543747,27.));
#9823=CARTESIAN_POINT('',(12.941335812211,16.9270590543747,26.6));
#9824=CARTESIAN_POINT('Origin',(14.5566169172525,16.9270590543747,27.));
#9825=CARTESIAN_POINT('',(7.27830845862627,16.9270590543747,27.));
#9826=CARTESIAN_POINT('',(14.5566169172525,16.9270590543747,26.6));
#9827=CARTESIAN_POINT('Origin',(-3.72529029846191E-7,20.9243301153183,26.6));
#9828=CARTESIAN_POINT('Ctrl Pts',(6.99863351881504,23.5682592391968,27.));
#9829=CARTESIAN_POINT('Ctrl Pts',(6.99863351881504,23.5682592391968,26.6));
#9830=CARTESIAN_POINT('Ctrl Pts',(6.84358745012534,23.5760355782717,27.));
#9831=CARTESIAN_POINT('Ctrl Pts',(6.84358745012534,23.5760355782717,26.6));
#9832=CARTESIAN_POINT('Ctrl Pts',(6.3837367608179,23.599099399974,27.));
#9833=CARTESIAN_POINT('Ctrl Pts',(6.3837367608179,23.599099399974,26.6));
#9834=CARTESIAN_POINT('Ctrl Pts',(5.92323809844788,23.5969615180349,27.));
#9835=CARTESIAN_POINT('Ctrl Pts',(5.92323809844788,23.5969615180349,26.6));
#9836=CARTESIAN_POINT('Ctrl Pts',(5.61800397932529,23.5955444574356,27.));
#9837=CARTESIAN_POINT('Ctrl Pts',(5.61800397932529,23.5955444574356,26.6));
#9838=CARTESIAN_POINT('',(6.99863351881504,23.5682592391968,27.));
#9839=CARTESIAN_POINT('',(5.61800397932529,23.5955444574356,27.));
#9840=CARTESIAN_POINT('Ctrl Pts',(6.99863351881504,23.5682592391968,27.));
#9841=CARTESIAN_POINT('Ctrl Pts',(6.84358745012534,23.5760355782717,27.));
#9842=CARTESIAN_POINT('Ctrl Pts',(6.3837367608179,23.599099399974,27.));
#9843=CARTESIAN_POINT('Ctrl Pts',(5.92323809844788,23.5969615180349,27.));
#9844=CARTESIAN_POINT('Ctrl Pts',(5.61800397932529,23.5955444574356,27.));
#9845=CARTESIAN_POINT('',(6.99863351881504,23.5682592391968,26.6));
#9846=CARTESIAN_POINT('',(6.99863351881504,23.5682592391968,27.));
#9847=CARTESIAN_POINT('',(5.61800397932529,23.5955444574356,26.6));
#9848=CARTESIAN_POINT('Ctrl Pts',(6.99863351881504,23.5682592391968,26.6));
#9849=CARTESIAN_POINT('Ctrl Pts',(6.84358745012534,23.5760355782717,26.6));
#9850=CARTESIAN_POINT('Ctrl Pts',(6.3837367608179,23.599099399974,26.6));
#9851=CARTESIAN_POINT('Ctrl Pts',(5.92323809844788,23.5969615180349,26.6));
#9852=CARTESIAN_POINT('Ctrl Pts',(5.61800397932529,23.5955444574356,26.6));
#9853=CARTESIAN_POINT('',(5.61800397932529,23.5955444574356,27.));
#9854=CARTESIAN_POINT('Ctrl Pts',(7.60709203779697,23.2872227430344,27.));
#9855=CARTESIAN_POINT('Ctrl Pts',(7.60709203779697,23.2872227430344,26.6));
#9856=CARTESIAN_POINT('Ctrl Pts',(7.52614422535102,23.3573624286397,27.));
#9857=CARTESIAN_POINT('Ctrl Pts',(7.52614422535102,23.3573624286397,26.6));
#9858=CARTESIAN_POINT('Ctrl Pts',(7.35110465289684,23.5090307716059,27.));
#9859=CARTESIAN_POINT('Ctrl Pts',(7.35110465289684,23.5090307716059,26.6));
#9860=CARTESIAN_POINT('Ctrl Pts',(7.1218619406209,23.5475522085169,27.));
#9861=CARTESIAN_POINT('Ctrl Pts',(7.1218619406209,23.5475522085169,26.6));
#9862=CARTESIAN_POINT('Ctrl Pts',(6.99863351881504,23.5682592391968,27.));
#9863=CARTESIAN_POINT('Ctrl Pts',(6.99863351881504,23.5682592391968,26.6));
#9864=CARTESIAN_POINT('',(7.60709203779697,23.2872227430344,27.));
#9865=CARTESIAN_POINT('Ctrl Pts',(7.60709203779697,23.2872227430344,27.));
#9866=CARTESIAN_POINT('Ctrl Pts',(7.52614422535102,23.3573624286397,27.));
#9867=CARTESIAN_POINT('Ctrl Pts',(7.35110465289684,23.5090307716059,27.));
#9868=CARTESIAN_POINT('Ctrl Pts',(7.1218619406209,23.5475522085169,27.));
#9869=CARTESIAN_POINT('Ctrl Pts',(6.99863351881504,23.5682592391968,27.));
#9870=CARTESIAN_POINT('',(7.60709203779697,23.2872227430344,26.6));
#9871=CARTESIAN_POINT('',(7.60709203779697,23.2872227430344,27.));
#9872=CARTESIAN_POINT('Ctrl Pts',(7.60709203779697,23.2872227430344,26.6));
#9873=CARTESIAN_POINT('Ctrl Pts',(7.52614422535102,23.3573624286397,26.6));
#9874=CARTESIAN_POINT('Ctrl Pts',(7.35110465289684,23.5090307716059,26.6));
#9875=CARTESIAN_POINT('Ctrl Pts',(7.1218619406209,23.5475522085169,26.6));
#9876=CARTESIAN_POINT('Ctrl Pts',(6.99863351881504,23.5682592391968,26.6));
#9877=CARTESIAN_POINT('Ctrl Pts',(7.81173147261143,22.6842216253281,27.));
#9878=CARTESIAN_POINT('Ctrl Pts',(7.81173147261143,22.6842216253281,26.6));
#9879=CARTESIAN_POINT('Ctrl Pts',(7.80504757438536,22.7999461956296,27.));
#9880=CARTESIAN_POINT('Ctrl Pts',(7.80504757438536,22.7999461956296,26.6));
#9881=CARTESIAN_POINT('Ctrl Pts',(7.79231719154827,23.0203591992044,27.));
#9882=CARTESIAN_POINT('Ctrl Pts',(7.79231719154827,23.0203591992044,26.6));
#9883=CARTESIAN_POINT('Ctrl Pts',(7.66673782508421,23.2012879450459,27.));
#9884=CARTESIAN_POINT('Ctrl Pts',(7.66673782508421,23.2012879450459,26.6));
#9885=CARTESIAN_POINT('Ctrl Pts',(7.60709203779697,23.2872227430344,27.));
#9886=CARTESIAN_POINT('Ctrl Pts',(7.60709203779697,23.2872227430344,26.6));
#9887=CARTESIAN_POINT('',(7.81173147261143,22.6842216253281,27.));
#9888=CARTESIAN_POINT('Ctrl Pts',(7.81173147261143,22.6842216253281,27.));
#9889=CARTESIAN_POINT('Ctrl Pts',(7.80504757438536,22.7999461956296,27.));
#9890=CARTESIAN_POINT('Ctrl Pts',(7.79231719154827,23.0203591992044,27.));
#9891=CARTESIAN_POINT('Ctrl Pts',(7.66673782508421,23.2012879450459,27.));
#9892=CARTESIAN_POINT('Ctrl Pts',(7.60709203779697,23.2872227430344,27.));
#9893=CARTESIAN_POINT('',(7.81173147261143,22.6842216253281,26.6));
#9894=CARTESIAN_POINT('',(7.81173147261143,22.6842216253281,27.));
#9895=CARTESIAN_POINT('Ctrl Pts',(7.81173147261143,22.6842216253281,26.6));
#9896=CARTESIAN_POINT('Ctrl Pts',(7.80504757438536,22.7999461956296,26.6));
#9897=CARTESIAN_POINT('Ctrl Pts',(7.79231719154827,23.0203591992044,26.6));
#9898=CARTESIAN_POINT('Ctrl Pts',(7.66673782508421,23.2012879450459,26.6));
#9899=CARTESIAN_POINT('Ctrl Pts',(7.60709203779697,23.2872227430344,26.6));
#9900=CARTESIAN_POINT('Ctrl Pts',(7.57435239851475,22.0593920946121,27.));
#9901=CARTESIAN_POINT('Ctrl Pts',(7.57435239851475,22.0593920946121,26.6));
#9902=CARTESIAN_POINT('Ctrl Pts',(7.64355610674123,22.1471851230927,27.));
#9903=CARTESIAN_POINT('Ctrl Pts',(7.64355610674123,22.1471851230927,26.6));
#9904=CARTESIAN_POINT('Ctrl Pts',(7.78775665818676,22.3301204519127,27.));
#9905=CARTESIAN_POINT('Ctrl Pts',(7.78775665818676,22.3301204519127,26.6));
#9906=CARTESIAN_POINT('Ctrl Pts',(7.80352865888107,22.5630684052958,27.));
#9907=CARTESIAN_POINT('Ctrl Pts',(7.80352865888107,22.5630684052958,26.6));
#9908=CARTESIAN_POINT('Ctrl Pts',(7.81173147261143,22.6842216253281,27.));
#9909=CARTESIAN_POINT('Ctrl Pts',(7.81173147261143,22.6842216253281,26.6));
#9910=CARTESIAN_POINT('',(7.57435239851475,22.0593920946121,27.));
#9911=CARTESIAN_POINT('Ctrl Pts',(7.57435239851475,22.0593920946121,27.));
#9912=CARTESIAN_POINT('Ctrl Pts',(7.64355610674123,22.1471851230927,27.));
#9913=CARTESIAN_POINT('Ctrl Pts',(7.78775665818676,22.3301204519127,27.));
#9914=CARTESIAN_POINT('Ctrl Pts',(7.80352865888107,22.5630684052958,27.));
#9915=CARTESIAN_POINT('Ctrl Pts',(7.81173147261143,22.6842216253281,27.));
#9916=CARTESIAN_POINT('',(7.57435239851475,22.0593920946121,26.6));
#9917=CARTESIAN_POINT('',(7.57435239851475,22.0593920946121,27.));
#9918=CARTESIAN_POINT('Ctrl Pts',(7.57435239851475,22.0593920946121,26.6));
#9919=CARTESIAN_POINT('Ctrl Pts',(7.64355610674123,22.1471851230927,26.6));
#9920=CARTESIAN_POINT('Ctrl Pts',(7.78775665818676,22.3301204519127,26.6));
#9921=CARTESIAN_POINT('Ctrl Pts',(7.80352865888107,22.5630684052958,26.6));
#9922=CARTESIAN_POINT('Ctrl Pts',(7.81173147261143,22.6842216253281,26.6));
#9923=CARTESIAN_POINT('Ctrl Pts',(6.92223466932774,21.7728976011276,27.));
#9924=CARTESIAN_POINT('Ctrl Pts',(6.92223466932774,21.7728976011276,26.6));
#9925=CARTESIAN_POINT('Ctrl Pts',(7.0504039881147,21.7945400331699,27.));
#9926=CARTESIAN_POINT('Ctrl Pts',(7.0504039881147,21.7945400331699,26.6));
#9927=CARTESIAN_POINT('Ctrl Pts',(7.29244054386441,21.8354098744012,27.));
#9928=CARTESIAN_POINT('Ctrl Pts',(7.29244054386441,21.8354098744012,26.6));
#9929=CARTESIAN_POINT('Ctrl Pts',(7.48415801280329,21.987731614824,27.));
#9930=CARTESIAN_POINT('Ctrl Pts',(7.48415801280329,21.987731614824,26.6));
#9931=CARTESIAN_POINT('Ctrl Pts',(7.57435239851475,22.0593920946121,27.));
#9932=CARTESIAN_POINT('Ctrl Pts',(7.57435239851475,22.0593920946121,26.6));
#9933=CARTESIAN_POINT('',(6.92223466932774,21.7728976011276,27.));
#9934=CARTESIAN_POINT('Ctrl Pts',(6.92223466932774,21.7728976011276,27.));
#9935=CARTESIAN_POINT('Ctrl Pts',(7.0504039881147,21.7945400331699,27.));
#9936=CARTESIAN_POINT('Ctrl Pts',(7.29244054386441,21.8354098744012,27.));
#9937=CARTESIAN_POINT('Ctrl Pts',(7.48415801280329,21.987731614824,27.));
#9938=CARTESIAN_POINT('Ctrl Pts',(7.57435239851475,22.0593920946121,27.));
#9939=CARTESIAN_POINT('',(6.92223466932774,21.7728976011276,26.6));
#9940=CARTESIAN_POINT('',(6.92223466932774,21.7728976011276,27.));
#9941=CARTESIAN_POINT('Ctrl Pts',(6.92223466932774,21.7728976011276,26.6));
#9942=CARTESIAN_POINT('Ctrl Pts',(7.0504039881147,21.7945400331699,26.6));
#9943=CARTESIAN_POINT('Ctrl Pts',(7.29244054386441,21.8354098744012,26.6));
#9944=CARTESIAN_POINT('Ctrl Pts',(7.48415801280329,21.987731614824,26.6));
#9945=CARTESIAN_POINT('Ctrl Pts',(7.57435239851475,22.0593920946121,26.6));
#9946=CARTESIAN_POINT('Ctrl Pts',(5.74897207319736,21.7456129789352,27.));
#9947=CARTESIAN_POINT('Ctrl Pts',(5.74897207319736,21.7456129789352,26.6));
#9948=CARTESIAN_POINT('Ctrl Pts',(6.00419065586595,21.7444604626962,27.));
#9949=CARTESIAN_POINT('Ctrl Pts',(6.00419065586595,21.7444604626962,26.6));
#9950=CARTESIAN_POINT('Ctrl Pts',(6.39559892140344,21.742692941,27.));
#9951=CARTESIAN_POINT('Ctrl Pts',(6.39559892140344,21.742692941,26.6));
#9952=CARTESIAN_POINT('Ctrl Pts',(6.78629336077287,21.7651008250098,27.));
#9953=CARTESIAN_POINT('Ctrl Pts',(6.78629336077287,21.7651008250098,26.6));
#9954=CARTESIAN_POINT('Ctrl Pts',(6.92223466932774,21.7728976011276,27.));
#9955=CARTESIAN_POINT('Ctrl Pts',(6.92223466932774,21.7728976011276,26.6));
#9956=CARTESIAN_POINT('',(5.74897207319736,21.7456129789352,27.));
#9957=CARTESIAN_POINT('Ctrl Pts',(5.74897207319736,21.7456129789352,27.));
#9958=CARTESIAN_POINT('Ctrl Pts',(6.00419065586595,21.7444604626962,27.));
#9959=CARTESIAN_POINT('Ctrl Pts',(6.39559892140344,21.742692941,27.));
#9960=CARTESIAN_POINT('Ctrl Pts',(6.78629336077287,21.7651008250098,27.));
#9961=CARTESIAN_POINT('Ctrl Pts',(6.92223466932774,21.7728976011276,27.));
#9962=CARTESIAN_POINT('',(5.74897207319736,21.7456129789352,26.6));
#9963=CARTESIAN_POINT('',(5.74897207319736,21.7456129789352,27.));
#9964=CARTESIAN_POINT('Ctrl Pts',(5.74897207319736,21.7456129789352,26.6));
#9965=CARTESIAN_POINT('Ctrl Pts',(6.00419065586595,21.7444604626962,26.6));
#9966=CARTESIAN_POINT('Ctrl Pts',(6.39559892140344,21.742692941,26.6));
#9967=CARTESIAN_POINT('Ctrl Pts',(6.78629336077287,21.7651008250098,26.6));
#9968=CARTESIAN_POINT('Ctrl Pts',(6.92223466932774,21.7728976011276,26.6));
#9969=CARTESIAN_POINT('Origin',(4.69030775129795,21.7456129789352,27.));
#9970=CARTESIAN_POINT('',(4.69030775129795,21.7456129789352,27.));
#9971=CARTESIAN_POINT('',(2.34515387564898,21.7456129789352,27.));
#9972=CARTESIAN_POINT('',(4.69030775129795,21.7456129789352,26.6));
#9973=CARTESIAN_POINT('',(4.69030775129795,21.7456129789352,27.));
#9974=CARTESIAN_POINT('',(4.69030775129795,21.7456129789352,26.6));
#9975=CARTESIAN_POINT('Origin',(4.69030775129795,23.5955444574356,27.));
#9976=CARTESIAN_POINT('',(4.69030775129795,23.5955444574356,27.));
#9977=CARTESIAN_POINT('',(4.69030775129795,11.0477722287178,27.));
#9978=CARTESIAN_POINT('',(4.69030775129795,23.5955444574356,26.6));
#9979=CARTESIAN_POINT('',(4.69030775129795,23.5955444574356,27.));
#9980=CARTESIAN_POINT('',(4.69030775129795,23.5955444574356,26.6));
#9981=CARTESIAN_POINT('Origin',(5.61800397932529,23.5955444574356,27.));
#9982=CARTESIAN_POINT('',(2.80900198966265,23.5955444574356,27.));
#9983=CARTESIAN_POINT('',(5.61800397932529,23.5955444574356,26.6));
#9984=CARTESIAN_POINT('Ctrl Pts',(7.42700971662998,20.2995005846024,27.));
#9985=CARTESIAN_POINT('Ctrl Pts',(7.42700971662998,20.2995005846024,26.6));
#9986=CARTESIAN_POINT('Ctrl Pts',(7.25302552024526,20.3324000644308,27.));
#9987=CARTESIAN_POINT('Ctrl Pts',(7.25302552024526,20.3324000644308,26.6));
#9988=CARTESIAN_POINT('Ctrl Pts',(6.78052196921813,20.4217479556125,27.));
#9989=CARTESIAN_POINT('Ctrl Pts',(6.78052196921813,20.4217479556125,26.6));
#9990=CARTESIAN_POINT('Ctrl Pts',(6.29885306912889,20.4170603836043,27.));
#9991=CARTESIAN_POINT('Ctrl Pts',(6.29885306912889,20.4170603836043,26.6));
#9992=CARTESIAN_POINT('Ctrl Pts',(5.99454320967197,20.4140988588333,27.));
#9993=CARTESIAN_POINT('Ctrl Pts',(5.99454320967197,20.4140988588333,26.6));
#9994=CARTESIAN_POINT('',(7.42700971662998,20.2995005846024,27.));
#9995=CARTESIAN_POINT('',(5.99454320967197,20.4140988588333,27.));
#9996=CARTESIAN_POINT('Ctrl Pts',(7.42700971662998,20.2995005846024,27.));
#9997=CARTESIAN_POINT('Ctrl Pts',(7.25302552024526,20.3324000644308,27.));
#9998=CARTESIAN_POINT('Ctrl Pts',(6.78052196921813,20.4217479556125,27.));
#9999=CARTESIAN_POINT('Ctrl Pts',(6.29885306912889,20.4170603836043,27.));
#10000=CARTESIAN_POINT('Ctrl Pts',(5.99454320967197,20.4140988588333,27.));
#10001=CARTESIAN_POINT('',(7.42700971662998,20.2995005846024,26.6));
#10002=CARTESIAN_POINT('',(7.42700971662998,20.2995005846024,27.));
#10003=CARTESIAN_POINT('',(5.99454320967197,20.4140988588333,26.6));
#10004=CARTESIAN_POINT('Ctrl Pts',(7.42700971662998,20.2995005846024,26.6));
#10005=CARTESIAN_POINT('Ctrl Pts',(7.25302552024526,20.3324000644308,26.6));
#10006=CARTESIAN_POINT('Ctrl Pts',(6.78052196921813,20.4217479556125,26.6));
#10007=CARTESIAN_POINT('Ctrl Pts',(6.29885306912889,20.4170603836043,26.6));
#10008=CARTESIAN_POINT('Ctrl Pts',(5.99454320967197,20.4140988588333,26.6));
#10009=CARTESIAN_POINT('',(5.99454320967197,20.4140988588333,27.));
#10010=CARTESIAN_POINT('Ctrl Pts',(7.93178476393223,19.9338797330856,27.));
#10011=CARTESIAN_POINT('Ctrl Pts',(7.93178476393223,19.9338797330856,26.6));
#10012=CARTESIAN_POINT('Ctrl Pts',(7.8652424336957,20.0124938538881,27.));
#10013=CARTESIAN_POINT('Ctrl Pts',(7.8652424336957,20.0124938538881,26.6));
#10014=CARTESIAN_POINT('Ctrl Pts',(7.72720104228912,20.1755780527914,27.));
#10015=CARTESIAN_POINT('Ctrl Pts',(7.72720104228912,20.1755780527914,26.6));
#10016=CARTESIAN_POINT('Ctrl Pts',(7.52944052505907,20.2572159346775,27.));
#10017=CARTESIAN_POINT('Ctrl Pts',(7.52944052505907,20.2572159346775,26.6));
#10018=CARTESIAN_POINT('Ctrl Pts',(7.42700971662998,20.2995005846024,27.));
#10019=CARTESIAN_POINT('Ctrl Pts',(7.42700971662998,20.2995005846024,26.6));
#10020=CARTESIAN_POINT('',(7.93178476393223,19.9338797330856,27.));
#10021=CARTESIAN_POINT('Ctrl Pts',(7.93178476393223,19.9338797330856,27.));
#10022=CARTESIAN_POINT('Ctrl Pts',(7.8652424336957,20.0124938538881,27.));
#10023=CARTESIAN_POINT('Ctrl Pts',(7.72720104228912,20.1755780527914,27.));
#10024=CARTESIAN_POINT('Ctrl Pts',(7.52944052505907,20.2572159346775,27.));
#10025=CARTESIAN_POINT('Ctrl Pts',(7.42700971662998,20.2995005846024,27.));
#10026=CARTESIAN_POINT('',(7.93178476393223,19.9338797330856,26.6));
#10027=CARTESIAN_POINT('',(7.93178476393223,19.9338797330856,27.));
#10028=CARTESIAN_POINT('Ctrl Pts',(7.93178476393223,19.9338797330856,26.6));
#10029=CARTESIAN_POINT('Ctrl Pts',(7.8652424336957,20.0124938538881,26.6));
#10030=CARTESIAN_POINT('Ctrl Pts',(7.72720104228912,20.1755780527914,26.6));
#10031=CARTESIAN_POINT('Ctrl Pts',(7.52944052505907,20.2572159346775,26.6));
#10032=CARTESIAN_POINT('Ctrl Pts',(7.42700971662998,20.2995005846024,26.6));
#10033=CARTESIAN_POINT('Ctrl Pts',(8.10640729963779,19.3226937055588,27.));
#10034=CARTESIAN_POINT('Ctrl Pts',(8.10640729963779,19.3226937055588,26.6));
#10035=CARTESIAN_POINT('Ctrl Pts',(8.10049268743528,19.436184834787,27.));
#10036=CARTESIAN_POINT('Ctrl Pts',(8.10049268743528,19.436184834787,26.6));
#10037=CARTESIAN_POINT('Ctrl Pts',(8.08915931207771,19.6536526117526,27.));
#10038=CARTESIAN_POINT('Ctrl Pts',(8.08915931207771,19.6536526117526,26.6));
#10039=CARTESIAN_POINT('Ctrl Pts',(7.98269022906972,19.8432355207673,27.));
#10040=CARTESIAN_POINT('Ctrl Pts',(7.98269022906972,19.8432355207673,26.6));
#10041=CARTESIAN_POINT('Ctrl Pts',(7.93178476393223,19.9338797330856,27.));
#10042=CARTESIAN_POINT('Ctrl Pts',(7.93178476393223,19.9338797330856,26.6));
#10043=CARTESIAN_POINT('',(8.10640729963779,19.3226937055588,27.));
#10044=CARTESIAN_POINT('Ctrl Pts',(8.10640729963779,19.3226937055588,27.));
#10045=CARTESIAN_POINT('Ctrl Pts',(8.10049268743528,19.436184834787,27.));
#10046=CARTESIAN_POINT('Ctrl Pts',(8.08915931207771,19.6536526117526,27.));
#10047=CARTESIAN_POINT('Ctrl Pts',(7.98269022906972,19.8432355207673,27.));
#10048=CARTESIAN_POINT('Ctrl Pts',(7.93178476393223,19.9338797330856,27.));
#10049=CARTESIAN_POINT('',(8.10640729963779,19.3226937055588,26.6));
#10050=CARTESIAN_POINT('',(8.10640729963779,19.3226937055588,27.));
#10051=CARTESIAN_POINT('Ctrl Pts',(8.10640729963779,19.3226937055588,26.6));
#10052=CARTESIAN_POINT('Ctrl Pts',(8.10049268743528,19.436184834787,26.6));
#10053=CARTESIAN_POINT('Ctrl Pts',(8.08915931207771,19.6536526117526,26.6));
#10054=CARTESIAN_POINT('Ctrl Pts',(7.98269022906972,19.8432355207673,26.6));
#10055=CARTESIAN_POINT('Ctrl Pts',(7.93178476393223,19.9338797330856,26.6));
#10056=CARTESIAN_POINT('Ctrl Pts',(7.87994302809238,18.6432937383652,27.));
#10057=CARTESIAN_POINT('Ctrl Pts',(7.87994302809238,18.6432937383652,26.6));
#10058=CARTESIAN_POINT('Ctrl Pts',(7.9459280807685,18.7389580497313,27.));
#10059=CARTESIAN_POINT('Ctrl Pts',(7.9459280807685,18.7389580497313,26.6));
#10060=CARTESIAN_POINT('Ctrl Pts',(8.08657131082381,18.9428608611391,27.));
#10061=CARTESIAN_POINT('Ctrl Pts',(8.08657131082381,18.9428608611391,26.6));
#10062=CARTESIAN_POINT('Ctrl Pts',(8.09952894807933,19.190982407379,27.));
#10063=CARTESIAN_POINT('Ctrl Pts',(8.09952894807933,19.190982407379,26.6));
#10064=CARTESIAN_POINT('Ctrl Pts',(8.10640729963779,19.3226937055588,27.));
#10065=CARTESIAN_POINT('Ctrl Pts',(8.10640729963779,19.3226937055588,26.6));
#10066=CARTESIAN_POINT('',(7.87994302809238,18.6432937383652,27.));
#10067=CARTESIAN_POINT('Ctrl Pts',(7.87994302809238,18.6432937383652,27.));
#10068=CARTESIAN_POINT('Ctrl Pts',(7.9459280807685,18.7389580497313,27.));
#10069=CARTESIAN_POINT('Ctrl Pts',(8.08657131082381,18.9428608611391,27.));
#10070=CARTESIAN_POINT('Ctrl Pts',(8.09952894807933,19.190982407379,27.));
#10071=CARTESIAN_POINT('Ctrl Pts',(8.10640729963779,19.3226937055588,27.));
#10072=CARTESIAN_POINT('',(7.87994302809238,18.6432937383652,26.6));
#10073=CARTESIAN_POINT('',(7.87994302809238,18.6432937383652,27.));
#10074=CARTESIAN_POINT('Ctrl Pts',(7.87994302809238,18.6432937383652,26.6));
#10075=CARTESIAN_POINT('Ctrl Pts',(7.9459280807685,18.7389580497313,26.6));
#10076=CARTESIAN_POINT('Ctrl Pts',(8.08657131082381,18.9428608611391,26.6));
#10077=CARTESIAN_POINT('Ctrl Pts',(8.09952894807933,19.190982407379,26.6));
#10078=CARTESIAN_POINT('Ctrl Pts',(8.10640729963779,19.3226937055588,26.6));
#10079=CARTESIAN_POINT('Ctrl Pts',(7.29331411421299,18.3240572214127,27.));
#10080=CARTESIAN_POINT('Ctrl Pts',(7.29331411421299,18.3240572214127,26.6));
#10081=CARTESIAN_POINT('Ctrl Pts',(7.40700909068982,18.3528578976029,27.));
#10082=CARTESIAN_POINT('Ctrl Pts',(7.40700909068982,18.3528578976029,26.6));
#10083=CARTESIAN_POINT('Ctrl Pts',(7.62994988016605,18.409332208837,27.));
#10084=CARTESIAN_POINT('Ctrl Pts',(7.62994988016605,18.409332208837,26.6));
#10085=CARTESIAN_POINT('Ctrl Pts',(7.79772807876585,18.5663510883203,27.));
#10086=CARTESIAN_POINT('Ctrl Pts',(7.79772807876585,18.5663510883203,26.6));
#10087=CARTESIAN_POINT('Ctrl Pts',(7.87994302809238,18.6432937383652,27.));
#10088=CARTESIAN_POINT('Ctrl Pts',(7.87994302809238,18.6432937383652,26.6));
#10089=CARTESIAN_POINT('',(7.29331411421299,18.3240572214127,27.));
#10090=CARTESIAN_POINT('Ctrl Pts',(7.29331411421299,18.3240572214127,27.));
#10091=CARTESIAN_POINT('Ctrl Pts',(7.40700909068982,18.3528578976029,27.));
#10092=CARTESIAN_POINT('Ctrl Pts',(7.62994988016605,18.409332208837,27.));
#10093=CARTESIAN_POINT('Ctrl Pts',(7.79772807876585,18.5663510883203,27.));
#10094=CARTESIAN_POINT('Ctrl Pts',(7.87994302809238,18.6432937383652,27.));
#10095=CARTESIAN_POINT('',(7.29331411421299,18.3240572214127,26.6));
#10096=CARTESIAN_POINT('',(7.29331411421299,18.3240572214127,27.));
#10097=CARTESIAN_POINT('Ctrl Pts',(7.29331411421299,18.3240572214127,26.6));
#10098=CARTESIAN_POINT('Ctrl Pts',(7.40700909068982,18.3528578976029,26.6));
#10099=CARTESIAN_POINT('Ctrl Pts',(7.62994988016605,18.409332208837,26.6));
#10100=CARTESIAN_POINT('Ctrl Pts',(7.79772807876585,18.5663510883203,26.6));
#10101=CARTESIAN_POINT('Ctrl Pts',(7.87994302809238,18.6432937383652,26.6));
#10102=CARTESIAN_POINT('Ctrl Pts',(6.18553556501865,18.2749441862106,27.));
#10103=CARTESIAN_POINT('Ctrl Pts',(6.18553556501865,18.2749441862106,26.6));
#10104=CARTESIAN_POINT('Ctrl Pts',(6.42369272588867,18.2732379539279,27.));
#10105=CARTESIAN_POINT('Ctrl Pts',(6.42369272588867,18.2732379539279,26.6));
#10106=CARTESIAN_POINT('Ctrl Pts',(6.79400306961195,18.2705849349684,27.));
#10107=CARTESIAN_POINT('Ctrl Pts',(6.79400306961195,18.2705849349684,26.6));
#10108=CARTESIAN_POINT('Ctrl Pts',(7.16199006721718,18.3099934486724,27.));
#10109=CARTESIAN_POINT('Ctrl Pts',(7.16199006721718,18.3099934486724,26.6));
#10110=CARTESIAN_POINT('Ctrl Pts',(7.29331411421299,18.3240572214127,27.));
#10111=CARTESIAN_POINT('Ctrl Pts',(7.29331411421299,18.3240572214127,26.6));
#10112=CARTESIAN_POINT('',(6.18553556501865,18.2749441862106,27.));
#10113=CARTESIAN_POINT('Ctrl Pts',(6.18553556501865,18.2749441862106,27.));
#10114=CARTESIAN_POINT('Ctrl Pts',(6.42369272588867,18.2732379539279,27.));
#10115=CARTESIAN_POINT('Ctrl Pts',(6.79400306961195,18.2705849349684,27.));
#10116=CARTESIAN_POINT('Ctrl Pts',(7.16199006721718,18.3099934486724,27.));
#10117=CARTESIAN_POINT('Ctrl Pts',(7.29331411421299,18.3240572214127,27.));
#10118=CARTESIAN_POINT('',(6.18553556501865,18.2749441862106,26.6));
#10119=CARTESIAN_POINT('',(6.18553556501865,18.2749441862106,27.));
#10120=CARTESIAN_POINT('Ctrl Pts',(6.18553556501865,18.2749441862106,26.6));
#10121=CARTESIAN_POINT('Ctrl Pts',(6.42369272588867,18.2732379539279,26.6));
#10122=CARTESIAN_POINT('Ctrl Pts',(6.79400306961195,18.2705849349684,26.6));
#10123=CARTESIAN_POINT('Ctrl Pts',(7.16199006721718,18.3099934486724,26.6));
#10124=CARTESIAN_POINT('Ctrl Pts',(7.29331411421299,18.3240572214127,26.6));
#10125=CARTESIAN_POINT('Origin',(4.69030775129795,18.2749441862106,27.));
#10126=CARTESIAN_POINT('',(4.69030775129795,18.2749441862106,27.));
#10127=CARTESIAN_POINT('',(2.34515387564898,18.2749441862106,27.));
#10128=CARTESIAN_POINT('',(4.69030775129795,18.2749441862106,26.6));
#10129=CARTESIAN_POINT('',(4.69030775129795,18.2749441862106,27.));
#10130=CARTESIAN_POINT('',(4.69030775129795,18.2749441862106,26.6));
#10131=CARTESIAN_POINT('Origin',(4.69030775129795,20.4140988588333,27.));
#10132=CARTESIAN_POINT('',(4.69030775129795,20.4140988588333,27.));
#10133=CARTESIAN_POINT('',(4.69030775129795,9.45704942941666,27.));
#10134=CARTESIAN_POINT('',(4.69030775129795,20.4140988588333,26.6));
#10135=CARTESIAN_POINT('',(4.69030775129795,20.4140988588333,27.));
#10136=CARTESIAN_POINT('',(4.69030775129795,20.4140988588333,26.6));
#10137=CARTESIAN_POINT('Origin',(5.99454320967197,20.4140988588333,27.));
#10138=CARTESIAN_POINT('',(2.99727160483599,20.4140988588333,27.));
#10139=CARTESIAN_POINT('',(5.99454320967197,20.4140988588333,26.6));
#10140=CARTESIAN_POINT('Origin',(5.79808630049229,16.9270590543747,27.));
#10141=CARTESIAN_POINT('',(5.79808630049229,16.9270590543747,27.));
#10142=CARTESIAN_POINT('',(3.07503141462803,16.9270590543747,27.));
#10143=CARTESIAN_POINT('',(2.89904315024614,16.9270590543747,27.));
#10144=CARTESIAN_POINT('',(5.79808630049229,16.9270590543747,26.6));
#10145=CARTESIAN_POINT('',(5.79808630049229,16.9270590543747,27.));
#10146=CARTESIAN_POINT('',(3.07503141462803,16.9270590543747,26.6));
#10147=CARTESIAN_POINT('',(5.79808630049229,16.9270590543747,26.6));
#10148=CARTESIAN_POINT('',(3.07503141462803,16.9270590543747,27.));
#10149=CARTESIAN_POINT('Ctrl Pts',(7.74624265730381,16.9816294908524,27.));
#10150=CARTESIAN_POINT('Ctrl Pts',(7.74624265730381,16.9816294908524,26.6));
#10151=CARTESIAN_POINT('Ctrl Pts',(7.51664384820897,16.9683307858555,27.));
#10152=CARTESIAN_POINT('Ctrl Pts',(7.51664384820897,16.9683307858555,26.6));
#10153=CARTESIAN_POINT('Ctrl Pts',(6.8679042508268,16.9307548221153,27.));
#10154=CARTESIAN_POINT('Ctrl Pts',(6.8679042508268,16.9307548221153,26.6));
#10155=CARTESIAN_POINT('Ctrl Pts',(6.21798757880447,16.9285096353807,27.));
#10156=CARTESIAN_POINT('Ctrl Pts',(6.21798757880447,16.9285096353807,26.6));
#10157=CARTESIAN_POINT('Ctrl Pts',(5.79808630049229,16.9270590543747,27.));
#10158=CARTESIAN_POINT('Ctrl Pts',(5.79808630049229,16.9270590543747,26.6));
#10159=CARTESIAN_POINT('',(7.74624265730381,16.9816294908524,27.));
#10160=CARTESIAN_POINT('Ctrl Pts',(7.74624265730381,16.9816294908524,27.));
#10161=CARTESIAN_POINT('Ctrl Pts',(7.51664384820897,16.9683307858555,27.));
#10162=CARTESIAN_POINT('Ctrl Pts',(6.8679042508268,16.9307548221153,27.));
#10163=CARTESIAN_POINT('Ctrl Pts',(6.21798757880447,16.9285096353807,27.));
#10164=CARTESIAN_POINT('Ctrl Pts',(5.79808630049229,16.9270590543747,27.));
#10165=CARTESIAN_POINT('',(7.74624265730381,16.9816294908524,26.6));
#10166=CARTESIAN_POINT('',(7.74624265730381,16.9816294908524,27.));
#10167=CARTESIAN_POINT('Ctrl Pts',(7.74624265730381,16.9816294908524,26.6));
#10168=CARTESIAN_POINT('Ctrl Pts',(7.51664384820897,16.9683307858555,26.6));
#10169=CARTESIAN_POINT('Ctrl Pts',(6.8679042508268,16.9307548221153,26.6));
#10170=CARTESIAN_POINT('Ctrl Pts',(6.21798757880447,16.9285096353807,26.6));
#10171=CARTESIAN_POINT('Ctrl Pts',(5.79808630049229,16.9270590543747,26.6));
#10172=CARTESIAN_POINT('Ctrl Pts',(8.82946409285069,17.3608926534653,27.));
#10173=CARTESIAN_POINT('Ctrl Pts',(8.82946409285069,17.3608926534653,26.6));
#10174=CARTESIAN_POINT('Ctrl Pts',(8.66968513663509,17.2675281344396,27.));
#10175=CARTESIAN_POINT('Ctrl Pts',(8.66968513663509,17.2675281344396,26.6));
#10176=CARTESIAN_POINT('Ctrl Pts',(8.33360085627165,17.0711421526343,27.));
#10177=CARTESIAN_POINT('Ctrl Pts',(8.33360085627165,17.0711421526343,26.6));
#10178=CARTESIAN_POINT('Ctrl Pts',(7.94834351327003,17.0124294108973,27.));
#10179=CARTESIAN_POINT('Ctrl Pts',(7.94834351327003,17.0124294108973,26.6));
#10180=CARTESIAN_POINT('Ctrl Pts',(7.74624265730381,16.9816294908524,27.));
#10181=CARTESIAN_POINT('Ctrl Pts',(7.74624265730381,16.9816294908524,26.6));
#10182=CARTESIAN_POINT('',(8.82946409285069,17.3608926534653,27.));
#10183=CARTESIAN_POINT('Ctrl Pts',(8.82946409285069,17.3608926534653,27.));
#10184=CARTESIAN_POINT('Ctrl Pts',(8.66968513663509,17.2675281344396,27.));
#10185=CARTESIAN_POINT('Ctrl Pts',(8.33360085627165,17.0711421526343,27.));
#10186=CARTESIAN_POINT('Ctrl Pts',(7.94834351327003,17.0124294108973,27.));
#10187=CARTESIAN_POINT('Ctrl Pts',(7.74624265730381,16.9816294908524,27.));
#10188=CARTESIAN_POINT('',(8.82946409285069,17.3608926534653,26.6));
#10189=CARTESIAN_POINT('',(8.82946409285069,17.3608926534653,27.));
#10190=CARTESIAN_POINT('Ctrl Pts',(8.82946409285069,17.3608926534653,26.6));
#10191=CARTESIAN_POINT('Ctrl Pts',(8.66968513663509,17.2675281344396,26.6));
#10192=CARTESIAN_POINT('Ctrl Pts',(8.33360085627165,17.0711421526343,26.6));
#10193=CARTESIAN_POINT('Ctrl Pts',(7.94834351327003,17.0124294108973,26.6));
#10194=CARTESIAN_POINT('Ctrl Pts',(7.74624265730381,16.9816294908524,26.6));
#10195=CARTESIAN_POINT('Ctrl Pts',(9.52250875532627,18.1849030256271,27.));
#10196=CARTESIAN_POINT('Ctrl Pts',(9.52250875532627,18.1849030256271,26.6));
#10197=CARTESIAN_POINT('Ctrl Pts',(9.43154935911272,18.0226082089789,27.));
#10198=CARTESIAN_POINT('Ctrl Pts',(9.43154935911272,18.0226082089789,26.6));
#10199=CARTESIAN_POINT('Ctrl Pts',(9.25283821378711,17.7037418381477,27.));
#10200=CARTESIAN_POINT('Ctrl Pts',(9.25283821378711,17.7037418381477,26.6));
#10201=CARTESIAN_POINT('Ctrl Pts',(8.96888995820187,17.4737999897795,27.));
#10202=CARTESIAN_POINT('Ctrl Pts',(8.96888995820187,17.4737999897795,26.6));
#10203=CARTESIAN_POINT('Ctrl Pts',(8.82946409285069,17.3608926534653,27.));
#10204=CARTESIAN_POINT('Ctrl Pts',(8.82946409285069,17.3608926534653,26.6));
#10205=CARTESIAN_POINT('',(9.52250875532627,18.1849030256271,27.));
#10206=CARTESIAN_POINT('Ctrl Pts',(9.52250875532627,18.1849030256271,27.));
#10207=CARTESIAN_POINT('Ctrl Pts',(9.43154935911272,18.0226082089789,27.));
#10208=CARTESIAN_POINT('Ctrl Pts',(9.25283821378711,17.7037418381477,27.));
#10209=CARTESIAN_POINT('Ctrl Pts',(8.96888995820187,17.4737999897795,27.));
#10210=CARTESIAN_POINT('Ctrl Pts',(8.82946409285069,17.3608926534653,27.));
#10211=CARTESIAN_POINT('',(9.52250875532627,18.1849030256271,26.6));
#10212=CARTESIAN_POINT('',(9.52250875532627,18.1849030256271,27.));
#10213=CARTESIAN_POINT('Ctrl Pts',(9.52250875532627,18.1849030256271,26.6));
#10214=CARTESIAN_POINT('Ctrl Pts',(9.43154935911272,18.0226082089789,26.6));
#10215=CARTESIAN_POINT('Ctrl Pts',(9.25283821378711,17.7037418381477,26.6));
#10216=CARTESIAN_POINT('Ctrl Pts',(8.96888995820187,17.4737999897795,26.6));
#10217=CARTESIAN_POINT('Ctrl Pts',(8.82946409285069,17.3608926534653,26.6));
#10218=CARTESIAN_POINT('Ctrl Pts',(9.77625764906406,19.2462948560715,27.));
#10219=CARTESIAN_POINT('Ctrl Pts',(9.77625764906406,19.2462948560715,26.6));
#10220=CARTESIAN_POINT('Ctrl Pts',(9.7651279104939,19.0645175367223,27.));
#10221=CARTESIAN_POINT('Ctrl Pts',(9.7651279104939,19.0645175367223,26.6));
#10222=CARTESIAN_POINT('Ctrl Pts',(9.74256431779786,18.6959959070976,27.));
#10223=CARTESIAN_POINT('Ctrl Pts',(9.74256431779786,18.6959959070976,26.6));
#10224=CARTESIAN_POINT('Ctrl Pts',(9.59651675992933,18.3567912701215,27.));
#10225=CARTESIAN_POINT('Ctrl Pts',(9.59651675992933,18.3567912701215,26.6));
#10226=CARTESIAN_POINT('Ctrl Pts',(9.52250875532627,18.1849030256271,27.));
#10227=CARTESIAN_POINT('Ctrl Pts',(9.52250875532627,18.1849030256271,26.6));
#10228=CARTESIAN_POINT('',(9.77625764906406,19.2462948560715,27.));
#10229=CARTESIAN_POINT('Ctrl Pts',(9.77625764906406,19.2462948560715,27.));
#10230=CARTESIAN_POINT('Ctrl Pts',(9.7651279104939,19.0645175367223,27.));
#10231=CARTESIAN_POINT('Ctrl Pts',(9.74256431779786,18.6959959070976,27.));
#10232=CARTESIAN_POINT('Ctrl Pts',(9.59651675992933,18.3567912701215,27.));
#10233=CARTESIAN_POINT('Ctrl Pts',(9.52250875532627,18.1849030256271,27.));
#10234=CARTESIAN_POINT('',(9.77625764906406,19.2462948560715,26.6));
#10235=CARTESIAN_POINT('',(9.77625764906406,19.2462948560715,27.));
#10236=CARTESIAN_POINT('Ctrl Pts',(9.77625764906406,19.2462948560715,26.6));
#10237=CARTESIAN_POINT('Ctrl Pts',(9.7651279104939,19.0645175367223,26.6));
#10238=CARTESIAN_POINT('Ctrl Pts',(9.74256431779786,18.6959959070976,26.6));
#10239=CARTESIAN_POINT('Ctrl Pts',(9.59651675992933,18.3567912701215,26.6));
#10240=CARTESIAN_POINT('Ctrl Pts',(9.52250875532627,18.1849030256271,26.6));
#10241=CARTESIAN_POINT('Ctrl Pts',(9.38335336744785,20.4522970914841,27.));
#10242=CARTESIAN_POINT('Ctrl Pts',(9.38335336744785,20.4522970914841,26.6));
#10243=CARTESIAN_POINT('Ctrl Pts',(9.49793770102325,20.2716914091304,27.));
#10244=CARTESIAN_POINT('Ctrl Pts',(9.49793770102325,20.2716914091304,26.6));
#10245=CARTESIAN_POINT('Ctrl Pts',(9.73153934825567,19.9034928641731,27.));
#10246=CARTESIAN_POINT('Ctrl Pts',(9.73153934825567,19.9034928641731,26.6));
#10247=CARTESIAN_POINT('Ctrl Pts',(9.76116415545244,19.4681148661688,27.));
#10248=CARTESIAN_POINT('Ctrl Pts',(9.76116415545244,19.4681148661688,26.6));
#10249=CARTESIAN_POINT('Ctrl Pts',(9.77625764906406,19.2462948560715,27.));
#10250=CARTESIAN_POINT('Ctrl Pts',(9.77625764906406,19.2462948560715,26.6));
#10251=CARTESIAN_POINT('',(9.38335336744785,20.4522970914841,27.));
#10252=CARTESIAN_POINT('Ctrl Pts',(9.38335336744785,20.4522970914841,27.));
#10253=CARTESIAN_POINT('Ctrl Pts',(9.49793770102325,20.2716914091304,27.));
#10254=CARTESIAN_POINT('Ctrl Pts',(9.73153934825567,19.9034928641731,27.));
#10255=CARTESIAN_POINT('Ctrl Pts',(9.76116415545244,19.4681148661688,27.));
#10256=CARTESIAN_POINT('Ctrl Pts',(9.77625764906406,19.2462948560715,27.));
#10257=CARTESIAN_POINT('',(9.38335336744785,20.4522970914841,26.6));
#10258=CARTESIAN_POINT('',(9.38335336744785,20.4522970914841,27.));
#10259=CARTESIAN_POINT('Ctrl Pts',(9.38335336744785,20.4522970914841,26.6));
#10260=CARTESIAN_POINT('Ctrl Pts',(9.49793770102325,20.2716914091304,26.6));
#10261=CARTESIAN_POINT('Ctrl Pts',(9.73153934825567,19.9034928641731,26.6));
#10262=CARTESIAN_POINT('Ctrl Pts',(9.76116415545244,19.4681148661688,26.6));
#10263=CARTESIAN_POINT('Ctrl Pts',(9.77625764906406,19.2462948560715,26.6));
#10264=CARTESIAN_POINT('Ctrl Pts',(8.2592049986124,21.1780825853348,27.));
#10265=CARTESIAN_POINT('Ctrl Pts',(8.2592049986124,21.1780825853348,26.6));
#10266=CARTESIAN_POINT('Ctrl Pts',(8.48563471880309,21.0987133691383,27.));
#10267=CARTESIAN_POINT('Ctrl Pts',(8.48563471880309,21.0987133691383,26.6));
#10268=CARTESIAN_POINT('Ctrl Pts',(8.91932256705338,20.9466950538722,27.));
#10269=CARTESIAN_POINT('Ctrl Pts',(8.91932256705338,20.9466950538722,26.6));
#10270=CARTESIAN_POINT('Ctrl Pts',(9.23330303776881,20.6121670337076,27.));
#10271=CARTESIAN_POINT('Ctrl Pts',(9.23330303776881,20.6121670337076,26.6));
#10272=CARTESIAN_POINT('Ctrl Pts',(9.38335336744785,20.4522970914841,27.));
#10273=CARTESIAN_POINT('Ctrl Pts',(9.38335336744785,20.4522970914841,26.6));
#10274=CARTESIAN_POINT('',(8.2592049986124,21.1780825853348,27.));
#10275=CARTESIAN_POINT('Ctrl Pts',(8.2592049986124,21.1780825853348,27.));
#10276=CARTESIAN_POINT('Ctrl Pts',(8.48563471880309,21.0987133691383,27.));
#10277=CARTESIAN_POINT('Ctrl Pts',(8.91932256705338,20.9466950538722,27.));
#10278=CARTESIAN_POINT('Ctrl Pts',(9.23330303776881,20.6121670337076,27.));
#10279=CARTESIAN_POINT('Ctrl Pts',(9.38335336744785,20.4522970914841,27.));
#10280=CARTESIAN_POINT('',(8.2592049986124,21.1780825853348,26.6));
#10281=CARTESIAN_POINT('',(8.2592049986124,21.1780825853348,27.));
#10282=CARTESIAN_POINT('Ctrl Pts',(8.2592049986124,21.1780825853348,26.6));
#10283=CARTESIAN_POINT('Ctrl Pts',(8.48563471880309,21.0987133691383,26.6));
#10284=CARTESIAN_POINT('Ctrl Pts',(8.91932256705338,20.9466950538722,26.6));
#10285=CARTESIAN_POINT('Ctrl Pts',(9.23330303776881,20.6121670337076,26.6));
#10286=CARTESIAN_POINT('Ctrl Pts',(9.38335336744785,20.4522970914841,26.6));
#10287=CARTESIAN_POINT('Ctrl Pts',(9.08049024641514,21.882038474083,27.));
#10288=CARTESIAN_POINT('Ctrl Pts',(9.08049024641514,21.882038474083,26.6));
#10289=CARTESIAN_POINT('Ctrl Pts',(8.97012888933166,21.7351894346449,27.));
#10290=CARTESIAN_POINT('Ctrl Pts',(8.97012888933166,21.7351894346449,26.6));
#10291=CARTESIAN_POINT('Ctrl Pts',(8.74830751356495,21.4400294545666,27.));
#10292=CARTESIAN_POINT('Ctrl Pts',(8.74830751356495,21.4400294545666,26.6));
#10293=CARTESIAN_POINT('Ctrl Pts',(8.42277661215718,21.2656860442281,27.));
#10294=CARTESIAN_POINT('Ctrl Pts',(8.42277661215718,21.2656860442281,26.6));
#10295=CARTESIAN_POINT('Ctrl Pts',(8.2592049986124,21.1780825853348,27.));
#10296=CARTESIAN_POINT('Ctrl Pts',(8.2592049986124,21.1780825853348,26.6));
#10297=CARTESIAN_POINT('',(9.08049024641514,21.882038474083,27.));
#10298=CARTESIAN_POINT('Ctrl Pts',(9.08049024641514,21.882038474083,27.));
#10299=CARTESIAN_POINT('Ctrl Pts',(8.97012888933166,21.7351894346449,27.));
#10300=CARTESIAN_POINT('Ctrl Pts',(8.74830751356495,21.4400294545666,27.));
#10301=CARTESIAN_POINT('Ctrl Pts',(8.42277661215718,21.2656860442281,27.));
#10302=CARTESIAN_POINT('Ctrl Pts',(8.2592049986124,21.1780825853348,27.));
#10303=CARTESIAN_POINT('',(9.08049024641514,21.882038474083,26.6));
#10304=CARTESIAN_POINT('',(9.08049024641514,21.882038474083,27.));
#10305=CARTESIAN_POINT('Ctrl Pts',(9.08049024641514,21.882038474083,26.6));
#10306=CARTESIAN_POINT('Ctrl Pts',(8.97012888933166,21.7351894346449,26.6));
#10307=CARTESIAN_POINT('Ctrl Pts',(8.74830751356495,21.4400294545666,26.6));
#10308=CARTESIAN_POINT('Ctrl Pts',(8.42277661215718,21.2656860442281,26.6));
#10309=CARTESIAN_POINT('Ctrl Pts',(8.2592049986124,21.1780825853348,26.6));
#10310=CARTESIAN_POINT('Ctrl Pts',(9.38335336744785,22.9134157896042,27.));
#10311=CARTESIAN_POINT('Ctrl Pts',(9.38335336744785,22.9134157896042,26.6));
#10312=CARTESIAN_POINT('Ctrl Pts',(9.37081823721359,22.7300549639226,27.));
#10313=CARTESIAN_POINT('Ctrl Pts',(9.37081823721359,22.7300549639226,26.6));
#10314=CARTESIAN_POINT('Ctrl Pts',(9.34578989975996,22.3639465521894,27.));
#10315=CARTESIAN_POINT('Ctrl Pts',(9.34578989975996,22.3639465521894,26.6));
#10316=CARTESIAN_POINT('Ctrl Pts',(9.16882465730757,22.0424950206602,27.));
#10317=CARTESIAN_POINT('Ctrl Pts',(9.16882465730757,22.0424950206602,26.6));
#10318=CARTESIAN_POINT('Ctrl Pts',(9.08049024641514,21.882038474083,27.));
#10319=CARTESIAN_POINT('Ctrl Pts',(9.08049024641514,21.882038474083,26.6));
#10320=CARTESIAN_POINT('',(9.38335336744785,22.9134157896042,27.));
#10321=CARTESIAN_POINT('Ctrl Pts',(9.38335336744785,22.9134157896042,27.));
#10322=CARTESIAN_POINT('Ctrl Pts',(9.37081823721359,22.7300549639226,27.));
#10323=CARTESIAN_POINT('Ctrl Pts',(9.34578989975996,22.3639465521894,27.));
#10324=CARTESIAN_POINT('Ctrl Pts',(9.16882465730757,22.0424950206602,27.));
#10325=CARTESIAN_POINT('Ctrl Pts',(9.08049024641514,21.882038474083,27.));
#10326=CARTESIAN_POINT('',(9.38335336744785,22.9134157896042,26.6));
#10327=CARTESIAN_POINT('',(9.38335336744785,22.9134157896042,27.));
#10328=CARTESIAN_POINT('Ctrl Pts',(9.38335336744785,22.9134157896042,26.6));
#10329=CARTESIAN_POINT('Ctrl Pts',(9.37081823721359,22.7300549639226,26.6));
#10330=CARTESIAN_POINT('Ctrl Pts',(9.34578989975996,22.3639465521894,26.6));
#10331=CARTESIAN_POINT('Ctrl Pts',(9.16882465730757,22.0424950206602,26.6));
#10332=CARTESIAN_POINT('Ctrl Pts',(9.08049024641514,21.882038474083,26.6));
#10333=CARTESIAN_POINT('Ctrl Pts',(9.13778699934483,23.8492963314056,27.));
#10334=CARTESIAN_POINT('Ctrl Pts',(9.13778699934483,23.8492963314056,26.6));
#10335=CARTESIAN_POINT('Ctrl Pts',(9.209403475986,23.7044388214403,27.));
#10336=CARTESIAN_POINT('Ctrl Pts',(9.209403475986,23.7044388214403,26.6));
#10337=CARTESIAN_POINT('Ctrl Pts',(9.35525052712018,23.4094363072989,27.));
#10338=CARTESIAN_POINT('Ctrl Pts',(9.35525052712018,23.4094363072989,26.6));
#10339=CARTESIAN_POINT('Ctrl Pts',(9.37387448481967,23.0807198846201,27.));
#10340=CARTESIAN_POINT('Ctrl Pts',(9.37387448481967,23.0807198846201,26.6));
#10341=CARTESIAN_POINT('Ctrl Pts',(9.38335336744785,22.9134157896042,27.));
#10342=CARTESIAN_POINT('Ctrl Pts',(9.38335336744785,22.9134157896042,26.6));
#10343=CARTESIAN_POINT('',(9.13778699934483,23.8492963314056,27.));
#10344=CARTESIAN_POINT('Ctrl Pts',(9.13778699934483,23.8492963314056,27.));
#10345=CARTESIAN_POINT('Ctrl Pts',(9.209403475986,23.7044388214403,27.));
#10346=CARTESIAN_POINT('Ctrl Pts',(9.35525052712018,23.4094363072989,27.));
#10347=CARTESIAN_POINT('Ctrl Pts',(9.37387448481967,23.0807198846201,27.));
#10348=CARTESIAN_POINT('Ctrl Pts',(9.38335336744785,22.9134157896042,27.));
#10349=CARTESIAN_POINT('',(9.13778699934483,23.8492963314056,26.6));
#10350=CARTESIAN_POINT('',(9.13778699934483,23.8492963314056,27.));
#10351=CARTESIAN_POINT('Ctrl Pts',(9.13778699934483,23.8492963314056,26.6));
#10352=CARTESIAN_POINT('Ctrl Pts',(9.209403475986,23.7044388214403,26.6));
#10353=CARTESIAN_POINT('Ctrl Pts',(9.35525052712018,23.4094363072989,26.6));
#10354=CARTESIAN_POINT('Ctrl Pts',(9.37387448481967,23.0807198846201,26.6));
#10355=CARTESIAN_POINT('Ctrl Pts',(9.38335336744785,22.9134157896042,26.6));
#10356=CARTESIAN_POINT('Ctrl Pts',(8.52386869490147,24.5177820920944,27.));
#10357=CARTESIAN_POINT('Ctrl Pts',(8.52386869490147,24.5177820920944,26.6));
#10358=CARTESIAN_POINT('Ctrl Pts',(8.64237629071512,24.4257330348006,27.));
#10359=CARTESIAN_POINT('Ctrl Pts',(8.64237629071512,24.4257330348006,26.6));
#10360=CARTESIAN_POINT('Ctrl Pts',(8.88460082764096,24.2375886367612,27.));
#10361=CARTESIAN_POINT('Ctrl Pts',(8.88460082764096,24.2375886367612,26.6));
#10362=CARTESIAN_POINT('Ctrl Pts',(9.05219020156435,23.9805696063936,27.));
#10363=CARTESIAN_POINT('Ctrl Pts',(9.05219020156435,23.9805696063936,26.6));
#10364=CARTESIAN_POINT('Ctrl Pts',(9.13778699934483,23.8492963314056,27.));
#10365=CARTESIAN_POINT('Ctrl Pts',(9.13778699934483,23.8492963314056,26.6));
#10366=CARTESIAN_POINT('',(8.52386869490147,24.5177820920944,27.));
#10367=CARTESIAN_POINT('Ctrl Pts',(8.52386869490147,24.5177820920944,27.));
#10368=CARTESIAN_POINT('Ctrl Pts',(8.64237629071512,24.4257330348006,27.));
#10369=CARTESIAN_POINT('Ctrl Pts',(8.88460082764096,24.2375886367612,27.));
#10370=CARTESIAN_POINT('Ctrl Pts',(9.05219020156435,23.9805696063936,27.));
#10371=CARTESIAN_POINT('Ctrl Pts',(9.13778699934483,23.8492963314056,27.));
#10372=CARTESIAN_POINT('',(8.52386869490147,24.5177820920944,26.6));
#10373=CARTESIAN_POINT('',(8.52386869490147,24.5177820920944,27.));
#10374=CARTESIAN_POINT('Ctrl Pts',(8.52386869490147,24.5177820920944,26.6));
#10375=CARTESIAN_POINT('Ctrl Pts',(8.64237629071512,24.4257330348006,26.6));
#10376=CARTESIAN_POINT('Ctrl Pts',(8.88460082764096,24.2375886367612,26.6));
#10377=CARTESIAN_POINT('Ctrl Pts',(9.05219020156435,23.9805696063936,26.6));
#10378=CARTESIAN_POINT('Ctrl Pts',(9.13778699934483,23.8492963314056,26.6));
#10379=CARTESIAN_POINT('Ctrl Pts',(7.68894590437412,24.8479322195053,27.));
#10380=CARTESIAN_POINT('Ctrl Pts',(7.68894590437412,24.8479322195053,26.6));
#10381=CARTESIAN_POINT('Ctrl Pts',(7.83939572606352,24.8150588097902,27.));
#10382=CARTESIAN_POINT('Ctrl Pts',(7.83939572606352,24.8150588097902,26.6));
#10383=CARTESIAN_POINT('Ctrl Pts',(8.13570702180649,24.7503145480902,27.));
#10384=CARTESIAN_POINT('Ctrl Pts',(8.13570702180649,24.7503145480902,26.6));
#10385=CARTESIAN_POINT('Ctrl Pts',(8.39582409858952,24.5944885948771,27.));
#10386=CARTESIAN_POINT('Ctrl Pts',(8.39582409858952,24.5944885948771,26.6));
#10387=CARTESIAN_POINT('Ctrl Pts',(8.52386869490147,24.5177820920944,27.));
#10388=CARTESIAN_POINT('Ctrl Pts',(8.52386869490147,24.5177820920944,26.6));
#10389=CARTESIAN_POINT('',(7.68894590437412,24.8479322195053,27.));
#10390=CARTESIAN_POINT('Ctrl Pts',(7.68894590437412,24.8479322195053,27.));
#10391=CARTESIAN_POINT('Ctrl Pts',(7.83939572606352,24.8150588097902,27.));
#10392=CARTESIAN_POINT('Ctrl Pts',(8.13570702180649,24.7503145480902,27.));
#10393=CARTESIAN_POINT('Ctrl Pts',(8.39582409858952,24.5944885948771,27.));
#10394=CARTESIAN_POINT('Ctrl Pts',(8.52386869490147,24.5177820920944,27.));
#10395=CARTESIAN_POINT('',(7.68894590437412,24.8479322195053,26.6));
#10396=CARTESIAN_POINT('',(7.68894590437412,24.8479322195053,27.));
#10397=CARTESIAN_POINT('Ctrl Pts',(7.68894590437412,24.8479322195053,26.6));
#10398=CARTESIAN_POINT('Ctrl Pts',(7.83939572606352,24.8150588097902,26.6));
#10399=CARTESIAN_POINT('Ctrl Pts',(8.13570702180649,24.7503145480902,26.6));
#10400=CARTESIAN_POINT('Ctrl Pts',(8.39582409858952,24.5944885948771,26.6));
#10401=CARTESIAN_POINT('Ctrl Pts',(8.52386869490147,24.5177820920944,26.6));
#10402=CARTESIAN_POINT('Ctrl Pts',(6.27284921705723,24.927059173584,27.));
#10403=CARTESIAN_POINT('Ctrl Pts',(6.27284921705723,24.927059173584,26.6));
#10404=CARTESIAN_POINT('Ctrl Pts',(6.54949708490782,24.9266531608998,27.));
#10405=CARTESIAN_POINT('Ctrl Pts',(6.54949708490782,24.9266531608998,26.6));
#10406=CARTESIAN_POINT('Ctrl Pts',(7.02313086888759,24.9259580486424,27.));
#10407=CARTESIAN_POINT('Ctrl Pts',(7.02313086888759,24.9259580486424,26.6));
#10408=CARTESIAN_POINT('Ctrl Pts',(7.49337129671408,24.8708513037968,27.));
#10409=CARTESIAN_POINT('Ctrl Pts',(7.49337129671408,24.8708513037968,26.6));
#10410=CARTESIAN_POINT('Ctrl Pts',(7.68894590437412,24.8479322195053,27.));
#10411=CARTESIAN_POINT('Ctrl Pts',(7.68894590437412,24.8479322195053,26.6));
#10412=CARTESIAN_POINT('',(6.27284921705723,24.927059173584,27.));
#10413=CARTESIAN_POINT('Ctrl Pts',(6.27284921705723,24.927059173584,27.));
#10414=CARTESIAN_POINT('Ctrl Pts',(6.54949708490782,24.9266531608998,27.));
#10415=CARTESIAN_POINT('Ctrl Pts',(7.02313086888759,24.9259580486424,27.));
#10416=CARTESIAN_POINT('Ctrl Pts',(7.49337129671408,24.8708513037968,27.));
#10417=CARTESIAN_POINT('Ctrl Pts',(7.68894590437412,24.8479322195053,27.));
#10418=CARTESIAN_POINT('',(6.27284921705723,24.927059173584,26.6));
#10419=CARTESIAN_POINT('',(6.27284921705723,24.927059173584,27.));
#10420=CARTESIAN_POINT('Ctrl Pts',(6.27284921705723,24.927059173584,26.6));
#10421=CARTESIAN_POINT('Ctrl Pts',(6.54949708490782,24.9266531608998,26.6));
#10422=CARTESIAN_POINT('Ctrl Pts',(7.02313086888759,24.9259580486424,26.6));
#10423=CARTESIAN_POINT('Ctrl Pts',(7.49337129671408,24.8708513037968,26.6));
#10424=CARTESIAN_POINT('Ctrl Pts',(7.68894590437412,24.8479322195053,26.6));
#10425=CARTESIAN_POINT('Origin',(3.07503141462803,24.927059173584,27.));
#10426=CARTESIAN_POINT('',(3.07503141462803,24.927059173584,27.));
#10427=CARTESIAN_POINT('',(1.53751570731401,24.927059173584,27.));
#10428=CARTESIAN_POINT('',(3.07503141462803,24.927059173584,26.6));
#10429=CARTESIAN_POINT('',(3.07503141462803,24.927059173584,27.));
#10430=CARTESIAN_POINT('',(3.07503141462803,24.927059173584,26.6));
#10431=CARTESIAN_POINT('Origin',(3.07503141462803,16.9270590543747,27.));
#10432=CARTESIAN_POINT('',(3.07503141462803,7.71352952718735,27.));
#10433=CARTESIAN_POINT('',(3.07503141462803,16.9270590543747,26.6));
#10434=CARTESIAN_POINT('Origin',(-3.72529029846191E-7,20.9243301153183,
26.6));
#10435=CARTESIAN_POINT('Origin',(0.,-1.49999999999999,27.));
#10436=CARTESIAN_POINT('Origin',(0.,-1.49999999999999,27.));
#10437=CARTESIAN_POINT('Ctrl Pts',(-4.59754548966885,16.7851761579514,27.));
#10438=CARTESIAN_POINT('Ctrl Pts',(-4.59754548966885,16.7851761579514,26.6));
#10439=CARTESIAN_POINT('Ctrl Pts',(-5.05795906020149,16.8017092568591,27.));
#10440=CARTESIAN_POINT('Ctrl Pts',(-5.05795906020149,16.8017092568591,26.6));
#10441=CARTESIAN_POINT('Ctrl Pts',(-5.89972057300402,16.8319362684821,27.));
#10442=CARTESIAN_POINT('Ctrl Pts',(-5.89972057300402,16.8319362684821,26.6));
#10443=CARTESIAN_POINT('Ctrl Pts',(-6.60718810668959,17.2823507415909,27.));
#10444=CARTESIAN_POINT('Ctrl Pts',(-6.60718810668959,17.2823507415909,26.6));
#10445=CARTESIAN_POINT('Ctrl Pts',(-6.92769609391689,17.4864045381546,27.));
#10446=CARTESIAN_POINT('Ctrl Pts',(-6.92769609391689,17.4864045381546,26.6));
#10447=CARTESIAN_POINT('',(-4.59754548966885,16.7851761579514,27.));
#10448=CARTESIAN_POINT('',(-6.92769609391689,17.4864045381546,27.));
#10449=CARTESIAN_POINT('Ctrl Pts',(-4.59754548966885,16.7851761579514,27.));
#10450=CARTESIAN_POINT('Ctrl Pts',(-5.05795906020149,16.8017092568591,27.));
#10451=CARTESIAN_POINT('Ctrl Pts',(-5.89972057300402,16.8319362684821,27.));
#10452=CARTESIAN_POINT('Ctrl Pts',(-6.60718810668959,17.2823507415909,27.));
#10453=CARTESIAN_POINT('Ctrl Pts',(-6.92769609391689,17.4864045381546,27.));
#10454=CARTESIAN_POINT('',(-4.59754548966885,16.7851761579514,26.6));
#10455=CARTESIAN_POINT('',(-4.59754548966885,16.7851761579514,27.));
#10456=CARTESIAN_POINT('',(-6.92769609391689,17.4864045381546,26.6));
#10457=CARTESIAN_POINT('Ctrl Pts',(-4.59754548966885,16.7851761579514,26.6));
#10458=CARTESIAN_POINT('Ctrl Pts',(-5.05795906020149,16.8017092568591,26.6));
#10459=CARTESIAN_POINT('Ctrl Pts',(-5.89972057300402,16.8319362684821,26.6));
#10460=CARTESIAN_POINT('Ctrl Pts',(-6.60718810668959,17.2823507415909,26.6));
#10461=CARTESIAN_POINT('Ctrl Pts',(-6.92769609391689,17.4864045381546,26.6));
#10462=CARTESIAN_POINT('',(-6.92769609391689,17.4864045381546,27.));
#10463=CARTESIAN_POINT('Ctrl Pts',(-2.8567560762167,17.0771268606186,27.));
#10464=CARTESIAN_POINT('Ctrl Pts',(-2.8567560762167,17.0771268606186,26.6));
#10465=CARTESIAN_POINT('Ctrl Pts',(-3.11612339521516,16.9921240092286,27.));
#10466=CARTESIAN_POINT('Ctrl Pts',(-3.11612339521516,16.9921240092286,26.6));
#10467=CARTESIAN_POINT('Ctrl Pts',(-3.68093795136734,16.807016463818,27.));
#10468=CARTESIAN_POINT('Ctrl Pts',(-3.68093795136734,16.807016463818,26.6));
#10469=CARTESIAN_POINT('Ctrl Pts',(-4.27583167632895,16.7928417375929,27.));
#10470=CARTESIAN_POINT('Ctrl Pts',(-4.27583167632895,16.7928417375929,26.6));
#10471=CARTESIAN_POINT('Ctrl Pts',(-4.59754548966885,16.7851761579514,27.));
#10472=CARTESIAN_POINT('Ctrl Pts',(-4.59754548966885,16.7851761579514,26.6));
#10473=CARTESIAN_POINT('',(-2.8567560762167,17.0771268606186,27.));
#10474=CARTESIAN_POINT('Ctrl Pts',(-2.8567560762167,17.0771268606186,27.));
#10475=CARTESIAN_POINT('Ctrl Pts',(-3.11612339521516,16.9921240092286,27.));
#10476=CARTESIAN_POINT('Ctrl Pts',(-3.68093795136734,16.807016463818,27.));
#10477=CARTESIAN_POINT('Ctrl Pts',(-4.27583167632895,16.7928417375929,27.));
#10478=CARTESIAN_POINT('Ctrl Pts',(-4.59754548966885,16.7851761579514,27.));
#10479=CARTESIAN_POINT('',(-2.8567560762167,17.0771268606186,26.6));
#10480=CARTESIAN_POINT('',(-2.8567560762167,17.0771268606186,27.));
#10481=CARTESIAN_POINT('Ctrl Pts',(-2.8567560762167,17.0771268606186,26.6));
#10482=CARTESIAN_POINT('Ctrl Pts',(-3.11612339521516,16.9921240092286,26.6));
#10483=CARTESIAN_POINT('Ctrl Pts',(-3.68093795136734,16.807016463818,26.6));
#10484=CARTESIAN_POINT('Ctrl Pts',(-4.27583167632895,16.7928417375929,26.6));
#10485=CARTESIAN_POINT('Ctrl Pts',(-4.59754548966885,16.7851761579514,26.6));
#10486=CARTESIAN_POINT('Ctrl Pts',(-1.77626453340054,17.9693511724472,27.));
#10487=CARTESIAN_POINT('Ctrl Pts',(-1.77626453340054,17.9693511724472,26.6));
#10488=CARTESIAN_POINT('Ctrl Pts',(-1.91866202811087,17.7813312345269,27.));
#10489=CARTESIAN_POINT('Ctrl Pts',(-1.91866202811087,17.7813312345269,26.6));
#10490=CARTESIAN_POINT('Ctrl Pts',(-2.20827190394498,17.3989338406246,27.));
#10491=CARTESIAN_POINT('Ctrl Pts',(-2.20827190394498,17.3989338406246,26.6));
#10492=CARTESIAN_POINT('Ctrl Pts',(-2.63821204005417,17.1855782296465,27.));
#10493=CARTESIAN_POINT('Ctrl Pts',(-2.63821204005417,17.1855782296465,26.6));
#10494=CARTESIAN_POINT('Ctrl Pts',(-2.8567560762167,17.0771268606186,27.));
#10495=CARTESIAN_POINT('Ctrl Pts',(-2.8567560762167,17.0771268606186,26.6));
#10496=CARTESIAN_POINT('',(-1.77626453340054,17.9693511724472,27.));
#10497=CARTESIAN_POINT('Ctrl Pts',(-1.77626453340054,17.9693511724472,27.));
#10498=CARTESIAN_POINT('Ctrl Pts',(-1.91866202811087,17.7813312345269,27.));
#10499=CARTESIAN_POINT('Ctrl Pts',(-2.20827190394498,17.3989338406246,27.));
#10500=CARTESIAN_POINT('Ctrl Pts',(-2.63821204005417,17.1855782296465,27.));
#10501=CARTESIAN_POINT('Ctrl Pts',(-2.8567560762167,17.0771268606186,27.));
#10502=CARTESIAN_POINT('',(-1.77626453340054,17.9693511724472,26.6));
#10503=CARTESIAN_POINT('',(-1.77626453340054,17.9693511724472,27.));
#10504=CARTESIAN_POINT('Ctrl Pts',(-1.77626453340054,17.9693511724472,26.6));
#10505=CARTESIAN_POINT('Ctrl Pts',(-1.91866202811087,17.7813312345269,26.6));
#10506=CARTESIAN_POINT('Ctrl Pts',(-2.20827190394498,17.3989338406246,26.6));
#10507=CARTESIAN_POINT('Ctrl Pts',(-2.63821204005417,17.1855782296465,26.6));
#10508=CARTESIAN_POINT('Ctrl Pts',(-2.8567560762167,17.0771268606186,26.6));
#10509=CARTESIAN_POINT('Ctrl Pts',(-1.3942726701498,19.2572096586227,27.));
#10510=CARTESIAN_POINT('Ctrl Pts',(-1.3942726701498,19.2572096586227,26.6));
#10511=CARTESIAN_POINT('Ctrl Pts',(-1.41075966092647,19.03076076404,27.));
#10512=CARTESIAN_POINT('Ctrl Pts',(-1.41075966092647,19.03076076404,26.6));
#10513=CARTESIAN_POINT('Ctrl Pts',(-1.44403583770014,18.5737123221251,27.));
#10514=CARTESIAN_POINT('Ctrl Pts',(-1.44403583770014,18.5737123221251,26.6));
#10515=CARTESIAN_POINT('Ctrl Pts',(-1.66485318917027,18.1720208664187,27.));
#10516=CARTESIAN_POINT('Ctrl Pts',(-1.66485318917027,18.1720208664187,26.6));
#10517=CARTESIAN_POINT('Ctrl Pts',(-1.77626453340054,17.9693511724472,27.));
#10518=CARTESIAN_POINT('Ctrl Pts',(-1.77626453340054,17.9693511724472,26.6));
#10519=CARTESIAN_POINT('',(-1.3942726701498,19.2572096586227,27.));
#10520=CARTESIAN_POINT('Ctrl Pts',(-1.3942726701498,19.2572096586227,27.));
#10521=CARTESIAN_POINT('Ctrl Pts',(-1.41075966092647,19.03076076404,27.));
#10522=CARTESIAN_POINT('Ctrl Pts',(-1.44403583770014,18.5737123221251,27.));
#10523=CARTESIAN_POINT('Ctrl Pts',(-1.66485318917027,18.1720208664187,27.));
#10524=CARTESIAN_POINT('Ctrl Pts',(-1.77626453340054,17.9693511724472,27.));
#10525=CARTESIAN_POINT('',(-1.3942726701498,19.2572096586227,26.6));
#10526=CARTESIAN_POINT('',(-1.3942726701498,19.2572096586227,27.));
#10527=CARTESIAN_POINT('Ctrl Pts',(-1.3942726701498,19.2572096586227,26.6));
#10528=CARTESIAN_POINT('Ctrl Pts',(-1.41075966092647,19.03076076404,26.6));
#10529=CARTESIAN_POINT('Ctrl Pts',(-1.44403583770014,18.5737123221251,26.6));
#10530=CARTESIAN_POINT('Ctrl Pts',(-1.66485318917027,18.1720208664187,26.6));
#10531=CARTESIAN_POINT('Ctrl Pts',(-1.77626453340054,17.9693511724472,26.6));
#10532=CARTESIAN_POINT('Ctrl Pts',(-1.71350799500942,20.5314246416092,27.));
#10533=CARTESIAN_POINT('Ctrl Pts',(-1.71350799500942,20.5314246416092,26.6));
#10534=CARTESIAN_POINT('Ctrl Pts',(-1.62048474958187,20.3427193369818,27.));
#10535=CARTESIAN_POINT('Ctrl Pts',(-1.62048474958187,20.3427193369818,26.6));
#10536=CARTESIAN_POINT('Ctrl Pts',(-1.42278064374201,19.9416602968772,27.));
#10537=CARTESIAN_POINT('Ctrl Pts',(-1.42278064374201,19.9416602968772,26.6));
#10538=CARTESIAN_POINT('Ctrl Pts',(-1.40414167667229,19.4941555710147,27.));
#10539=CARTESIAN_POINT('Ctrl Pts',(-1.40414167667229,19.4941555710147,26.6));
#10540=CARTESIAN_POINT('Ctrl Pts',(-1.3942726701498,19.2572096586227,27.));
#10541=CARTESIAN_POINT('Ctrl Pts',(-1.3942726701498,19.2572096586227,26.6));
#10542=CARTESIAN_POINT('',(-1.71350799500942,20.5314246416092,27.));
#10543=CARTESIAN_POINT('Ctrl Pts',(-1.71350799500942,20.5314246416092,27.));
#10544=CARTESIAN_POINT('Ctrl Pts',(-1.62048474958187,20.3427193369818,27.));
#10545=CARTESIAN_POINT('Ctrl Pts',(-1.42278064374201,19.9416602968772,27.));
#10546=CARTESIAN_POINT('Ctrl Pts',(-1.40414167667229,19.4941555710147,27.));
#10547=CARTESIAN_POINT('Ctrl Pts',(-1.3942726701498,19.2572096586227,27.));
#10548=CARTESIAN_POINT('',(-1.71350799500942,20.5314246416092,26.6));
#10549=CARTESIAN_POINT('',(-1.71350799500942,20.5314246416092,27.));
#10550=CARTESIAN_POINT('Ctrl Pts',(-1.71350799500942,20.5314246416092,26.6));
#10551=CARTESIAN_POINT('Ctrl Pts',(-1.62048474958187,20.3427193369818,26.6));
#10552=CARTESIAN_POINT('Ctrl Pts',(-1.42278064374201,19.9416602968772,26.6));
#10553=CARTESIAN_POINT('Ctrl Pts',(-1.40414167667229,19.4941555710147,26.6));
#10554=CARTESIAN_POINT('Ctrl Pts',(-1.3942726701498,19.2572096586227,26.6));
#10555=CARTESIAN_POINT('Ctrl Pts',(-2.59754739701748,21.3445214033127,27.));
#10556=CARTESIAN_POINT('Ctrl Pts',(-2.59754739701748,21.3445214033127,26.6));
#10557=CARTESIAN_POINT('Ctrl Pts',(-2.42025216932803,21.2374768979556,27.));
#10558=CARTESIAN_POINT('Ctrl Pts',(-2.42025216932803,21.2374768979556,26.6));
#10559=CARTESIAN_POINT('Ctrl Pts',(-2.07037729231267,21.0262349844812,27.));
#10560=CARTESIAN_POINT('Ctrl Pts',(-2.07037729231267,21.0262349844812,26.6));
#10561=CARTESIAN_POINT('Ctrl Pts',(-1.83139074858624,20.6948727335488,27.));
#10562=CARTESIAN_POINT('Ctrl Pts',(-1.83139074858624,20.6948727335488,26.6));
#10563=CARTESIAN_POINT('Ctrl Pts',(-1.71350799500942,20.5314246416092,27.));
#10564=CARTESIAN_POINT('Ctrl Pts',(-1.71350799500942,20.5314246416092,26.6));
#10565=CARTESIAN_POINT('',(-2.59754739701748,21.3445214033127,27.));
#10566=CARTESIAN_POINT('Ctrl Pts',(-2.59754739701748,21.3445214033127,27.));
#10567=CARTESIAN_POINT('Ctrl Pts',(-2.42025216932803,21.2374768979556,27.));
#10568=CARTESIAN_POINT('Ctrl Pts',(-2.07037729231267,21.0262349844812,27.));
#10569=CARTESIAN_POINT('Ctrl Pts',(-1.83139074858624,20.6948727335488,27.));
#10570=CARTESIAN_POINT('Ctrl Pts',(-1.71350799500942,20.5314246416092,27.));
#10571=CARTESIAN_POINT('',(-2.59754739701748,21.3445214033127,26.6));
#10572=CARTESIAN_POINT('',(-2.59754739701748,21.3445214033127,27.));
#10573=CARTESIAN_POINT('Ctrl Pts',(-2.59754739701748,21.3445214033127,26.6));
#10574=CARTESIAN_POINT('Ctrl Pts',(-2.42025216932803,21.2374768979556,26.6));
#10575=CARTESIAN_POINT('Ctrl Pts',(-2.07037729231267,21.0262349844812,26.6));
#10576=CARTESIAN_POINT('Ctrl Pts',(-1.83139074858624,20.6948727335488,26.6));
#10577=CARTESIAN_POINT('Ctrl Pts',(-1.71350799500942,20.5314246416092,26.6));
#10578=CARTESIAN_POINT('Ctrl Pts',(-4.34106670320034,21.9202378988266,27.));
#10579=CARTESIAN_POINT('Ctrl Pts',(-4.34106670320034,21.9202378988266,26.6));
#10580=CARTESIAN_POINT('Ctrl Pts',(-3.99544188368528,21.837269878082,27.));
#10581=CARTESIAN_POINT('Ctrl Pts',(-3.99544188368528,21.837269878082,26.6));
#10582=CARTESIAN_POINT('Ctrl Pts',(-3.39777916968912,21.6937995899162,27.));
#10583=CARTESIAN_POINT('Ctrl Pts',(-3.39777916968912,21.6937995899162,26.6));
#10584=CARTESIAN_POINT('Ctrl Pts',(-2.83491186288797,21.4481241757027,27.));
#10585=CARTESIAN_POINT('Ctrl Pts',(-2.83491186288797,21.4481241757027,26.6));
#10586=CARTESIAN_POINT('Ctrl Pts',(-2.59754739701748,21.3445214033127,27.));
#10587=CARTESIAN_POINT('Ctrl Pts',(-2.59754739701748,21.3445214033127,26.6));
#10588=CARTESIAN_POINT('',(-4.34106670320034,21.9202378988266,27.));
#10589=CARTESIAN_POINT('Ctrl Pts',(-4.34106670320034,21.9202378988266,27.));
#10590=CARTESIAN_POINT('Ctrl Pts',(-3.99544188368528,21.837269878082,27.));
#10591=CARTESIAN_POINT('Ctrl Pts',(-3.39777916968912,21.6937995899162,27.));
#10592=CARTESIAN_POINT('Ctrl Pts',(-2.83491186288797,21.4481241757027,27.));
#10593=CARTESIAN_POINT('Ctrl Pts',(-2.59754739701748,21.3445214033127,27.));
#10594=CARTESIAN_POINT('',(-4.34106670320034,21.9202378988266,26.6));
#10595=CARTESIAN_POINT('',(-4.34106670320034,21.9202378988266,27.));
#10596=CARTESIAN_POINT('Ctrl Pts',(-4.34106670320034,21.9202378988266,26.6));
#10597=CARTESIAN_POINT('Ctrl Pts',(-3.99544188368528,21.837269878082,26.6));
#10598=CARTESIAN_POINT('Ctrl Pts',(-3.39777916968912,21.6937995899162,26.6));
#10599=CARTESIAN_POINT('Ctrl Pts',(-2.83491186288797,21.4481241757027,26.6));
#10600=CARTESIAN_POINT('Ctrl Pts',(-2.59754739701748,21.3445214033127,26.6));
#10601=CARTESIAN_POINT('Ctrl Pts',(-5.82537733018398,22.4550262689591,27.));
#10602=CARTESIAN_POINT('Ctrl Pts',(-5.82537733018398,22.4550262689591,26.6));
#10603=CARTESIAN_POINT('Ctrl Pts',(-5.65318895088568,22.3614359993281,27.));
#10604=CARTESIAN_POINT('Ctrl Pts',(-5.65318895088568,22.3614359993281,26.6));
#10605=CARTESIAN_POINT('Ctrl Pts',(-5.1874764301347,22.1083053260199,27.));
#10606=CARTESIAN_POINT('Ctrl Pts',(-5.1874764301347,22.1083053260199,26.6));
#10607=CARTESIAN_POINT('Ctrl Pts',(-4.66829232438479,21.99294557069,27.));
#10608=CARTESIAN_POINT('Ctrl Pts',(-4.66829232438479,21.99294557069,26.6));
#10609=CARTESIAN_POINT('Ctrl Pts',(-4.34106670320034,21.9202378988266,27.));
#10610=CARTESIAN_POINT('Ctrl Pts',(-4.34106670320034,21.9202378988266,26.6));
#10611=CARTESIAN_POINT('',(-5.82537733018398,22.4550262689591,27.));
#10612=CARTESIAN_POINT('Ctrl Pts',(-5.82537733018398,22.4550262689591,27.));
#10613=CARTESIAN_POINT('Ctrl Pts',(-5.65318895088568,22.3614359993281,27.));
#10614=CARTESIAN_POINT('Ctrl Pts',(-5.1874764301347,22.1083053260199,27.));
#10615=CARTESIAN_POINT('Ctrl Pts',(-4.66829232438479,21.99294557069,27.));
#10616=CARTESIAN_POINT('Ctrl Pts',(-4.34106670320034,21.9202378988266,27.));
#10617=CARTESIAN_POINT('',(-5.82537733018398,22.4550262689591,26.6));
#10618=CARTESIAN_POINT('',(-5.82537733018398,22.4550262689591,27.));
#10619=CARTESIAN_POINT('Ctrl Pts',(-5.82537733018398,22.4550262689591,26.6));
#10620=CARTESIAN_POINT('Ctrl Pts',(-5.65318895088568,22.3614359993281,26.6));
#10621=CARTESIAN_POINT('Ctrl Pts',(-5.1874764301347,22.1083053260199,26.6));
#10622=CARTESIAN_POINT('Ctrl Pts',(-4.66829232438479,21.99294557069,26.6));
#10623=CARTESIAN_POINT('Ctrl Pts',(-4.34106670320034,21.9202378988266,26.6));
#10624=CARTESIAN_POINT('Ctrl Pts',(-6.06548629701138,22.9407004117966,27.));
#10625=CARTESIAN_POINT('Ctrl Pts',(-6.06548629701138,22.9407004117966,26.6));
#10626=CARTESIAN_POINT('Ctrl Pts',(-6.05437328242831,22.8486095521017,27.));
#10627=CARTESIAN_POINT('Ctrl Pts',(-6.05437328242831,22.8486095521017,26.6));
#10628=CARTESIAN_POINT('Ctrl Pts',(-6.0314851827162,22.6589414144856,27.));
#10629=CARTESIAN_POINT('Ctrl Pts',(-6.0314851827162,22.6589414144856,26.6));
#10630=CARTESIAN_POINT('Ctrl Pts',(-5.89539217505339,22.5242962511803,27.));
#10631=CARTESIAN_POINT('Ctrl Pts',(-5.89539217505339,22.5242962511803,26.6));
#10632=CARTESIAN_POINT('Ctrl Pts',(-5.82537733018398,22.4550262689591,27.));
#10633=CARTESIAN_POINT('Ctrl Pts',(-5.82537733018398,22.4550262689591,26.6));
#10634=CARTESIAN_POINT('',(-6.06548629701138,22.9407004117966,27.));
#10635=CARTESIAN_POINT('Ctrl Pts',(-6.06548629701138,22.9407004117966,27.));
#10636=CARTESIAN_POINT('Ctrl Pts',(-6.05437328242831,22.8486095521017,27.));
#10637=CARTESIAN_POINT('Ctrl Pts',(-6.0314851827162,22.6589414144856,27.));
#10638=CARTESIAN_POINT('Ctrl Pts',(-5.89539217505339,22.5242962511803,27.));
#10639=CARTESIAN_POINT('Ctrl Pts',(-5.82537733018398,22.4550262689591,27.));
#10640=CARTESIAN_POINT('',(-6.06548629701138,22.9407004117966,26.6));
#10641=CARTESIAN_POINT('',(-6.06548629701138,22.9407004117966,27.));
#10642=CARTESIAN_POINT('Ctrl Pts',(-6.06548629701138,22.9407004117966,26.6));
#10643=CARTESIAN_POINT('Ctrl Pts',(-6.05437328242831,22.8486095521017,26.6));
#10644=CARTESIAN_POINT('Ctrl Pts',(-6.0314851827162,22.6589414144856,26.6));
#10645=CARTESIAN_POINT('Ctrl Pts',(-5.89539217505339,22.5242962511803,26.6));
#10646=CARTESIAN_POINT('Ctrl Pts',(-5.82537733018398,22.4550262689591,26.6));
#10647=CARTESIAN_POINT('Ctrl Pts',(-5.80900512635708,23.4372905492783,27.));
#10648=CARTESIAN_POINT('Ctrl Pts',(-5.80900512635708,23.4372905492783,26.6));
#10649=CARTESIAN_POINT('Ctrl Pts',(-5.88381155574683,23.3704862441739,27.));
#10650=CARTESIAN_POINT('Ctrl Pts',(-5.88381155574683,23.3704862441739,26.6));
#10651=CARTESIAN_POINT('Ctrl Pts',(-6.03265193474123,23.237567480756,27.));
#10652=CARTESIAN_POINT('Ctrl Pts',(-6.03265193474123,23.237567480756,26.6));
#10653=CARTESIAN_POINT('Ctrl Pts',(-6.05457944409166,23.0393131222006,27.));
#10654=CARTESIAN_POINT('Ctrl Pts',(-6.05457944409166,23.0393131222006,26.6));
#10655=CARTESIAN_POINT('Ctrl Pts',(-6.06548629701138,22.9407004117966,27.));
#10656=CARTESIAN_POINT('Ctrl Pts',(-6.06548629701138,22.9407004117966,26.6));
#10657=CARTESIAN_POINT('',(-5.80900512635708,23.4372905492783,27.));
#10658=CARTESIAN_POINT('Ctrl Pts',(-5.80900512635708,23.4372905492783,27.));
#10659=CARTESIAN_POINT('Ctrl Pts',(-5.88381155574683,23.3704862441739,27.));
#10660=CARTESIAN_POINT('Ctrl Pts',(-6.03265193474123,23.237567480756,27.));
#10661=CARTESIAN_POINT('Ctrl Pts',(-6.05457944409166,23.0393131222006,27.));
#10662=CARTESIAN_POINT('Ctrl Pts',(-6.06548629701138,22.9407004117966,27.));
#10663=CARTESIAN_POINT('',(-5.80900512635708,23.4372905492783,26.6));
#10664=CARTESIAN_POINT('',(-5.80900512635708,23.4372905492783,27.));
#10665=CARTESIAN_POINT('Ctrl Pts',(-5.80900512635708,23.4372905492783,26.6));
#10666=CARTESIAN_POINT('Ctrl Pts',(-5.88381155574683,23.3704862441739,26.6));
#10667=CARTESIAN_POINT('Ctrl Pts',(-6.03265193474123,23.237567480756,26.6));
#10668=CARTESIAN_POINT('Ctrl Pts',(-6.05457944409166,23.0393131222006,26.6));
#10669=CARTESIAN_POINT('Ctrl Pts',(-6.06548629701138,22.9407004117966,26.6));
#10670=CARTESIAN_POINT('Ctrl Pts',(-4.70668636262417,23.7265131473541,27.));
#10671=CARTESIAN_POINT('Ctrl Pts',(-4.70668636262417,23.7265131473541,26.6));
#10672=CARTESIAN_POINT('Ctrl Pts',(-4.92070748507664,23.719770482155,27.));
#10673=CARTESIAN_POINT('Ctrl Pts',(-4.92070748507664,23.719770482155,26.6));
#10674=CARTESIAN_POINT('Ctrl Pts',(-5.31156949787765,23.7074565027629,27.));
#10675=CARTESIAN_POINT('Ctrl Pts',(-5.31156949787765,23.7074565027629,26.6));
#10676=CARTESIAN_POINT('Ctrl Pts',(-5.65405266981095,23.5214479271797,27.));
#10677=CARTESIAN_POINT('Ctrl Pts',(-5.65405266981095,23.5214479271797,26.6));
#10678=CARTESIAN_POINT('Ctrl Pts',(-5.80900512635708,23.4372905492783,27.));
#10679=CARTESIAN_POINT('Ctrl Pts',(-5.80900512635708,23.4372905492783,26.6));
#10680=CARTESIAN_POINT('',(-4.70668636262417,23.7265131473541,27.));
#10681=CARTESIAN_POINT('Ctrl Pts',(-4.70668636262417,23.7265131473541,27.));
#10682=CARTESIAN_POINT('Ctrl Pts',(-4.92070748507664,23.719770482155,27.));
#10683=CARTESIAN_POINT('Ctrl Pts',(-5.31156949787765,23.7074565027629,27.));
#10684=CARTESIAN_POINT('Ctrl Pts',(-5.65405266981095,23.5214479271797,27.));
#10685=CARTESIAN_POINT('Ctrl Pts',(-5.80900512635708,23.4372905492783,27.));
#10686=CARTESIAN_POINT('',(-4.70668636262417,23.7265131473541,26.6));
#10687=CARTESIAN_POINT('',(-4.70668636262417,23.7265131473541,27.));
#10688=CARTESIAN_POINT('Ctrl Pts',(-4.70668636262417,23.7265131473541,26.6));
#10689=CARTESIAN_POINT('Ctrl Pts',(-4.92070748507664,23.719770482155,26.6));
#10690=CARTESIAN_POINT('Ctrl Pts',(-5.31156949787765,23.7074565027629,26.6));
#10691=CARTESIAN_POINT('Ctrl Pts',(-5.65405266981095,23.5214479271797,26.6));
#10692=CARTESIAN_POINT('Ctrl Pts',(-5.80900512635708,23.4372905492783,26.6));
#10693=CARTESIAN_POINT('Ctrl Pts',(-3.68349395692348,23.4563902616501,27.));
#10694=CARTESIAN_POINT('Ctrl Pts',(-3.68349395692348,23.4563902616501,26.6));
#10695=CARTESIAN_POINT('Ctrl Pts',(-3.82247290633678,23.534887196547,27.));
#10696=CARTESIAN_POINT('Ctrl Pts',(-3.82247290633678,23.534887196547,26.6));
#10697=CARTESIAN_POINT('Ctrl Pts',(-4.13831032430989,23.7132758614586,27.));
#10698=CARTESIAN_POINT('Ctrl Pts',(-4.13831032430989,23.7132758614586,26.6));
#10699=CARTESIAN_POINT('Ctrl Pts',(-4.50266169253867,23.7217614817215,27.));
#10700=CARTESIAN_POINT('Ctrl Pts',(-4.50266169253867,23.7217614817215,26.6));
#10701=CARTESIAN_POINT('Ctrl Pts',(-4.70668636262417,23.7265131473541,27.));
#10702=CARTESIAN_POINT('Ctrl Pts',(-4.70668636262417,23.7265131473541,26.6));
#10703=CARTESIAN_POINT('',(-3.68349395692348,23.4563902616501,27.));
#10704=CARTESIAN_POINT('Ctrl Pts',(-3.68349395692348,23.4563902616501,27.));
#10705=CARTESIAN_POINT('Ctrl Pts',(-3.82247290633678,23.534887196547,27.));
#10706=CARTESIAN_POINT('Ctrl Pts',(-4.13831032430989,23.7132758614586,27.));
#10707=CARTESIAN_POINT('Ctrl Pts',(-4.50266169253867,23.7217614817215,27.));
#10708=CARTESIAN_POINT('Ctrl Pts',(-4.70668636262417,23.7265131473541,27.));
#10709=CARTESIAN_POINT('',(-3.68349395692348,23.4563902616501,26.6));
#10710=CARTESIAN_POINT('',(-3.68349395692348,23.4563902616501,27.));
#10711=CARTESIAN_POINT('Ctrl Pts',(-3.68349395692348,23.4563902616501,26.6));
#10712=CARTESIAN_POINT('Ctrl Pts',(-3.82247290633678,23.534887196547,26.6));
#10713=CARTESIAN_POINT('Ctrl Pts',(-4.13831032430989,23.7132758614586,26.6));
#10714=CARTESIAN_POINT('Ctrl Pts',(-4.50266169253867,23.7217614817215,26.6));
#10715=CARTESIAN_POINT('Ctrl Pts',(-4.70668636262417,23.7265131473541,26.6));
#10716=CARTESIAN_POINT('Ctrl Pts',(-3.23874555528164,22.5696233510971,27.));
#10717=CARTESIAN_POINT('Ctrl Pts',(-3.23874555528164,22.5696233510971,26.6));
#10718=CARTESIAN_POINT('Ctrl Pts',(-3.27654473288623,22.7549793249969,27.));
#10719=CARTESIAN_POINT('Ctrl Pts',(-3.27654473288623,22.7549793249969,26.6));
#10720=CARTESIAN_POINT('Ctrl Pts',(-3.34533027834869,23.0922832712043,27.));
#10721=CARTESIAN_POINT('Ctrl Pts',(-3.34533027834869,23.0922832712043,26.6));
#10722=CARTESIAN_POINT('Ctrl Pts',(-3.57846976933629,23.3433088064579,27.));
#10723=CARTESIAN_POINT('Ctrl Pts',(-3.57846976933629,23.3433088064579,26.6));
#10724=CARTESIAN_POINT('Ctrl Pts',(-3.68349395692348,23.4563902616501,27.));
#10725=CARTESIAN_POINT('Ctrl Pts',(-3.68349395692348,23.4563902616501,26.6));
#10726=CARTESIAN_POINT('',(-3.23874555528164,22.5696233510971,27.));
#10727=CARTESIAN_POINT('Ctrl Pts',(-3.23874555528164,22.5696233510971,27.));
#10728=CARTESIAN_POINT('Ctrl Pts',(-3.27654473288623,22.7549793249969,27.));
#10729=CARTESIAN_POINT('Ctrl Pts',(-3.34533027834869,23.0922832712043,27.));
#10730=CARTESIAN_POINT('Ctrl Pts',(-3.57846976933629,23.3433088064579,27.));
#10731=CARTESIAN_POINT('Ctrl Pts',(-3.68349395692348,23.4563902616501,27.));
#10732=CARTESIAN_POINT('',(-3.23874555528164,22.5696233510971,26.6));
#10733=CARTESIAN_POINT('',(-3.23874555528164,22.5696233510971,27.));
#10734=CARTESIAN_POINT('Ctrl Pts',(-3.23874555528164,22.5696233510971,26.6));
#10735=CARTESIAN_POINT('Ctrl Pts',(-3.27654473288623,22.7549793249969,26.6));
#10736=CARTESIAN_POINT('Ctrl Pts',(-3.34533027834869,23.0922832712043,26.6));
#10737=CARTESIAN_POINT('Ctrl Pts',(-3.57846976933629,23.3433088064579,26.6));
#10738=CARTESIAN_POINT('Ctrl Pts',(-3.68349395692348,23.4563902616501,26.6));
#10739=CARTESIAN_POINT('Origin',(-1.62346683442593,22.6405647993088,27.));
#10740=CARTESIAN_POINT('',(-1.62346683442593,22.6405647993088,27.));
#10741=CARTESIAN_POINT('',(-1.34239047734256,22.652909395676,27.));
#10742=CARTESIAN_POINT('',(-1.62346683442593,22.6405647993088,26.6));
#10743=CARTESIAN_POINT('',(-1.62346683442593,22.6405647993088,27.));
#10744=CARTESIAN_POINT('',(-1.62346683442593,22.6405647993088,26.6));
#10745=CARTESIAN_POINT('Ctrl Pts',(-2.42292009294033,24.4031844139099,27.));
#10746=CARTESIAN_POINT('Ctrl Pts',(-2.42292009294033,24.4031844139099,26.6));
#10747=CARTESIAN_POINT('Ctrl Pts',(-2.199179955174,24.1601704305084,27.));
#10748=CARTESIAN_POINT('Ctrl Pts',(-2.199179955174,24.1601704305084,26.6));
#10749=CARTESIAN_POINT('Ctrl Pts',(-1.73993044690489,23.6613593834883,27.));
#10750=CARTESIAN_POINT('Ctrl Pts',(-1.73993044690489,23.6613593834883,26.6));
#10751=CARTESIAN_POINT('Ctrl Pts',(-1.6629456707524,22.9865937559415,27.));
#10752=CARTESIAN_POINT('Ctrl Pts',(-1.6629456707524,22.9865937559415,26.6));
#10753=CARTESIAN_POINT('Ctrl Pts',(-1.62346683442593,22.6405647993088,27.));
#10754=CARTESIAN_POINT('Ctrl Pts',(-1.62346683442593,22.6405647993088,26.6));
#10755=CARTESIAN_POINT('',(-2.42292009294033,24.4031844139099,27.));
#10756=CARTESIAN_POINT('Ctrl Pts',(-2.42292009294033,24.4031844139099,27.));
#10757=CARTESIAN_POINT('Ctrl Pts',(-2.199179955174,24.1601704305084,27.));
#10758=CARTESIAN_POINT('Ctrl Pts',(-1.73993044690489,23.6613593834883,27.));
#10759=CARTESIAN_POINT('Ctrl Pts',(-1.6629456707524,22.9865937559415,27.));
#10760=CARTESIAN_POINT('Ctrl Pts',(-1.62346683442593,22.6405647993088,27.));
#10761=CARTESIAN_POINT('',(-2.42292009294033,24.4031844139099,26.6));
#10762=CARTESIAN_POINT('',(-2.42292009294033,24.4031844139099,27.));
#10763=CARTESIAN_POINT('Ctrl Pts',(-2.42292009294033,24.4031844139099,26.6));
#10764=CARTESIAN_POINT('Ctrl Pts',(-2.199179955174,24.1601704305084,26.6));
#10765=CARTESIAN_POINT('Ctrl Pts',(-1.73993044690489,23.6613593834883,26.6));
#10766=CARTESIAN_POINT('Ctrl Pts',(-1.6629456707524,22.9865937559415,26.6));
#10767=CARTESIAN_POINT('Ctrl Pts',(-1.62346683442593,22.6405647993088,26.6));
#10768=CARTESIAN_POINT('Ctrl Pts',(-4.69031654298306,25.0634840726852,27.));
#10769=CARTESIAN_POINT('Ctrl Pts',(-4.69031654298306,25.0634840726852,26.6));
#10770=CARTESIAN_POINT('Ctrl Pts',(-4.23731161617906,25.0501416372991,27.));
#10771=CARTESIAN_POINT('Ctrl Pts',(-4.23731161617906,25.0501416372991,26.6));
#10772=CARTESIAN_POINT('Ctrl Pts',(-3.42022281465381,25.0260757742277,27.));
#10773=CARTESIAN_POINT('Ctrl Pts',(-3.42022281465381,25.0260757742277,26.6));
#10774=CARTESIAN_POINT('Ctrl Pts',(-2.73032801600992,24.5951840296778,27.));
#10775=CARTESIAN_POINT('Ctrl Pts',(-2.73032801600992,24.5951840296778,26.6));
#10776=CARTESIAN_POINT('Ctrl Pts',(-2.42292009294033,24.4031844139099,27.));
#10777=CARTESIAN_POINT('Ctrl Pts',(-2.42292009294033,24.4031844139099,26.6));
#10778=CARTESIAN_POINT('',(-4.69031654298306,25.0634840726852,27.));
#10779=CARTESIAN_POINT('Ctrl Pts',(-4.69031654298306,25.0634840726852,27.));
#10780=CARTESIAN_POINT('Ctrl Pts',(-4.23731161617906,25.0501416372991,27.));
#10781=CARTESIAN_POINT('Ctrl Pts',(-3.42022281465381,25.0260757742277,27.));
#10782=CARTESIAN_POINT('Ctrl Pts',(-2.73032801600992,24.5951840296778,27.));
#10783=CARTESIAN_POINT('Ctrl Pts',(-2.42292009294033,24.4031844139099,27.));
#10784=CARTESIAN_POINT('',(-4.69031654298306,25.0634840726852,26.6));
#10785=CARTESIAN_POINT('',(-4.69031654298306,25.0634840726852,27.));
#10786=CARTESIAN_POINT('Ctrl Pts',(-4.69031654298306,25.0634840726852,26.6));
#10787=CARTESIAN_POINT('Ctrl Pts',(-4.23731161617906,25.0501416372991,26.6));
#10788=CARTESIAN_POINT('Ctrl Pts',(-3.42022281465381,25.0260757742277,26.6));
#10789=CARTESIAN_POINT('Ctrl Pts',(-2.73032801600992,24.5951840296778,26.6));
#10790=CARTESIAN_POINT('Ctrl Pts',(-2.42292009294033,24.4031844139099,26.6));
#10791=CARTESIAN_POINT('Ctrl Pts',(-6.26466833055019,24.7851762771607,27.));
#10792=CARTESIAN_POINT('Ctrl Pts',(-6.26466833055019,24.7851762771607,26.6));
#10793=CARTESIAN_POINT('Ctrl Pts',(-6.0268998099777,24.866250734624,27.));
#10794=CARTESIAN_POINT('Ctrl Pts',(-6.0268998099777,24.866250734624,26.6));
#10795=CARTESIAN_POINT('Ctrl Pts',(-5.51701954090878,25.0401100246867,27.));
#10796=CARTESIAN_POINT('Ctrl Pts',(-5.51701954090878,25.0401100246867,26.6));
#10797=CARTESIAN_POINT('Ctrl Pts',(-4.97798648487477,25.0553505458366,27.));
#10798=CARTESIAN_POINT('Ctrl Pts',(-4.97798648487477,25.0553505458366,26.6));
#10799=CARTESIAN_POINT('Ctrl Pts',(-4.69031654298306,25.0634840726852,27.));
#10800=CARTESIAN_POINT('Ctrl Pts',(-4.69031654298306,25.0634840726852,26.6));
#10801=CARTESIAN_POINT('',(-6.26466833055019,24.7851762771607,27.));
#10802=CARTESIAN_POINT('Ctrl Pts',(-6.26466833055019,24.7851762771607,27.));
#10803=CARTESIAN_POINT('Ctrl Pts',(-6.0268998099777,24.866250734624,27.));
#10804=CARTESIAN_POINT('Ctrl Pts',(-5.51701954090878,25.0401100246867,27.));
#10805=CARTESIAN_POINT('Ctrl Pts',(-4.97798648487477,25.0553505458366,27.));
#10806=CARTESIAN_POINT('Ctrl Pts',(-4.69031654298306,25.0634840726852,27.));
#10807=CARTESIAN_POINT('',(-6.26466833055019,24.7851762771607,26.6));
#10808=CARTESIAN_POINT('',(-6.26466833055019,24.7851762771607,27.));
#10809=CARTESIAN_POINT('Ctrl Pts',(-6.26466833055019,24.7851762771607,26.6));
#10810=CARTESIAN_POINT('Ctrl Pts',(-6.0268998099777,24.866250734624,26.6));
#10811=CARTESIAN_POINT('Ctrl Pts',(-5.51701954090878,25.0401100246867,26.6));
#10812=CARTESIAN_POINT('Ctrl Pts',(-4.97798648487477,25.0553505458366,26.6));
#10813=CARTESIAN_POINT('Ctrl Pts',(-4.69031654298306,25.0634840726852,26.6));
#10814=CARTESIAN_POINT('Ctrl Pts',(-7.26330362260342,23.9748076200485,27.));
#10815=CARTESIAN_POINT('Ctrl Pts',(-7.26330362260342,23.9748076200485,26.6));
#10816=CARTESIAN_POINT('Ctrl Pts',(-7.13202695679461,24.1428564910105,27.));
#10817=CARTESIAN_POINT('Ctrl Pts',(-7.13202695679461,24.1428564910105,26.6));
#10818=CARTESIAN_POINT('Ctrl Pts',(-6.86151653216658,24.4891402053487,27.));
#10819=CARTESIAN_POINT('Ctrl Pts',(-6.86151653216658,24.4891402053487,26.6));
#10820=CARTESIAN_POINT('Ctrl Pts',(-6.46748126094105,24.6845812798682,27.));
#10821=CARTESIAN_POINT('Ctrl Pts',(-6.46748126094105,24.6845812798682,26.6));
#10822=CARTESIAN_POINT('Ctrl Pts',(-6.26466833055019,24.7851762771607,27.));
#10823=CARTESIAN_POINT('Ctrl Pts',(-6.26466833055019,24.7851762771607,26.6));
#10824=CARTESIAN_POINT('',(-7.26330362260342,23.9748076200485,27.));
#10825=CARTESIAN_POINT('Ctrl Pts',(-7.26330362260342,23.9748076200485,27.));
#10826=CARTESIAN_POINT('Ctrl Pts',(-7.13202695679461,24.1428564910105,27.));
#10827=CARTESIAN_POINT('Ctrl Pts',(-6.86151653216658,24.4891402053487,27.));
#10828=CARTESIAN_POINT('Ctrl Pts',(-6.46748126094105,24.6845812798682,27.));
#10829=CARTESIAN_POINT('Ctrl Pts',(-6.26466833055019,24.7851762771607,27.));
#10830=CARTESIAN_POINT('',(-7.26330362260342,23.9748076200485,26.6));
#10831=CARTESIAN_POINT('',(-7.26330362260342,23.9748076200485,27.));
#10832=CARTESIAN_POINT('Ctrl Pts',(-7.26330362260342,23.9748076200485,26.6));
#10833=CARTESIAN_POINT('Ctrl Pts',(-7.13202695679461,24.1428564910105,26.6));
#10834=CARTESIAN_POINT('Ctrl Pts',(-6.86151653216658,24.4891402053487,26.6));
#10835=CARTESIAN_POINT('Ctrl Pts',(-6.46748126094105,24.6845812798682,26.6));
#10836=CARTESIAN_POINT('Ctrl Pts',(-6.26466833055019,24.7851762771607,26.6));
#10837=CARTESIAN_POINT('Ctrl Pts',(-7.60982356965542,22.8315607309342,27.));
#10838=CARTESIAN_POINT('Ctrl Pts',(-7.60982356965542,22.8315607309342,26.6));
#10839=CARTESIAN_POINT('Ctrl Pts',(-7.59480807409377,23.0328744290065,27.));
#10840=CARTESIAN_POINT('Ctrl Pts',(-7.59480807409377,23.0328744290065,26.6));
#10841=CARTESIAN_POINT('Ctrl Pts',(-7.56446908844648,23.4396311272017,27.));
#10842=CARTESIAN_POINT('Ctrl Pts',(-7.56446908844648,23.4396311272017,26.6));
#10843=CARTESIAN_POINT('Ctrl Pts',(-7.36436923404718,23.7952121962223,27.));
#10844=CARTESIAN_POINT('Ctrl Pts',(-7.36436923404718,23.7952121962223,26.6));
#10845=CARTESIAN_POINT('Ctrl Pts',(-7.26330362260342,23.9748076200485,27.));
#10846=CARTESIAN_POINT('Ctrl Pts',(-7.26330362260342,23.9748076200485,26.6));
#10847=CARTESIAN_POINT('',(-7.60982356965542,22.8315607309342,27.));
#10848=CARTESIAN_POINT('Ctrl Pts',(-7.60982356965542,22.8315607309342,27.));
#10849=CARTESIAN_POINT('Ctrl Pts',(-7.59480807409377,23.0328744290065,27.));
#10850=CARTESIAN_POINT('Ctrl Pts',(-7.56446908844648,23.4396311272017,27.));
#10851=CARTESIAN_POINT('Ctrl Pts',(-7.36436923404718,23.7952121962223,27.));
#10852=CARTESIAN_POINT('Ctrl Pts',(-7.26330362260342,23.9748076200485,27.));
#10853=CARTESIAN_POINT('',(-7.60982356965542,22.8315607309342,26.6));
#10854=CARTESIAN_POINT('',(-7.60982356965542,22.8315607309342,27.));
#10855=CARTESIAN_POINT('Ctrl Pts',(-7.60982356965542,22.8315607309342,26.6));
#10856=CARTESIAN_POINT('Ctrl Pts',(-7.59480807409377,23.0328744290065,26.6));
#10857=CARTESIAN_POINT('Ctrl Pts',(-7.56446908844648,23.4396311272017,26.6));
#10858=CARTESIAN_POINT('Ctrl Pts',(-7.36436923404718,23.7952121962223,26.6));
#10859=CARTESIAN_POINT('Ctrl Pts',(-7.26330362260342,23.9748076200485,26.6));
#10860=CARTESIAN_POINT('Ctrl Pts',(-6.87312684953213,21.2217382192612,27.));
#10861=CARTESIAN_POINT('Ctrl Pts',(-6.87312684953213,21.2217382192612,26.6));
#10862=CARTESIAN_POINT('Ctrl Pts',(-7.08798729423878,21.451993896002,27.));
#10863=CARTESIAN_POINT('Ctrl Pts',(-7.08798729423878,21.451993896002,26.6));
#10864=CARTESIAN_POINT('Ctrl Pts',(-7.5127307034417,21.9071711216694,27.));
#10865=CARTESIAN_POINT('Ctrl Pts',(-7.5127307034417,21.9071711216694,26.6));
#10866=CARTESIAN_POINT('Ctrl Pts',(-7.57771311941744,22.5258475750009,27.));
#10867=CARTESIAN_POINT('Ctrl Pts',(-7.57771311941744,22.5258475750009,26.6));
#10868=CARTESIAN_POINT('Ctrl Pts',(-7.60982356965542,22.8315607309342,27.));
#10869=CARTESIAN_POINT('Ctrl Pts',(-7.60982356965542,22.8315607309342,26.6));
#10870=CARTESIAN_POINT('',(-6.87312684953213,21.2217382192612,27.));
#10871=CARTESIAN_POINT('Ctrl Pts',(-6.87312684953213,21.2217382192612,27.));
#10872=CARTESIAN_POINT('Ctrl Pts',(-7.08798729423878,21.451993896002,27.));
#10873=CARTESIAN_POINT('Ctrl Pts',(-7.5127307034417,21.9071711216694,27.));
#10874=CARTESIAN_POINT('Ctrl Pts',(-7.57771311941744,22.5258475750009,27.));
#10875=CARTESIAN_POINT('Ctrl Pts',(-7.60982356965542,22.8315607309342,27.));
#10876=CARTESIAN_POINT('',(-6.87312684953213,21.2217382192612,26.6));
#10877=CARTESIAN_POINT('',(-6.87312684953213,21.2217382192612,27.));
#10878=CARTESIAN_POINT('Ctrl Pts',(-6.87312684953213,21.2217382192612,26.6));
#10879=CARTESIAN_POINT('Ctrl Pts',(-7.08798729423878,21.451993896002,26.6));
#10880=CARTESIAN_POINT('Ctrl Pts',(-7.5127307034417,21.9071711216694,26.6));
#10881=CARTESIAN_POINT('Ctrl Pts',(-7.57771311941744,22.5258475750009,26.6));
#10882=CARTESIAN_POINT('Ctrl Pts',(-7.60982356965542,22.8315607309342,26.6));
#10883=CARTESIAN_POINT('Ctrl Pts',(-5.05047880113125,20.4304698705673,27.));
#10884=CARTESIAN_POINT('Ctrl Pts',(-5.05047880113125,20.4304698705673,26.6));
#10885=CARTESIAN_POINT('Ctrl Pts',(-5.42947547989005,20.5267408551326,27.));
#10886=CARTESIAN_POINT('Ctrl Pts',(-5.42947547989005,20.5267408551326,26.6));
#10887=CARTESIAN_POINT('Ctrl Pts',(-6.08177974400062,20.6924361692649,27.));
#10888=CARTESIAN_POINT('Ctrl Pts',(-6.08177974400062,20.6924361692649,26.6));
#10889=CARTESIAN_POINT('Ctrl Pts',(-6.63946393055204,21.0654499594574,27.));
#10890=CARTESIAN_POINT('Ctrl Pts',(-6.63946393055204,21.0654499594574,26.6));
#10891=CARTESIAN_POINT('Ctrl Pts',(-6.87312684953213,21.2217382192612,27.));
#10892=CARTESIAN_POINT('Ctrl Pts',(-6.87312684953213,21.2217382192612,26.6));
#10893=CARTESIAN_POINT('',(-5.05047880113125,20.4304698705673,27.));
#10894=CARTESIAN_POINT('Ctrl Pts',(-5.05047880113125,20.4304698705673,27.));
#10895=CARTESIAN_POINT('Ctrl Pts',(-5.42947547989005,20.5267408551326,27.));
#10896=CARTESIAN_POINT('Ctrl Pts',(-6.08177974400062,20.6924361692649,27.));
#10897=CARTESIAN_POINT('Ctrl Pts',(-6.63946393055204,21.0654499594574,27.));
#10898=CARTESIAN_POINT('Ctrl Pts',(-6.87312684953213,21.2217382192612,27.));
#10899=CARTESIAN_POINT('',(-5.05047880113125,20.4304698705673,26.6));
#10900=CARTESIAN_POINT('',(-5.05047880113125,20.4304698705673,27.));
#10901=CARTESIAN_POINT('Ctrl Pts',(-5.05047880113125,20.4304698705673,26.6));
#10902=CARTESIAN_POINT('Ctrl Pts',(-5.42947547989005,20.5267408551326,26.6));
#10903=CARTESIAN_POINT('Ctrl Pts',(-6.08177974400062,20.6924361692649,26.6));
#10904=CARTESIAN_POINT('Ctrl Pts',(-6.63946393055204,21.0654499594574,26.6));
#10905=CARTESIAN_POINT('Ctrl Pts',(-6.87312684953213,21.2217382192612,26.6));
#10906=CARTESIAN_POINT('Ctrl Pts',(-3.75716291368008,20.0812200307846,27.));
#10907=CARTESIAN_POINT('Ctrl Pts',(-3.75716291368008,20.0812200307846,26.6));
#10908=CARTESIAN_POINT('Ctrl Pts',(-3.91197226117644,20.12764513491,27.));
#10909=CARTESIAN_POINT('Ctrl Pts',(-3.91197226117644,20.12764513491,26.6));
#10910=CARTESIAN_POINT('Ctrl Pts',(-4.33980855753211,20.2559471071626,27.));
#10911=CARTESIAN_POINT('Ctrl Pts',(-4.33980855753211,20.2559471071626,26.6));
#10912=CARTESIAN_POINT('Ctrl Pts',(-4.77363145668896,20.36248311577,27.));
#10913=CARTESIAN_POINT('Ctrl Pts',(-4.77363145668896,20.36248311577,26.6));
#10914=CARTESIAN_POINT('Ctrl Pts',(-5.05047880113125,20.4304698705673,27.));
#10915=CARTESIAN_POINT('Ctrl Pts',(-5.05047880113125,20.4304698705673,26.6));
#10916=CARTESIAN_POINT('',(-3.75716291368008,20.0812200307846,27.));
#10917=CARTESIAN_POINT('Ctrl Pts',(-3.75716291368008,20.0812200307846,27.));
#10918=CARTESIAN_POINT('Ctrl Pts',(-3.91197226117644,20.12764513491,27.));
#10919=CARTESIAN_POINT('Ctrl Pts',(-4.33980855753211,20.2559471071626,27.));
#10920=CARTESIAN_POINT('Ctrl Pts',(-4.77363145668896,20.36248311577,27.));
#10921=CARTESIAN_POINT('Ctrl Pts',(-5.05047880113125,20.4304698705673,27.));
#10922=CARTESIAN_POINT('',(-3.75716291368008,20.0812200307846,26.6));
#10923=CARTESIAN_POINT('',(-3.75716291368008,20.0812200307846,27.));
#10924=CARTESIAN_POINT('Ctrl Pts',(-3.75716291368008,20.0812200307846,26.6));
#10925=CARTESIAN_POINT('Ctrl Pts',(-3.91197226117644,20.12764513491,26.6));
#10926=CARTESIAN_POINT('Ctrl Pts',(-4.33980855753211,20.2559471071626,26.6));
#10927=CARTESIAN_POINT('Ctrl Pts',(-4.77363145668896,20.36248311577,26.6));
#10928=CARTESIAN_POINT('Ctrl Pts',(-5.05047880113125,20.4304698705673,26.6));
#10929=CARTESIAN_POINT('Ctrl Pts',(-3.17599140107632,19.7346988916397,27.));
#10930=CARTESIAN_POINT('Ctrl Pts',(-3.17599140107632,19.7346988916397,26.6));
#10931=CARTESIAN_POINT('Ctrl Pts',(-3.24929239032686,19.8013988874143,27.));
#10932=CARTESIAN_POINT('Ctrl Pts',(-3.24929239032686,19.8013988874143,26.6));
#10933=CARTESIAN_POINT('Ctrl Pts',(-3.41892074313331,19.9557516530609,27.));
#10934=CARTESIAN_POINT('Ctrl Pts',(-3.41892074313331,19.9557516530609,26.6));
#10935=CARTESIAN_POINT('Ctrl Pts',(-3.63465388481677,20.0357762320911,27.));
#10936=CARTESIAN_POINT('Ctrl Pts',(-3.63465388481677,20.0357762320911,26.6));
#10937=CARTESIAN_POINT('Ctrl Pts',(-3.75716291368008,20.0812200307846,27.));
#10938=CARTESIAN_POINT('Ctrl Pts',(-3.75716291368008,20.0812200307846,26.6));
#10939=CARTESIAN_POINT('',(-3.17599140107632,19.7346988916397,27.));
#10940=CARTESIAN_POINT('Ctrl Pts',(-3.17599140107632,19.7346988916397,27.));
#10941=CARTESIAN_POINT('Ctrl Pts',(-3.24929239032686,19.8013988874143,27.));
#10942=CARTESIAN_POINT('Ctrl Pts',(-3.41892074313331,19.9557516530609,27.));
#10943=CARTESIAN_POINT('Ctrl Pts',(-3.63465388481677,20.0357762320911,27.));
#10944=CARTESIAN_POINT('Ctrl Pts',(-3.75716291368008,20.0812200307846,27.));
#10945=CARTESIAN_POINT('',(-3.17599140107632,19.7346988916397,26.6));
#10946=CARTESIAN_POINT('',(-3.17599140107632,19.7346988916397,27.));
#10947=CARTESIAN_POINT('Ctrl Pts',(-3.17599140107632,19.7346988916397,26.6));
#10948=CARTESIAN_POINT('Ctrl Pts',(-3.24929239032686,19.8013988874143,26.6));
#10949=CARTESIAN_POINT('Ctrl Pts',(-3.41892074313331,19.9557516530609,26.6));
#10950=CARTESIAN_POINT('Ctrl Pts',(-3.63465388481677,20.0357762320911,26.6));
#10951=CARTESIAN_POINT('Ctrl Pts',(-3.75716291368008,20.0812200307846,26.6));
#10952=CARTESIAN_POINT('Ctrl Pts',(-3.00955139100552,19.2517522573471,27.));
#10953=CARTESIAN_POINT('Ctrl Pts',(-3.00955139100552,19.2517522573471,26.6));
#10954=CARTESIAN_POINT('Ctrl Pts',(-3.01578368302033,19.3419622969133,27.));
#10955=CARTESIAN_POINT('Ctrl Pts',(-3.01578368302033,19.3419622969133,26.6));
#10956=CARTESIAN_POINT('Ctrl Pts',(-3.02795143350941,19.5180858242519,27.));
#10957=CARTESIAN_POINT('Ctrl Pts',(-3.02795143350941,19.5180858242519,26.6));
#10958=CARTESIAN_POINT('Ctrl Pts',(-3.1274538693158,19.6636784516134,27.));
#10959=CARTESIAN_POINT('Ctrl Pts',(-3.1274538693158,19.6636784516134,26.6));
#10960=CARTESIAN_POINT('Ctrl Pts',(-3.17599140107632,19.7346988916397,27.));
#10961=CARTESIAN_POINT('Ctrl Pts',(-3.17599140107632,19.7346988916397,26.6));
#10962=CARTESIAN_POINT('',(-3.00955139100552,19.2517522573471,27.));
#10963=CARTESIAN_POINT('Ctrl Pts',(-3.00955139100552,19.2517522573471,27.));
#10964=CARTESIAN_POINT('Ctrl Pts',(-3.01578368302033,19.3419622969133,27.));
#10965=CARTESIAN_POINT('Ctrl Pts',(-3.02795143350941,19.5180858242519,27.));
#10966=CARTESIAN_POINT('Ctrl Pts',(-3.1274538693158,19.6636784516134,27.));
#10967=CARTESIAN_POINT('Ctrl Pts',(-3.17599140107632,19.7346988916397,27.));
#10968=CARTESIAN_POINT('',(-3.00955139100552,19.2517522573471,26.6));
#10969=CARTESIAN_POINT('',(-3.00955139100552,19.2517522573471,27.));
#10970=CARTESIAN_POINT('Ctrl Pts',(-3.00955139100552,19.2517522573471,26.6));
#10971=CARTESIAN_POINT('Ctrl Pts',(-3.01578368302033,19.3419622969133,26.6));
#10972=CARTESIAN_POINT('Ctrl Pts',(-3.02795143350941,19.5180858242519,26.6));
#10973=CARTESIAN_POINT('Ctrl Pts',(-3.1274538693158,19.6636784516134,26.6));
#10974=CARTESIAN_POINT('Ctrl Pts',(-3.17599140107632,19.7346988916397,26.6));
#10975=CARTESIAN_POINT('Ctrl Pts',(-3.40518556535244,18.4795836210251,27.));
#10976=CARTESIAN_POINT('Ctrl Pts',(-3.40518556535244,18.4795836210251,26.6));
#10977=CARTESIAN_POINT('Ctrl Pts',(-3.28986056913623,18.5907564022575,27.));
#10978=CARTESIAN_POINT('Ctrl Pts',(-3.28986056913623,18.5907564022575,26.6));
#10979=CARTESIAN_POINT('Ctrl Pts',(-3.06897335537614,18.8036906896895,27.));
#10980=CARTESIAN_POINT('Ctrl Pts',(-3.06897335537614,18.8036906896895,26.6));
#10981=CARTESIAN_POINT('Ctrl Pts',(-3.02876635580028,19.1068649696309,27.));
#10982=CARTESIAN_POINT('Ctrl Pts',(-3.02876635580028,19.1068649696309,26.6));
#10983=CARTESIAN_POINT('Ctrl Pts',(-3.00955139100552,19.2517522573471,27.));
#10984=CARTESIAN_POINT('Ctrl Pts',(-3.00955139100552,19.2517522573471,26.6));
#10985=CARTESIAN_POINT('',(-3.40518556535244,18.4795836210251,27.));
#10986=CARTESIAN_POINT('Ctrl Pts',(-3.40518556535244,18.4795836210251,27.));
#10987=CARTESIAN_POINT('Ctrl Pts',(-3.28986056913623,18.5907564022575,27.));
#10988=CARTESIAN_POINT('Ctrl Pts',(-3.06897335537614,18.8036906896895,27.));
#10989=CARTESIAN_POINT('Ctrl Pts',(-3.02876635580028,19.1068649696309,27.));
#10990=CARTESIAN_POINT('Ctrl Pts',(-3.00955139100552,19.2517522573471,27.));
#10991=CARTESIAN_POINT('',(-3.40518556535244,18.4795836210251,26.6));
#10992=CARTESIAN_POINT('',(-3.40518556535244,18.4795836210251,27.));
#10993=CARTESIAN_POINT('Ctrl Pts',(-3.40518556535244,18.4795836210251,26.6));
#10994=CARTESIAN_POINT('Ctrl Pts',(-3.28986056913623,18.5907564022575,26.6));
#10995=CARTESIAN_POINT('Ctrl Pts',(-3.06897335537614,18.8036906896895,26.6));
#10996=CARTESIAN_POINT('Ctrl Pts',(-3.02876635580028,19.1068649696309,26.6));
#10997=CARTESIAN_POINT('Ctrl Pts',(-3.00955139100552,19.2517522573471,26.6));
#10998=CARTESIAN_POINT('Ctrl Pts',(-4.58117567002773,18.1494323015213,27.));
#10999=CARTESIAN_POINT('Ctrl Pts',(-4.58117567002773,18.1494323015213,26.6));
#11000=CARTESIAN_POINT('Ctrl Pts',(-4.34675723763608,18.1558816628442,27.));
#11001=CARTESIAN_POINT('Ctrl Pts',(-4.34675723763608,18.1558816628442,26.6));
#11002=CARTESIAN_POINT('Ctrl Pts',(-3.92503484760359,18.1674841637377,27.));
#11003=CARTESIAN_POINT('Ctrl Pts',(-3.92503484760359,18.1674841637377,26.6));
#11004=CARTESIAN_POINT('Ctrl Pts',(-3.56506342337018,18.3835985068329,27.));
#11005=CARTESIAN_POINT('Ctrl Pts',(-3.56506342337018,18.3835985068329,26.6));
#11006=CARTESIAN_POINT('Ctrl Pts',(-3.40518556535244,18.4795836210251,27.));
#11007=CARTESIAN_POINT('Ctrl Pts',(-3.40518556535244,18.4795836210251,26.6));
#11008=CARTESIAN_POINT('',(-4.58117567002773,18.1494323015213,27.));
#11009=CARTESIAN_POINT('Ctrl Pts',(-4.58117567002773,18.1494323015213,27.));
#11010=CARTESIAN_POINT('Ctrl Pts',(-4.34675723763608,18.1558816628442,27.));
#11011=CARTESIAN_POINT('Ctrl Pts',(-3.92503484760359,18.1674841637377,27.));
#11012=CARTESIAN_POINT('Ctrl Pts',(-3.56506342337018,18.3835985068329,27.));
#11013=CARTESIAN_POINT('Ctrl Pts',(-3.40518556535244,18.4795836210251,27.));
#11014=CARTESIAN_POINT('',(-4.58117567002773,18.1494323015213,26.6));
#11015=CARTESIAN_POINT('',(-4.58117567002773,18.1494323015213,27.));
#11016=CARTESIAN_POINT('Ctrl Pts',(-4.58117567002773,18.1494323015213,26.6));
#11017=CARTESIAN_POINT('Ctrl Pts',(-4.34675723763608,18.1558816628442,26.6));
#11018=CARTESIAN_POINT('Ctrl Pts',(-3.92503484760359,18.1674841637377,26.6));
#11019=CARTESIAN_POINT('Ctrl Pts',(-3.56506342337018,18.3835985068329,26.6));
#11020=CARTESIAN_POINT('Ctrl Pts',(-3.40518556535244,18.4795836210251,26.6));
#11021=CARTESIAN_POINT('Ctrl Pts',(-5.7517059892416,18.5205105543137,27.));
#11022=CARTESIAN_POINT('Ctrl Pts',(-5.7517059892416,18.5205105543137,26.6));
#11023=CARTESIAN_POINT('Ctrl Pts',(-5.5869285247609,18.4124190069576,27.));
#11024=CARTESIAN_POINT('Ctrl Pts',(-5.5869285247609,18.4124190069576,26.6));
#11025=CARTESIAN_POINT('Ctrl Pts',(-5.23272191449079,18.1800647787353,27.));
#11026=CARTESIAN_POINT('Ctrl Pts',(-5.23272191449079,18.1800647787353,26.6));
#11027=CARTESIAN_POINT('Ctrl Pts',(-4.80820607992119,18.1601061468808,27.));
#11028=CARTESIAN_POINT('Ctrl Pts',(-4.80820607992119,18.1601061468808,26.6));
#11029=CARTESIAN_POINT('Ctrl Pts',(-4.58117567002773,18.1494323015213,27.));
#11030=CARTESIAN_POINT('Ctrl Pts',(-4.58117567002773,18.1494323015213,26.6));
#11031=CARTESIAN_POINT('',(-5.7517059892416,18.5205105543137,27.));
#11032=CARTESIAN_POINT('Ctrl Pts',(-5.7517059892416,18.5205105543137,27.));
#11033=CARTESIAN_POINT('Ctrl Pts',(-5.5869285247609,18.4124190069576,27.));
#11034=CARTESIAN_POINT('Ctrl Pts',(-5.23272191449079,18.1800647787353,27.));
#11035=CARTESIAN_POINT('Ctrl Pts',(-4.80820607992119,18.1601061468808,27.));
#11036=CARTESIAN_POINT('Ctrl Pts',(-4.58117567002773,18.1494323015213,27.));
#11037=CARTESIAN_POINT('',(-5.7517059892416,18.5205105543137,26.6));
#11038=CARTESIAN_POINT('',(-5.7517059892416,18.5205105543137,27.));
#11039=CARTESIAN_POINT('Ctrl Pts',(-5.7517059892416,18.5205105543137,26.6));
#11040=CARTESIAN_POINT('Ctrl Pts',(-5.5869285247609,18.4124190069576,26.6));
#11041=CARTESIAN_POINT('Ctrl Pts',(-5.23272191449079,18.1800647787353,26.6));
#11042=CARTESIAN_POINT('Ctrl Pts',(-4.80820607992119,18.1601061468808,26.6));
#11043=CARTESIAN_POINT('Ctrl Pts',(-4.58117567002773,18.1494323015213,26.6));
#11044=CARTESIAN_POINT('Ctrl Pts',(-6.32742248475552,19.6828571557999,27.));
#11045=CARTESIAN_POINT('Ctrl Pts',(-6.32742248475552,19.6828571557999,26.6));
#11046=CARTESIAN_POINT('Ctrl Pts',(-6.27577754976437,19.4438174789019,27.));
#11047=CARTESIAN_POINT('Ctrl Pts',(-6.27577754976437,19.4438174789019,26.6));
#11048=CARTESIAN_POINT('Ctrl Pts',(-6.18122539147115,19.0061808089692,27.));
#11049=CARTESIAN_POINT('Ctrl Pts',(-6.18122539147115,19.0061808089692,26.6));
#11050=CARTESIAN_POINT('Ctrl Pts',(-5.8857782125424,18.6721099709983,27.));
#11051=CARTESIAN_POINT('Ctrl Pts',(-5.8857782125424,18.6721099709983,26.6));
#11052=CARTESIAN_POINT('Ctrl Pts',(-5.7517059892416,18.5205105543137,27.));
#11053=CARTESIAN_POINT('Ctrl Pts',(-5.7517059892416,18.5205105543137,26.6));
#11054=CARTESIAN_POINT('',(-6.32742248475552,19.6828571557999,27.));
#11055=CARTESIAN_POINT('Ctrl Pts',(-6.32742248475552,19.6828571557999,27.));
#11056=CARTESIAN_POINT('Ctrl Pts',(-6.27577754976437,19.4438174789019,27.));
#11057=CARTESIAN_POINT('Ctrl Pts',(-6.18122539147115,19.0061808089692,27.));
#11058=CARTESIAN_POINT('Ctrl Pts',(-5.8857782125424,18.6721099709983,27.));
#11059=CARTESIAN_POINT('Ctrl Pts',(-5.7517059892416,18.5205105543137,27.));
#11060=CARTESIAN_POINT('',(-6.32742248475552,19.6828571557999,26.6));
#11061=CARTESIAN_POINT('',(-6.32742248475552,19.6828571557999,27.));
#11062=CARTESIAN_POINT('Ctrl Pts',(-6.32742248475552,19.6828571557999,26.6));
#11063=CARTESIAN_POINT('Ctrl Pts',(-6.27577754976437,19.4438174789019,26.6));
#11064=CARTESIAN_POINT('Ctrl Pts',(-6.18122539147115,19.0061808089692,26.6));
#11065=CARTESIAN_POINT('Ctrl Pts',(-5.8857782125424,18.6721099709983,26.6));
#11066=CARTESIAN_POINT('Ctrl Pts',(-5.7517059892416,18.5205105543137,26.6));
#11067=CARTESIAN_POINT('Origin',(-7.89904676377773,19.5300606489182,27.));
#11068=CARTESIAN_POINT('',(-7.89904676377773,19.5300606489182,27.));
#11069=CARTESIAN_POINT('',(-4.9992254721573,19.8119871690509,27.));
#11070=CARTESIAN_POINT('',(-7.89904676377773,19.5300606489182,26.6));
#11071=CARTESIAN_POINT('',(-7.89904676377773,19.5300606489182,27.));
#11072=CARTESIAN_POINT('',(-7.89904676377773,19.5300606489182,26.6));
#11073=CARTESIAN_POINT('Ctrl Pts',(-6.92769609391689,17.4864045381546,27.));
#11074=CARTESIAN_POINT('Ctrl Pts',(-6.92769609391689,17.4864045381546,26.6));
#11075=CARTESIAN_POINT('Ctrl Pts',(-7.17271104291734,17.7595791578079,27.));
#11076=CARTESIAN_POINT('Ctrl Pts',(-7.17271104291734,17.7595791578079,26.6));
#11077=CARTESIAN_POINT('Ctrl Pts',(-7.69597394862317,18.3429808883063,27.));
#11078=CARTESIAN_POINT('Ctrl Pts',(-7.69597394862317,18.3429808883063,26.6));
#11079=CARTESIAN_POINT('Ctrl Pts',(-7.82854915915491,19.1179607843662,27.));
#11080=CARTESIAN_POINT('Ctrl Pts',(-7.82854915915491,19.1179607843662,26.6));
#11081=CARTESIAN_POINT('Ctrl Pts',(-7.89904676377773,19.5300606489182,27.));
#11082=CARTESIAN_POINT('Ctrl Pts',(-7.89904676377773,19.5300606489182,26.6));
#11083=CARTESIAN_POINT('Ctrl Pts',(-6.92769609391689,17.4864045381546,27.));
#11084=CARTESIAN_POINT('Ctrl Pts',(-7.17271104291734,17.7595791578079,27.));
#11085=CARTESIAN_POINT('Ctrl Pts',(-7.69597394862317,18.3429808883063,27.));
#11086=CARTESIAN_POINT('Ctrl Pts',(-7.82854915915491,19.1179607843662,27.));
#11087=CARTESIAN_POINT('Ctrl Pts',(-7.89904676377773,19.5300606489182,27.));
#11088=CARTESIAN_POINT('Ctrl Pts',(-6.92769609391689,17.4864045381546,26.6));
#11089=CARTESIAN_POINT('Ctrl Pts',(-7.17271104291734,17.7595791578079,26.6));
#11090=CARTESIAN_POINT('Ctrl Pts',(-7.69597394862317,18.3429808883063,26.6));
#11091=CARTESIAN_POINT('Ctrl Pts',(-7.82854915915491,19.1179607843662,26.6));
#11092=CARTESIAN_POINT('Ctrl Pts',(-7.89904676377773,19.5300606489182,26.6));
#11093=CARTESIAN_POINT('Origin',(-3.72529029846191E-7,20.9243301153183,
26.6));
#11094=CARTESIAN_POINT('Origin',(-8.8594826310873,18.2749441862106,27.));
#11095=CARTESIAN_POINT('',(-8.8594826310873,18.2749441862106,27.));
#11096=CARTESIAN_POINT('',(-8.8594826310873,16.9270590543747,27.));
#11097=CARTESIAN_POINT('',(-8.8594826310873,8.38747209310532,27.));
#11098=CARTESIAN_POINT('',(-8.8594826310873,18.2749441862106,26.6));
#11099=CARTESIAN_POINT('',(-8.8594826310873,18.2749441862106,27.));
#11100=CARTESIAN_POINT('',(-8.8594826310873,16.9270590543747,26.6));
#11101=CARTESIAN_POINT('',(-8.8594826310873,18.2749441862106,26.6));
#11102=CARTESIAN_POINT('',(-8.8594826310873,16.9270590543747,27.));
#11103=CARTESIAN_POINT('Origin',(-13.3287867158651,18.2749441862106,27.));
#11104=CARTESIAN_POINT('',(-13.3287867158651,18.2749441862106,27.));
#11105=CARTESIAN_POINT('',(-6.66439335793257,18.2749441862106,27.));
#11106=CARTESIAN_POINT('',(-13.3287867158651,18.2749441862106,26.6));
#11107=CARTESIAN_POINT('',(-13.3287867158651,18.2749441862106,27.));
#11108=CARTESIAN_POINT('',(-13.3287867158651,18.2749441862106,26.6));
#11109=CARTESIAN_POINT('Origin',(-13.3287867158651,20.4522970914841,27.));
#11110=CARTESIAN_POINT('',(-13.3287867158651,20.4522970914841,27.));
#11111=CARTESIAN_POINT('',(-13.3287867158651,9.47614854574204,27.));
#11112=CARTESIAN_POINT('',(-13.3287867158651,20.4522970914841,26.6));
#11113=CARTESIAN_POINT('',(-13.3287867158651,20.4522970914841,27.));
#11114=CARTESIAN_POINT('',(-13.3287867158651,20.4522970914841,26.6));
#11115=CARTESIAN_POINT('Origin',(-9.31241594254971,20.4522970914841,27.));
#11116=CARTESIAN_POINT('',(-9.31241594254971,20.4522970914841,27.));
#11117=CARTESIAN_POINT('',(-4.65620797127485,20.4522970914841,27.));
#11118=CARTESIAN_POINT('',(-9.31241594254971,20.4522970914841,26.6));
#11119=CARTESIAN_POINT('',(-9.31241594254971,20.4522970914841,27.));
#11120=CARTESIAN_POINT('',(-9.31241594254971,20.4522970914841,26.6));
#11121=CARTESIAN_POINT('Origin',(-9.31241594254971,21.8001834154129,27.));
#11122=CARTESIAN_POINT('',(-9.31241594254971,21.8001834154129,27.));
#11123=CARTESIAN_POINT('',(-9.31241594254971,10.1500917077065,27.));
#11124=CARTESIAN_POINT('',(-9.31241594254971,21.8001834154129,26.6));
#11125=CARTESIAN_POINT('',(-9.31241594254971,21.8001834154129,27.));
#11126=CARTESIAN_POINT('',(-9.31241594254971,21.8001834154129,26.6));
#11127=CARTESIAN_POINT('Origin',(-13.3287867158651,21.8001834154129,27.));
#11128=CARTESIAN_POINT('',(-13.3287867158651,21.8001834154129,27.));
#11129=CARTESIAN_POINT('',(-6.66439335793257,21.8001834154129,27.));
#11130=CARTESIAN_POINT('',(-13.3287867158651,21.8001834154129,26.6));
#11131=CARTESIAN_POINT('',(-13.3287867158651,21.8001834154129,27.));
#11132=CARTESIAN_POINT('',(-13.3287867158651,21.8001834154129,26.6));
#11133=CARTESIAN_POINT('Origin',(-13.3287867158651,23.5737166404724,27.));
#11134=CARTESIAN_POINT('',(-13.3287867158651,23.5737166404724,27.));
#11135=CARTESIAN_POINT('',(-13.3287867158651,11.0368583202362,27.));
#11136=CARTESIAN_POINT('',(-13.3287867158651,23.5737166404724,26.6));
#11137=CARTESIAN_POINT('',(-13.3287867158651,23.5737166404724,27.));
#11138=CARTESIAN_POINT('',(-13.3287867158651,23.5737166404724,26.6));
#11139=CARTESIAN_POINT('Origin',(-9.01228033006191,23.5737166404724,27.));
#11140=CARTESIAN_POINT('',(-9.01228033006191,23.5737166404724,27.));
#11141=CARTESIAN_POINT('',(-4.50614016503096,23.5737166404724,27.));
#11142=CARTESIAN_POINT('',(-9.01228033006191,23.5737166404724,26.6));
#11143=CARTESIAN_POINT('',(-9.01228033006191,23.5737166404724,27.));
#11144=CARTESIAN_POINT('',(-9.01228033006191,23.5737166404724,26.6));
#11145=CARTESIAN_POINT('Origin',(-9.01228033006191,24.927059173584,27.));
#11146=CARTESIAN_POINT('',(-9.01228033006191,24.927059173584,27.));
#11147=CARTESIAN_POINT('',(-9.01228033006191,11.713529586792,27.));
#11148=CARTESIAN_POINT('',(-9.01228033006191,24.927059173584,26.6));
#11149=CARTESIAN_POINT('',(-9.01228033006191,24.927059173584,27.));
#11150=CARTESIAN_POINT('',(-9.01228033006191,24.927059173584,26.6));
#11151=CARTESIAN_POINT('Origin',(-14.9440678209066,24.927059173584,27.));
#11152=CARTESIAN_POINT('',(-14.9440678209066,24.927059173584,27.));
#11153=CARTESIAN_POINT('',(-7.47203391045332,24.927059173584,27.));
#11154=CARTESIAN_POINT('',(-14.9440678209066,24.927059173584,26.6));
#11155=CARTESIAN_POINT('',(-14.9440678209066,24.927059173584,27.));
#11156=CARTESIAN_POINT('',(-14.9440678209066,24.927059173584,26.6));
#11157=CARTESIAN_POINT('Origin',(-14.9440678209066,16.9270590543747,27.));
#11158=CARTESIAN_POINT('',(-14.9440678209066,16.9270590543747,27.));
#11159=CARTESIAN_POINT('',(-14.9440678209066,7.71352952718735,27.));
#11160=CARTESIAN_POINT('',(-14.9440678209066,16.9270590543747,26.6));
#11161=CARTESIAN_POINT('',(-14.9440678209066,16.9270590543747,27.));
#11162=CARTESIAN_POINT('',(-14.9440678209066,16.9270590543747,26.6));
#11163=CARTESIAN_POINT('Origin',(-8.8594826310873,16.9270590543747,27.));
#11164=CARTESIAN_POINT('',(-4.42974131554365,16.9270590543747,27.));
#11165=CARTESIAN_POINT('',(-8.8594826310873,16.9270590543747,26.6));
#11166=CARTESIAN_POINT('Origin',(-3.72529029846191E-7,20.9243301153183,
26.6));
#11167=CARTESIAN_POINT('Origin',(-21.4979537576437,22.14397585392,27.));
#11168=CARTESIAN_POINT('',(-21.4979537576437,22.14397585392,27.));
#11169=CARTESIAN_POINT('',(-21.4979537576437,16.9270590543747,27.));
#11170=CARTESIAN_POINT('',(-21.4979537576437,10.32198792696,27.));
#11171=CARTESIAN_POINT('',(-21.4979537576437,22.14397585392,26.6));
#11172=CARTESIAN_POINT('',(-21.4979537576437,22.14397585392,27.));
#11173=CARTESIAN_POINT('',(-21.4979537576437,16.9270590543747,26.6));
#11174=CARTESIAN_POINT('',(-21.4979537576437,22.14397585392,26.6));
#11175=CARTESIAN_POINT('',(-21.4979537576437,16.9270590543747,27.));
#11176=CARTESIAN_POINT('Origin',(-18.272852525115,16.9270590543747,27.));
#11177=CARTESIAN_POINT('',(-18.272852525115,16.9270590543747,27.));
#11178=CARTESIAN_POINT('',(-11.6257087132188,6.17465355729658,27.));
#11179=CARTESIAN_POINT('',(-18.272852525115,16.9270590543747,26.6));
#11180=CARTESIAN_POINT('',(-18.272852525115,16.9270590543747,27.));
#11181=CARTESIAN_POINT('',(-18.272852525115,16.9270590543747,26.6));
#11182=CARTESIAN_POINT('Origin',(-16.6521152108908,16.9270590543747,27.));
#11183=CARTESIAN_POINT('',(-16.6521152108908,16.9270590543747,27.));
#11184=CARTESIAN_POINT('',(-8.32605760544538,16.9270590543747,27.));
#11185=CARTESIAN_POINT('',(-16.6521152108908,16.9270590543747,26.6));
#11186=CARTESIAN_POINT('',(-16.6521152108908,16.9270590543747,27.));
#11187=CARTESIAN_POINT('',(-16.6521152108908,16.9270590543747,26.6));
#11188=CARTESIAN_POINT('Origin',(-16.6521152108908,24.927059173584,27.));
#11189=CARTESIAN_POINT('',(-16.6521152108908,24.927059173584,27.));
#11190=CARTESIAN_POINT('',(-16.6521152108908,11.713529586792,27.));
#11191=CARTESIAN_POINT('',(-16.6521152108908,24.927059173584,26.6));
#11192=CARTESIAN_POINT('',(-16.6521152108908,24.927059173584,27.));
#11193=CARTESIAN_POINT('',(-16.6521152108908,24.927059173584,26.6));
#11194=CARTESIAN_POINT('Origin',(-18.1527980417013,24.927059173584,27.));
#11195=CARTESIAN_POINT('',(-18.1527980417013,24.927059173584,27.));
#11196=CARTESIAN_POINT('',(-9.07639902085066,24.927059173584,27.));
#11197=CARTESIAN_POINT('',(-18.1527980417013,24.927059173584,26.6));
#11198=CARTESIAN_POINT('',(-18.1527980417013,24.927059173584,27.));
#11199=CARTESIAN_POINT('',(-18.1527980417013,24.927059173584,26.6));
#11200=CARTESIAN_POINT('Origin',(-18.1527980417013,19.5846298933029,27.));
#11201=CARTESIAN_POINT('',(-18.1527980417013,19.5846298933029,27.));
#11202=CARTESIAN_POINT('',(-18.1527980417013,9.04231494665147,27.));
#11203=CARTESIAN_POINT('',(-18.1527980417013,19.5846298933029,26.6));
#11204=CARTESIAN_POINT('',(-18.1527980417013,19.5846298933029,27.));
#11205=CARTESIAN_POINT('',(-18.1527980417013,19.5846298933029,26.6));
#11206=CARTESIAN_POINT('Origin',(-21.4270135015249,24.927059173584,27.));
#11207=CARTESIAN_POINT('',(-21.4270135015249,24.927059173584,27.));
#11208=CARTESIAN_POINT('',(-12.6147208721997,10.5483321939465,27.));
#11209=CARTESIAN_POINT('',(-21.4270135015249,24.927059173584,26.6));
#11210=CARTESIAN_POINT('',(-21.4270135015249,24.927059173584,27.));
#11211=CARTESIAN_POINT('',(-21.4270135015249,24.927059173584,26.6));
#11212=CARTESIAN_POINT('Origin',(-22.9986365884542,24.927059173584,27.));
#11213=CARTESIAN_POINT('',(-22.9986365884542,24.927059173584,27.));
#11214=CARTESIAN_POINT('',(-11.4993182942271,24.927059173584,27.));
#11215=CARTESIAN_POINT('',(-22.9986365884542,24.927059173584,26.6));
#11216=CARTESIAN_POINT('',(-22.9986365884542,24.927059173584,27.));
#11217=CARTESIAN_POINT('',(-22.9986365884542,24.927059173584,26.6));
#11218=CARTESIAN_POINT('Origin',(-22.9986365884542,16.9270590543747,27.));
#11219=CARTESIAN_POINT('',(-22.9986365884542,16.9270590543747,27.));
#11220=CARTESIAN_POINT('',(-22.9986365884542,7.71352952718735,27.));
#11221=CARTESIAN_POINT('',(-22.9986365884542,16.9270590543747,26.6));
#11222=CARTESIAN_POINT('',(-22.9986365884542,16.9270590543747,27.));
#11223=CARTESIAN_POINT('',(-22.9986365884542,16.9270590543747,26.6));
#11224=CARTESIAN_POINT('Origin',(-21.4979537576437,16.9270590543747,27.));
#11225=CARTESIAN_POINT('',(-10.7489768788218,16.9270590543747,27.));
#11226=CARTESIAN_POINT('',(-21.4979537576437,16.9270590543747,26.6));
#11227=CARTESIAN_POINT('Origin',(-3.72529029846191E-7,20.9243301153183,
26.6));
#11228=CARTESIAN_POINT('Ctrl Pts',(-27.5770815461874,16.7851761579514,27.));
#11229=CARTESIAN_POINT('Ctrl Pts',(-27.5770815461874,16.7851761579514,26.6));
#11230=CARTESIAN_POINT('Ctrl Pts',(-28.0374951340299,16.8017092207472,27.));
#11231=CARTESIAN_POINT('Ctrl Pts',(-28.0374951340299,16.8017092207472,26.6));
#11232=CARTESIAN_POINT('Ctrl Pts',(-28.8792564993234,16.8319361599146,27.));
#11233=CARTESIAN_POINT('Ctrl Pts',(-28.8792564993234,16.8319361599146,26.6));
#11234=CARTESIAN_POINT('Ctrl Pts',(-29.5867237690864,17.282350743827,27.));
#11235=CARTESIAN_POINT('Ctrl Pts',(-29.5867237690864,17.282350743827,26.6));
#11236=CARTESIAN_POINT('Ctrl Pts',(-29.907231554389,17.4864045381546,27.));
#11237=CARTESIAN_POINT('Ctrl Pts',(-29.907231554389,17.4864045381546,26.6));
#11238=CARTESIAN_POINT('',(-27.5770815461874,16.7851761579514,27.));
#11239=CARTESIAN_POINT('',(-29.907231554389,17.4864045381546,27.));
#11240=CARTESIAN_POINT('Ctrl Pts',(-27.5770815461874,16.7851761579514,27.));
#11241=CARTESIAN_POINT('Ctrl Pts',(-28.0374951340299,16.8017092207472,27.));
#11242=CARTESIAN_POINT('Ctrl Pts',(-28.8792564993234,16.8319361599146,27.));
#11243=CARTESIAN_POINT('Ctrl Pts',(-29.5867237690864,17.282350743827,27.));
#11244=CARTESIAN_POINT('Ctrl Pts',(-29.907231554389,17.4864045381546,27.));
#11245=CARTESIAN_POINT('',(-27.5770815461874,16.7851761579514,26.6));
#11246=CARTESIAN_POINT('',(-27.5770815461874,16.7851761579514,27.));
#11247=CARTESIAN_POINT('',(-29.907231554389,17.4864045381546,26.6));
#11248=CARTESIAN_POINT('Ctrl Pts',(-27.5770815461874,16.7851761579514,26.6));
#11249=CARTESIAN_POINT('Ctrl Pts',(-28.0374951340299,16.8017092207472,26.6));
#11250=CARTESIAN_POINT('Ctrl Pts',(-28.8792564993234,16.8319361599146,26.6));
#11251=CARTESIAN_POINT('Ctrl Pts',(-29.5867237690864,17.282350743827,26.6));
#11252=CARTESIAN_POINT('Ctrl Pts',(-29.907231554389,17.4864045381546,26.6));
#11253=CARTESIAN_POINT('',(-29.907231554389,17.4864045381546,27.));
#11254=CARTESIAN_POINT('Ctrl Pts',(-25.8362903445959,17.0771268606186,27.));
#11255=CARTESIAN_POINT('Ctrl Pts',(-25.8362903445959,17.0771268606186,26.6));
#11256=CARTESIAN_POINT('Ctrl Pts',(-26.095658461843,16.9921240031952,27.));
#11257=CARTESIAN_POINT('Ctrl Pts',(-26.095658461843,16.9921240031952,26.6));
#11258=CARTESIAN_POINT('Ctrl Pts',(-26.6604737057914,16.8070167889334,27.));
#11259=CARTESIAN_POINT('Ctrl Pts',(-26.6604737057914,16.8070167889334,26.6));
#11260=CARTESIAN_POINT('Ctrl Pts',(-27.2553679565813,16.7928418438454,27.));
#11261=CARTESIAN_POINT('Ctrl Pts',(-27.2553679565813,16.7928418438454,26.6));
#11262=CARTESIAN_POINT('Ctrl Pts',(-27.5770815461874,16.7851761579514,27.));
#11263=CARTESIAN_POINT('Ctrl Pts',(-27.5770815461874,16.7851761579514,26.6));
#11264=CARTESIAN_POINT('',(-25.8362903445959,17.0771268606186,27.));
#11265=CARTESIAN_POINT('Ctrl Pts',(-25.8362903445959,17.0771268606186,27.));
#11266=CARTESIAN_POINT('Ctrl Pts',(-26.095658461843,16.9921240031952,27.));
#11267=CARTESIAN_POINT('Ctrl Pts',(-26.6604737057914,16.8070167889334,27.));
#11268=CARTESIAN_POINT('Ctrl Pts',(-27.2553679565813,16.7928418438454,27.));
#11269=CARTESIAN_POINT('Ctrl Pts',(-27.5770815461874,16.7851761579514,27.));
#11270=CARTESIAN_POINT('',(-25.8362903445959,17.0771268606186,26.6));
#11271=CARTESIAN_POINT('',(-25.8362903445959,17.0771268606186,27.));
#11272=CARTESIAN_POINT('Ctrl Pts',(-25.8362903445959,17.0771268606186,26.6));
#11273=CARTESIAN_POINT('Ctrl Pts',(-26.095658461843,16.9921240031952,26.6));
#11274=CARTESIAN_POINT('Ctrl Pts',(-26.6604737057914,16.8070167889334,26.6));
#11275=CARTESIAN_POINT('Ctrl Pts',(-27.2553679565813,16.7928418438454,26.6));
#11276=CARTESIAN_POINT('Ctrl Pts',(-27.5770815461874,16.7851761579514,26.6));
#11277=CARTESIAN_POINT('Ctrl Pts',(-24.7557993978262,17.9693511724472,27.));
#11278=CARTESIAN_POINT('Ctrl Pts',(-24.7557993978262,17.9693511724472,26.6));
#11279=CARTESIAN_POINT('Ctrl Pts',(-24.8981973504913,17.7813313073354,27.));
#11280=CARTESIAN_POINT('Ctrl Pts',(-24.8981973504913,17.7813313073354,26.6));
#11281=CARTESIAN_POINT('Ctrl Pts',(-25.1878076776786,17.3989346953503,27.));
#11282=CARTESIAN_POINT('Ctrl Pts',(-25.1878076776786,17.3989346953503,26.6));
#11283=CARTESIAN_POINT('Ctrl Pts',(-25.6177470480598,17.1855784024119,27.));
#11284=CARTESIAN_POINT('Ctrl Pts',(-25.6177470480598,17.1855784024119,26.6));
#11285=CARTESIAN_POINT('Ctrl Pts',(-25.8362903445959,17.0771268606186,27.));
#11286=CARTESIAN_POINT('Ctrl Pts',(-25.8362903445959,17.0771268606186,26.6));
#11287=CARTESIAN_POINT('',(-24.7557993978262,17.9693511724472,27.));
#11288=CARTESIAN_POINT('Ctrl Pts',(-24.7557993978262,17.9693511724472,27.));
#11289=CARTESIAN_POINT('Ctrl Pts',(-24.8981973504913,17.7813313073354,27.));
#11290=CARTESIAN_POINT('Ctrl Pts',(-25.1878076776786,17.3989346953503,27.));
#11291=CARTESIAN_POINT('Ctrl Pts',(-25.6177470480598,17.1855784024119,27.));
#11292=CARTESIAN_POINT('Ctrl Pts',(-25.8362903445959,17.0771268606186,27.));
#11293=CARTESIAN_POINT('',(-24.7557993978262,17.9693511724472,26.6));
#11294=CARTESIAN_POINT('',(-24.7557993978262,17.9693511724472,27.));
#11295=CARTESIAN_POINT('Ctrl Pts',(-24.7557993978262,17.9693511724472,26.6));
#11296=CARTESIAN_POINT('Ctrl Pts',(-24.8981973504913,17.7813313073354,26.6));
#11297=CARTESIAN_POINT('Ctrl Pts',(-25.1878076776786,17.3989346953503,26.6));
#11298=CARTESIAN_POINT('Ctrl Pts',(-25.6177470480598,17.1855784024119,26.6));
#11299=CARTESIAN_POINT('Ctrl Pts',(-25.8362903445959,17.0771268606186,26.6));
#11300=CARTESIAN_POINT('Ctrl Pts',(-24.3738075345755,19.2572096586227,27.));
#11301=CARTESIAN_POINT('Ctrl Pts',(-24.3738075345755,19.2572096586227,26.6));
#11302=CARTESIAN_POINT('Ctrl Pts',(-24.3902939632287,19.0307607168552,27.));
#11303=CARTESIAN_POINT('Ctrl Pts',(-24.3902939632287,19.0307607168552,26.6));
#11304=CARTESIAN_POINT('Ctrl Pts',(-24.4235690219005,18.5737119537796,27.));
#11305=CARTESIAN_POINT('Ctrl Pts',(-24.4235690219005,18.5737119537796,26.6));
#11306=CARTESIAN_POINT('Ctrl Pts',(-24.6443874541948,18.1720208082842,27.));
#11307=CARTESIAN_POINT('Ctrl Pts',(-24.6443874541948,18.1720208082842,26.6));
#11308=CARTESIAN_POINT('Ctrl Pts',(-24.7557993978262,17.9693511724472,27.));
#11309=CARTESIAN_POINT('Ctrl Pts',(-24.7557993978262,17.9693511724472,26.6));
#11310=CARTESIAN_POINT('',(-24.3738075345755,19.2572096586227,27.));
#11311=CARTESIAN_POINT('Ctrl Pts',(-24.3738075345755,19.2572096586227,27.));
#11312=CARTESIAN_POINT('Ctrl Pts',(-24.3902939632287,19.0307607168552,27.));
#11313=CARTESIAN_POINT('Ctrl Pts',(-24.4235690219005,18.5737119537796,27.));
#11314=CARTESIAN_POINT('Ctrl Pts',(-24.6443874541948,18.1720208082842,27.));
#11315=CARTESIAN_POINT('Ctrl Pts',(-24.7557993978262,17.9693511724472,27.));
#11316=CARTESIAN_POINT('',(-24.3738075345755,19.2572096586227,26.6));
#11317=CARTESIAN_POINT('',(-24.3738075345755,19.2572096586227,27.));
#11318=CARTESIAN_POINT('Ctrl Pts',(-24.3738075345755,19.2572096586227,26.6));
#11319=CARTESIAN_POINT('Ctrl Pts',(-24.3902939632287,19.0307607168552,26.6));
#11320=CARTESIAN_POINT('Ctrl Pts',(-24.4235690219005,18.5737119537796,26.6));
#11321=CARTESIAN_POINT('Ctrl Pts',(-24.6443874541948,18.1720208082842,26.6));
#11322=CARTESIAN_POINT('Ctrl Pts',(-24.7557993978262,17.9693511724472,26.6));
#11323=CARTESIAN_POINT('Ctrl Pts',(-24.693044051528,20.5314246416092,27.));
#11324=CARTESIAN_POINT('Ctrl Pts',(-24.693044051528,20.5314246416092,26.6));
#11325=CARTESIAN_POINT('Ctrl Pts',(-24.60002088945,20.3427193272535,27.));
#11326=CARTESIAN_POINT('Ctrl Pts',(-24.60002088945,20.3427193272535,26.6));
#11327=CARTESIAN_POINT('Ctrl Pts',(-24.4023169405662,19.9416602255194,27.));
#11328=CARTESIAN_POINT('Ctrl Pts',(-24.4023169405662,19.9416602255194,26.6));
#11329=CARTESIAN_POINT('Ctrl Pts',(-24.383677037557,19.4941555603695,27.));
#11330=CARTESIAN_POINT('Ctrl Pts',(-24.383677037557,19.4941555603695,26.6));
#11331=CARTESIAN_POINT('Ctrl Pts',(-24.3738075345755,19.2572096586227,27.));
#11332=CARTESIAN_POINT('Ctrl Pts',(-24.3738075345755,19.2572096586227,26.6));
#11333=CARTESIAN_POINT('',(-24.693044051528,20.5314246416092,27.));
#11334=CARTESIAN_POINT('Ctrl Pts',(-24.693044051528,20.5314246416092,27.));
#11335=CARTESIAN_POINT('Ctrl Pts',(-24.60002088945,20.3427193272535,27.));
#11336=CARTESIAN_POINT('Ctrl Pts',(-24.4023169405662,19.9416602255194,27.));
#11337=CARTESIAN_POINT('Ctrl Pts',(-24.383677037557,19.4941555603695,27.));
#11338=CARTESIAN_POINT('Ctrl Pts',(-24.3738075345755,19.2572096586227,27.));
#11339=CARTESIAN_POINT('',(-24.693044051528,20.5314246416092,26.6));
#11340=CARTESIAN_POINT('',(-24.693044051528,20.5314246416092,27.));
#11341=CARTESIAN_POINT('Ctrl Pts',(-24.693044051528,20.5314246416092,26.6));
#11342=CARTESIAN_POINT('Ctrl Pts',(-24.60002088945,20.3427193272535,26.6));
#11343=CARTESIAN_POINT('Ctrl Pts',(-24.4023169405662,19.9416602255194,26.6));
#11344=CARTESIAN_POINT('Ctrl Pts',(-24.383677037557,19.4941555603695,26.6));
#11345=CARTESIAN_POINT('Ctrl Pts',(-24.3738075345755,19.2572096586227,26.6));
#11346=CARTESIAN_POINT('Ctrl Pts',(-25.5770816653967,21.3445214033127,27.));
#11347=CARTESIAN_POINT('Ctrl Pts',(-25.5770816653967,21.3445214033127,26.6));
#11348=CARTESIAN_POINT('Ctrl Pts',(-25.3997865967312,21.2374769193208,27.));
#11349=CARTESIAN_POINT('Ctrl Pts',(-25.3997865967312,21.2374769193208,26.6));
#11350=CARTESIAN_POINT('Ctrl Pts',(-25.0499121153262,21.0262350973916,27.));
#11351=CARTESIAN_POINT('Ctrl Pts',(-25.0499121153262,21.0262350973916,26.6));
#11352=CARTESIAN_POINT('Ctrl Pts',(-24.8109263786884,20.6948727445584,27.));
#11353=CARTESIAN_POINT('Ctrl Pts',(-24.8109263786884,20.6948727445584,26.6));
#11354=CARTESIAN_POINT('Ctrl Pts',(-24.693044051528,20.5314246416092,27.));
#11355=CARTESIAN_POINT('Ctrl Pts',(-24.693044051528,20.5314246416092,26.6));
#11356=CARTESIAN_POINT('',(-25.5770816653967,21.3445214033127,27.));
#11357=CARTESIAN_POINT('Ctrl Pts',(-25.5770816653967,21.3445214033127,27.));
#11358=CARTESIAN_POINT('Ctrl Pts',(-25.3997865967312,21.2374769193208,27.));
#11359=CARTESIAN_POINT('Ctrl Pts',(-25.0499121153262,21.0262350973916,27.));
#11360=CARTESIAN_POINT('Ctrl Pts',(-24.8109263786884,20.6948727445584,27.));
#11361=CARTESIAN_POINT('Ctrl Pts',(-24.693044051528,20.5314246416092,27.));
#11362=CARTESIAN_POINT('',(-25.5770816653967,21.3445214033127,26.6));
#11363=CARTESIAN_POINT('',(-25.5770816653967,21.3445214033127,27.));
#11364=CARTESIAN_POINT('Ctrl Pts',(-25.5770816653967,21.3445214033127,26.6));
#11365=CARTESIAN_POINT('Ctrl Pts',(-25.3997865967312,21.2374769193208,26.6));
#11366=CARTESIAN_POINT('Ctrl Pts',(-25.0499121153262,21.0262350973916,26.6));
#11367=CARTESIAN_POINT('Ctrl Pts',(-24.8109263786884,20.6948727445584,26.6));
#11368=CARTESIAN_POINT('Ctrl Pts',(-24.693044051528,20.5314246416092,26.6));
#11369=CARTESIAN_POINT('Ctrl Pts',(-27.3206009715796,21.9202378988266,27.));
#11370=CARTESIAN_POINT('Ctrl Pts',(-27.3206009715796,21.9202378988266,26.6));
#11371=CARTESIAN_POINT('Ctrl Pts',(-26.9749759339552,21.8372699325168,27.));
#11372=CARTESIAN_POINT('Ctrl Pts',(-26.9749759339552,21.8372699325168,26.6));
#11373=CARTESIAN_POINT('Ctrl Pts',(-26.3773131583218,21.6937998142228,27.));
#11374=CARTESIAN_POINT('Ctrl Pts',(-26.3773131583218,21.6937998142228,26.6));
#11375=CARTESIAN_POINT('Ctrl Pts',(-25.8144459274187,21.44812418948,27.));
#11376=CARTESIAN_POINT('Ctrl Pts',(-25.8144459274187,21.44812418948,26.6));
#11377=CARTESIAN_POINT('Ctrl Pts',(-25.5770816653967,21.3445214033127,27.));
#11378=CARTESIAN_POINT('Ctrl Pts',(-25.5770816653967,21.3445214033127,26.6));
#11379=CARTESIAN_POINT('',(-27.3206009715796,21.9202378988266,27.));
#11380=CARTESIAN_POINT('Ctrl Pts',(-27.3206009715796,21.9202378988266,27.));
#11381=CARTESIAN_POINT('Ctrl Pts',(-26.9749759339552,21.8372699325168,27.));
#11382=CARTESIAN_POINT('Ctrl Pts',(-26.3773131583218,21.6937998142228,27.));
#11383=CARTESIAN_POINT('Ctrl Pts',(-25.8144459274187,21.44812418948,27.));
#11384=CARTESIAN_POINT('Ctrl Pts',(-25.5770816653967,21.3445214033127,27.));
#11385=CARTESIAN_POINT('',(-27.3206009715796,21.9202378988266,26.6));
#11386=CARTESIAN_POINT('',(-27.3206009715796,21.9202378988266,27.));
#11387=CARTESIAN_POINT('Ctrl Pts',(-27.3206009715796,21.9202378988266,26.6));
#11388=CARTESIAN_POINT('Ctrl Pts',(-26.9749759339552,21.8372699325168,26.6));
#11389=CARTESIAN_POINT('Ctrl Pts',(-26.3773131583218,21.6937998142228,26.6));
#11390=CARTESIAN_POINT('Ctrl Pts',(-25.8144459274187,21.44812418948,26.6));
#11391=CARTESIAN_POINT('Ctrl Pts',(-25.5770816653967,21.3445214033127,26.6));
#11392=CARTESIAN_POINT('Ctrl Pts',(-28.8049121946096,22.4550262689591,27.));
#11393=CARTESIAN_POINT('Ctrl Pts',(-28.8049121946096,22.4550262689591,26.6));
#11394=CARTESIAN_POINT('Ctrl Pts',(-28.6327238160386,22.3614359959362,27.));
#11395=CARTESIAN_POINT('Ctrl Pts',(-28.6327238160386,22.3614359959362,26.6));
#11396=CARTESIAN_POINT('Ctrl Pts',(-28.1670111286973,22.1083052218376,27.));
#11397=CARTESIAN_POINT('Ctrl Pts',(-28.1670111286973,22.1083052218376,26.6));
#11398=CARTESIAN_POINT('Ctrl Pts',(-27.6478268016912,21.9929455398818,27.));
#11399=CARTESIAN_POINT('Ctrl Pts',(-27.6478268016912,21.9929455398818,26.6));
#11400=CARTESIAN_POINT('Ctrl Pts',(-27.3206009715796,21.9202378988266,27.));
#11401=CARTESIAN_POINT('Ctrl Pts',(-27.3206009715796,21.9202378988266,26.6));
#11402=CARTESIAN_POINT('',(-28.8049121946096,22.4550262689591,27.));
#11403=CARTESIAN_POINT('Ctrl Pts',(-28.8049121946096,22.4550262689591,27.));
#11404=CARTESIAN_POINT('Ctrl Pts',(-28.6327238160386,22.3614359959362,27.));
#11405=CARTESIAN_POINT('Ctrl Pts',(-28.1670111286973,22.1083052218376,27.));
#11406=CARTESIAN_POINT('Ctrl Pts',(-27.6478268016912,21.9929455398818,27.));
#11407=CARTESIAN_POINT('Ctrl Pts',(-27.3206009715796,21.9202378988266,27.));
#11408=CARTESIAN_POINT('',(-28.8049121946096,22.4550262689591,26.6));
#11409=CARTESIAN_POINT('',(-28.8049121946096,22.4550262689591,27.));
#11410=CARTESIAN_POINT('Ctrl Pts',(-28.8049121946096,22.4550262689591,26.6));
#11411=CARTESIAN_POINT('Ctrl Pts',(-28.6327238160386,22.3614359959362,26.6));
#11412=CARTESIAN_POINT('Ctrl Pts',(-28.1670111286973,22.1083052218376,26.6));
#11413=CARTESIAN_POINT('Ctrl Pts',(-27.6478268016912,21.9929455398818,26.6));
#11414=CARTESIAN_POINT('Ctrl Pts',(-27.3206009715796,21.9202378988266,26.6));
#11415=CARTESIAN_POINT('Ctrl Pts',(-29.045021161437,22.9407004117966,27.));
#11416=CARTESIAN_POINT('Ctrl Pts',(-29.045021161437,22.9407004117966,26.6));
#11417=CARTESIAN_POINT('Ctrl Pts',(-29.0339078874378,22.8486095786899,27.));
#11418=CARTESIAN_POINT('Ctrl Pts',(-29.0339078874378,22.8486095786899,26.6));
#11419=CARTESIAN_POINT('Ctrl Pts',(-29.0110192746518,22.6589416716201,27.));
#11420=CARTESIAN_POINT('Ctrl Pts',(-29.0110192746518,22.6589416716201,26.6));
#11421=CARTESIAN_POINT('Ctrl Pts',(-28.8749267366263,22.524296298521,27.));
#11422=CARTESIAN_POINT('Ctrl Pts',(-28.8749267366263,22.524296298521,26.6));
#11423=CARTESIAN_POINT('Ctrl Pts',(-28.8049121946096,22.4550262689591,27.));
#11424=CARTESIAN_POINT('Ctrl Pts',(-28.8049121946096,22.4550262689591,26.6));
#11425=CARTESIAN_POINT('',(-29.045021161437,22.9407004117966,27.));
#11426=CARTESIAN_POINT('Ctrl Pts',(-29.045021161437,22.9407004117966,27.));
#11427=CARTESIAN_POINT('Ctrl Pts',(-29.0339078874378,22.8486095786899,27.));
#11428=CARTESIAN_POINT('Ctrl Pts',(-29.0110192746518,22.6589416716201,27.));
#11429=CARTESIAN_POINT('Ctrl Pts',(-28.8749267366263,22.524296298521,27.));
#11430=CARTESIAN_POINT('Ctrl Pts',(-28.8049121946096,22.4550262689591,27.));
#11431=CARTESIAN_POINT('',(-29.045021161437,22.9407004117966,26.6));
#11432=CARTESIAN_POINT('',(-29.045021161437,22.9407004117966,27.));
#11433=CARTESIAN_POINT('Ctrl Pts',(-29.045021161437,22.9407004117966,26.6));
#11434=CARTESIAN_POINT('Ctrl Pts',(-29.0339078874378,22.8486095786899,26.6));
#11435=CARTESIAN_POINT('Ctrl Pts',(-29.0110192746518,22.6589416716201,26.6));
#11436=CARTESIAN_POINT('Ctrl Pts',(-28.8749267366263,22.524296298521,26.6));
#11437=CARTESIAN_POINT('Ctrl Pts',(-28.8049121946096,22.4550262689591,26.6));
#11438=CARTESIAN_POINT('Ctrl Pts',(-28.7885411828756,23.4372905492783,27.));
#11439=CARTESIAN_POINT('Ctrl Pts',(-28.7885411828756,23.4372905492783,26.6));
#11440=CARTESIAN_POINT('Ctrl Pts',(-28.8633471153495,23.3704861721308,27.));
#11441=CARTESIAN_POINT('Ctrl Pts',(-28.8633471153495,23.3704861721308,26.6));
#11442=CARTESIAN_POINT('Ctrl Pts',(-29.0121867076143,23.2375670850034,27.));
#11443=CARTESIAN_POINT('Ctrl Pts',(-29.0121867076143,23.2375670850034,26.6));
#11444=CARTESIAN_POINT('Ctrl Pts',(-29.0341142681185,23.0393130810368,27.));
#11445=CARTESIAN_POINT('Ctrl Pts',(-29.0341142681185,23.0393130810368,26.6));
#11446=CARTESIAN_POINT('Ctrl Pts',(-29.045021161437,22.9407004117966,27.));
#11447=CARTESIAN_POINT('Ctrl Pts',(-29.045021161437,22.9407004117966,26.6));
#11448=CARTESIAN_POINT('',(-28.7885411828756,23.4372905492783,27.));
#11449=CARTESIAN_POINT('Ctrl Pts',(-28.7885411828756,23.4372905492783,27.));
#11450=CARTESIAN_POINT('Ctrl Pts',(-28.8633471153495,23.3704861721308,27.));
#11451=CARTESIAN_POINT('Ctrl Pts',(-29.0121867076143,23.2375670850034,27.));
#11452=CARTESIAN_POINT('Ctrl Pts',(-29.0341142681185,23.0393130810368,27.));
#11453=CARTESIAN_POINT('Ctrl Pts',(-29.045021161437,22.9407004117966,27.));
#11454=CARTESIAN_POINT('',(-28.7885411828756,23.4372905492783,26.6));
#11455=CARTESIAN_POINT('',(-28.7885411828756,23.4372905492783,27.));
#11456=CARTESIAN_POINT('Ctrl Pts',(-28.7885411828756,23.4372905492783,26.6));
#11457=CARTESIAN_POINT('Ctrl Pts',(-28.8633471153495,23.3704861721308,26.6));
#11458=CARTESIAN_POINT('Ctrl Pts',(-29.0121867076143,23.2375670850034,26.6));
#11459=CARTESIAN_POINT('Ctrl Pts',(-29.0341142681185,23.0393130810368,26.6));
#11460=CARTESIAN_POINT('Ctrl Pts',(-29.045021161437,22.9407004117966,26.6));
#11461=CARTESIAN_POINT('Ctrl Pts',(-27.6862218230963,23.7265131473541,27.));
#11462=CARTESIAN_POINT('Ctrl Pts',(-27.6862218230963,23.7265131473541,26.6));
#11463=CARTESIAN_POINT('Ctrl Pts',(-27.9002429319073,23.7197704491138,27.));
#11464=CARTESIAN_POINT('Ctrl Pts',(-27.9002429319073,23.7197704491138,26.6));
#11465=CARTESIAN_POINT('Ctrl Pts',(-28.2911051034703,23.7074564035925,27.));
#11466=CARTESIAN_POINT('Ctrl Pts',(-28.2911051034703,23.7074564035925,26.6));
#11467=CARTESIAN_POINT('Ctrl Pts',(-28.6335885251911,23.5214479292408,27.));
#11468=CARTESIAN_POINT('Ctrl Pts',(-28.6335885251911,23.5214479292408,26.6));
#11469=CARTESIAN_POINT('Ctrl Pts',(-28.7885411828756,23.4372905492783,27.));
#11470=CARTESIAN_POINT('Ctrl Pts',(-28.7885411828756,23.4372905492783,26.6));
#11471=CARTESIAN_POINT('',(-27.6862218230963,23.7265131473541,27.));
#11472=CARTESIAN_POINT('Ctrl Pts',(-27.6862218230963,23.7265131473541,27.));
#11473=CARTESIAN_POINT('Ctrl Pts',(-27.9002429319073,23.7197704491138,27.));
#11474=CARTESIAN_POINT('Ctrl Pts',(-28.2911051034703,23.7074564035925,27.));
#11475=CARTESIAN_POINT('Ctrl Pts',(-28.6335885251911,23.5214479292408,27.));
#11476=CARTESIAN_POINT('Ctrl Pts',(-28.7885411828756,23.4372905492783,27.));
#11477=CARTESIAN_POINT('',(-27.6862218230963,23.7265131473541,26.6));
#11478=CARTESIAN_POINT('',(-27.6862218230963,23.7265131473541,27.));
#11479=CARTESIAN_POINT('Ctrl Pts',(-27.6862218230963,23.7265131473541,26.6));
#11480=CARTESIAN_POINT('Ctrl Pts',(-27.9002429319073,23.7197704491138,26.6));
#11481=CARTESIAN_POINT('Ctrl Pts',(-28.2911051034703,23.7074564035925,26.6));
#11482=CARTESIAN_POINT('Ctrl Pts',(-28.6335885251911,23.5214479292408,26.6));
#11483=CARTESIAN_POINT('Ctrl Pts',(-28.7885411828756,23.4372905492783,26.6));
#11484=CARTESIAN_POINT('Ctrl Pts',(-26.6630294173956,23.4563902616501,27.));
#11485=CARTESIAN_POINT('Ctrl Pts',(-26.6630294173956,23.4563902616501,26.6));
#11486=CARTESIAN_POINT('Ctrl Pts',(-26.8020083668089,23.534887196547,27.));
#11487=CARTESIAN_POINT('Ctrl Pts',(-26.8020083668089,23.534887196547,26.6));
#11488=CARTESIAN_POINT('Ctrl Pts',(-27.117845784782,23.7132758614586,27.));
#11489=CARTESIAN_POINT('Ctrl Pts',(-27.117845784782,23.7132758614586,26.6));
#11490=CARTESIAN_POINT('Ctrl Pts',(-27.4821971530108,23.7217614817215,27.));
#11491=CARTESIAN_POINT('Ctrl Pts',(-27.4821971530108,23.7217614817215,26.6));
#11492=CARTESIAN_POINT('Ctrl Pts',(-27.6862218230963,23.7265131473541,27.));
#11493=CARTESIAN_POINT('Ctrl Pts',(-27.6862218230963,23.7265131473541,26.6));
#11494=CARTESIAN_POINT('',(-26.6630294173956,23.4563902616501,27.));
#11495=CARTESIAN_POINT('Ctrl Pts',(-26.6630294173956,23.4563902616501,27.));
#11496=CARTESIAN_POINT('Ctrl Pts',(-26.8020083668089,23.534887196547,27.));
#11497=CARTESIAN_POINT('Ctrl Pts',(-27.117845784782,23.7132758614586,27.));
#11498=CARTESIAN_POINT('Ctrl Pts',(-27.4821971530108,23.7217614817215,27.));
#11499=CARTESIAN_POINT('Ctrl Pts',(-27.6862218230963,23.7265131473541,27.));
#11500=CARTESIAN_POINT('',(-26.6630294173956,23.4563902616501,26.6));
#11501=CARTESIAN_POINT('',(-26.6630294173956,23.4563902616501,27.));
#11502=CARTESIAN_POINT('Ctrl Pts',(-26.6630294173956,23.4563902616501,26.6));
#11503=CARTESIAN_POINT('Ctrl Pts',(-26.8020083668089,23.534887196547,26.6));
#11504=CARTESIAN_POINT('Ctrl Pts',(-27.117845784782,23.7132758614586,26.6));
#11505=CARTESIAN_POINT('Ctrl Pts',(-27.4821971530108,23.7217614817215,26.6));
#11506=CARTESIAN_POINT('Ctrl Pts',(-27.6862218230963,23.7265131473541,26.6));
#11507=CARTESIAN_POINT('Ctrl Pts',(-26.2182822078466,22.5696233510971,27.));
#11508=CARTESIAN_POINT('Ctrl Pts',(-26.2182822078466,22.5696233510971,26.6));
#11509=CARTESIAN_POINT('Ctrl Pts',(-26.2560814553705,22.7549792665769,27.));
#11510=CARTESIAN_POINT('Ctrl Pts',(-26.2560814553705,22.7549792665769,26.6));
#11511=CARTESIAN_POINT('Ctrl Pts',(-26.3248670777094,23.0922828595231,27.));
#11512=CARTESIAN_POINT('Ctrl Pts',(-26.3248670777094,23.0922828595231,26.6));
#11513=CARTESIAN_POINT('Ctrl Pts',(-26.558005710296,23.3433087482289,27.));
#11514=CARTESIAN_POINT('Ctrl Pts',(-26.558005710296,23.3433087482289,26.6));
#11515=CARTESIAN_POINT('Ctrl Pts',(-26.6630294173956,23.4563902616501,27.));
#11516=CARTESIAN_POINT('Ctrl Pts',(-26.6630294173956,23.4563902616501,26.6));
#11517=CARTESIAN_POINT('',(-26.2182822078466,22.5696233510971,27.));
#11518=CARTESIAN_POINT('Ctrl Pts',(-26.2182822078466,22.5696233510971,27.));
#11519=CARTESIAN_POINT('Ctrl Pts',(-26.2560814553705,22.7549792665769,27.));
#11520=CARTESIAN_POINT('Ctrl Pts',(-26.3248670777094,23.0922828595231,27.));
#11521=CARTESIAN_POINT('Ctrl Pts',(-26.558005710296,23.3433087482289,27.));
#11522=CARTESIAN_POINT('Ctrl Pts',(-26.6630294173956,23.4563902616501,27.));
#11523=CARTESIAN_POINT('',(-26.2182822078466,22.5696233510971,26.6));
#11524=CARTESIAN_POINT('',(-26.2182822078466,22.5696233510971,27.));
#11525=CARTESIAN_POINT('Ctrl Pts',(-26.2182822078466,22.5696233510971,26.6));
#11526=CARTESIAN_POINT('Ctrl Pts',(-26.2560814553705,22.7549792665769,26.6));
#11527=CARTESIAN_POINT('Ctrl Pts',(-26.3248670777094,23.0922828595231,26.6));
#11528=CARTESIAN_POINT('Ctrl Pts',(-26.558005710296,23.3433087482289,26.6));
#11529=CARTESIAN_POINT('Ctrl Pts',(-26.6630294173956,23.4563902616501,26.6));
#11530=CARTESIAN_POINT('Origin',(-24.6030028909445,22.6405647993088,27.));
#11531=CARTESIAN_POINT('',(-24.6030028909445,22.6405647993088,27.));
#11532=CARTESIAN_POINT('',(-12.854278008411,23.1565570175499,27.));
#11533=CARTESIAN_POINT('',(-24.6030028909445,22.6405647993088,26.6));
#11534=CARTESIAN_POINT('',(-24.6030028909445,22.6405647993088,27.));
#11535=CARTESIAN_POINT('',(-24.6030028909445,22.6405647993088,26.6));
#11536=CARTESIAN_POINT('Ctrl Pts',(-25.4024561494589,24.4031844139099,27.));
#11537=CARTESIAN_POINT('Ctrl Pts',(-25.4024561494589,24.4031844139099,26.6));
#11538=CARTESIAN_POINT('Ctrl Pts',(-25.1787160116926,24.1601704305084,27.));
#11539=CARTESIAN_POINT('Ctrl Pts',(-25.1787160116926,24.1601704305084,26.6));
#11540=CARTESIAN_POINT('Ctrl Pts',(-24.7194665034234,23.6613593834883,27.));
#11541=CARTESIAN_POINT('Ctrl Pts',(-24.7194665034234,23.6613593834883,26.6));
#11542=CARTESIAN_POINT('Ctrl Pts',(-24.642481727271,22.9865937559415,27.));
#11543=CARTESIAN_POINT('Ctrl Pts',(-24.642481727271,22.9865937559415,26.6));
#11544=CARTESIAN_POINT('Ctrl Pts',(-24.6030028909445,22.6405647993088,27.));
#11545=CARTESIAN_POINT('Ctrl Pts',(-24.6030028909445,22.6405647993088,26.6));
#11546=CARTESIAN_POINT('',(-25.4024561494589,24.4031844139099,27.));
#11547=CARTESIAN_POINT('Ctrl Pts',(-25.4024561494589,24.4031844139099,27.));
#11548=CARTESIAN_POINT('Ctrl Pts',(-25.1787160116926,24.1601704305084,27.));
#11549=CARTESIAN_POINT('Ctrl Pts',(-24.7194665034234,23.6613593834883,27.));
#11550=CARTESIAN_POINT('Ctrl Pts',(-24.642481727271,22.9865937559415,27.));
#11551=CARTESIAN_POINT('Ctrl Pts',(-24.6030028909445,22.6405647993088,27.));
#11552=CARTESIAN_POINT('',(-25.4024561494589,24.4031844139099,26.6));
#11553=CARTESIAN_POINT('',(-25.4024561494589,24.4031844139099,27.));
#11554=CARTESIAN_POINT('Ctrl Pts',(-25.4024561494589,24.4031844139099,26.6));
#11555=CARTESIAN_POINT('Ctrl Pts',(-25.1787160116926,24.1601704305084,26.6));
#11556=CARTESIAN_POINT('Ctrl Pts',(-24.7194665034234,23.6613593834883,26.6));
#11557=CARTESIAN_POINT('Ctrl Pts',(-24.642481727271,22.9865937559415,26.6));
#11558=CARTESIAN_POINT('Ctrl Pts',(-24.6030028909445,22.6405647993088,26.6));
#11559=CARTESIAN_POINT('Ctrl Pts',(-27.6698508113623,25.0634840726852,27.));
#11560=CARTESIAN_POINT('Ctrl Pts',(-27.6698508113623,25.0634840726852,26.6));
#11561=CARTESIAN_POINT('Ctrl Pts',(-27.2168460573183,25.0501416783445,27.));
#11562=CARTESIAN_POINT('Ctrl Pts',(-27.2168460573183,25.0501416783445,26.6));
#11563=CARTESIAN_POINT('Ctrl Pts',(-26.3997577653113,25.0260758951362,27.));
#11564=CARTESIAN_POINT('Ctrl Pts',(-26.3997577653113,25.0260758951362,26.6));
#11565=CARTESIAN_POINT('Ctrl Pts',(-25.7098636675717,24.5951840269194,27.));
#11566=CARTESIAN_POINT('Ctrl Pts',(-25.7098636675717,24.5951840269194,26.6));
#11567=CARTESIAN_POINT('Ctrl Pts',(-25.4024561494589,24.4031844139099,27.));
#11568=CARTESIAN_POINT('Ctrl Pts',(-25.4024561494589,24.4031844139099,26.6));
#11569=CARTESIAN_POINT('',(-27.6698508113623,25.0634840726852,27.));
#11570=CARTESIAN_POINT('Ctrl Pts',(-27.6698508113623,25.0634840726852,27.));
#11571=CARTESIAN_POINT('Ctrl Pts',(-27.2168460573183,25.0501416783445,27.));
#11572=CARTESIAN_POINT('Ctrl Pts',(-26.3997577653113,25.0260758951362,27.));
#11573=CARTESIAN_POINT('Ctrl Pts',(-25.7098636675717,24.5951840269194,27.));
#11574=CARTESIAN_POINT('Ctrl Pts',(-25.4024561494589,24.4031844139099,27.));
#11575=CARTESIAN_POINT('',(-27.6698508113623,25.0634840726852,26.6));
#11576=CARTESIAN_POINT('',(-27.6698508113623,25.0634840726852,27.));
#11577=CARTESIAN_POINT('Ctrl Pts',(-27.6698508113623,25.0634840726852,26.6));
#11578=CARTESIAN_POINT('Ctrl Pts',(-27.2168460573183,25.0501416783445,26.6));
#11579=CARTESIAN_POINT('Ctrl Pts',(-26.3997577653113,25.0260758951362,26.6));
#11580=CARTESIAN_POINT('Ctrl Pts',(-25.7098636675717,24.5951840269194,26.6));
#11581=CARTESIAN_POINT('Ctrl Pts',(-25.4024561494589,24.4031844139099,26.6));
#11582=CARTESIAN_POINT('Ctrl Pts',(-29.2442031949759,24.7851762771607,27.));
#11583=CARTESIAN_POINT('Ctrl Pts',(-29.2442031949759,24.7851762771607,26.6));
#11584=CARTESIAN_POINT('Ctrl Pts',(-29.0064344746024,24.8662507357019,27.));
#11585=CARTESIAN_POINT('Ctrl Pts',(-29.0064344746024,24.8662507357019,26.6));
#11586=CARTESIAN_POINT('Ctrl Pts',(-28.4965539849602,25.0401099571905,27.));
#11587=CARTESIAN_POINT('Ctrl Pts',(-28.4965539849602,25.0401099571905,26.6));
#11588=CARTESIAN_POINT('Ctrl Pts',(-27.9575207475597,25.0553505242391,27.));
#11589=CARTESIAN_POINT('Ctrl Pts',(-27.9575207475597,25.0553505242391,26.6));
#11590=CARTESIAN_POINT('Ctrl Pts',(-27.6698508113623,25.0634840726852,27.));
#11591=CARTESIAN_POINT('Ctrl Pts',(-27.6698508113623,25.0634840726852,26.6));
#11592=CARTESIAN_POINT('',(-29.2442031949759,24.7851762771607,27.));
#11593=CARTESIAN_POINT('Ctrl Pts',(-29.2442031949759,24.7851762771607,27.));
#11594=CARTESIAN_POINT('Ctrl Pts',(-29.0064344746024,24.8662507357019,27.));
#11595=CARTESIAN_POINT('Ctrl Pts',(-28.4965539849602,25.0401099571905,27.));
#11596=CARTESIAN_POINT('Ctrl Pts',(-27.9575207475597,25.0553505242391,27.));
#11597=CARTESIAN_POINT('Ctrl Pts',(-27.6698508113623,25.0634840726852,27.));
#11598=CARTESIAN_POINT('',(-29.2442031949759,24.7851762771607,26.6));
#11599=CARTESIAN_POINT('',(-29.2442031949759,24.7851762771607,27.));
#11600=CARTESIAN_POINT('Ctrl Pts',(-29.2442031949759,24.7851762771607,26.6));
#11601=CARTESIAN_POINT('Ctrl Pts',(-29.0064344746024,24.8662507357019,26.6));
#11602=CARTESIAN_POINT('Ctrl Pts',(-28.4965539849602,25.0401099571905,26.6));
#11603=CARTESIAN_POINT('Ctrl Pts',(-27.9575207475597,25.0553505242391,26.6));
#11604=CARTESIAN_POINT('Ctrl Pts',(-27.6698508113623,25.0634840726852,26.6));
#11605=CARTESIAN_POINT('Ctrl Pts',(-30.2428384870291,23.9748076200485,27.));
#11606=CARTESIAN_POINT('Ctrl Pts',(-30.2428384870291,23.9748076200485,26.6));
#11607=CARTESIAN_POINT('Ctrl Pts',(-30.1115624931657,24.1428565747607,27.));
#11608=CARTESIAN_POINT('Ctrl Pts',(-30.1115624931657,24.1428565747607,26.6));
#11609=CARTESIAN_POINT('Ctrl Pts',(-29.8410528691367,24.4891412092916,27.));
#11610=CARTESIAN_POINT('Ctrl Pts',(-29.8410528691367,24.4891412092916,26.6));
#11611=CARTESIAN_POINT('Ctrl Pts',(-29.4470168983031,24.6845814858279,27.));
#11612=CARTESIAN_POINT('Ctrl Pts',(-29.4470168983031,24.6845814858279,26.6));
#11613=CARTESIAN_POINT('Ctrl Pts',(-29.2442031949759,24.7851762771607,27.));
#11614=CARTESIAN_POINT('Ctrl Pts',(-29.2442031949759,24.7851762771607,26.6));
#11615=CARTESIAN_POINT('',(-30.2428384870291,23.9748076200485,27.));
#11616=CARTESIAN_POINT('Ctrl Pts',(-30.2428384870291,23.9748076200485,27.));
#11617=CARTESIAN_POINT('Ctrl Pts',(-30.1115624931657,24.1428565747607,27.));
#11618=CARTESIAN_POINT('Ctrl Pts',(-29.8410528691367,24.4891412092916,27.));
#11619=CARTESIAN_POINT('Ctrl Pts',(-29.4470168983031,24.6845814858279,27.));
#11620=CARTESIAN_POINT('Ctrl Pts',(-29.2442031949759,24.7851762771607,27.));
#11621=CARTESIAN_POINT('',(-30.2428384870291,23.9748076200485,26.6));
#11622=CARTESIAN_POINT('',(-30.2428384870291,23.9748076200485,27.));
#11623=CARTESIAN_POINT('Ctrl Pts',(-30.2428384870291,23.9748076200485,26.6));
#11624=CARTESIAN_POINT('Ctrl Pts',(-30.1115624931657,24.1428565747607,26.6));
#11625=CARTESIAN_POINT('Ctrl Pts',(-29.8410528691367,24.4891412092916,26.6));
#11626=CARTESIAN_POINT('Ctrl Pts',(-29.4470168983031,24.6845814858279,26.6));
#11627=CARTESIAN_POINT('Ctrl Pts',(-29.2442031949759,24.7851762771607,26.6));
#11628=CARTESIAN_POINT('Ctrl Pts',(-30.589359626174,22.8315607309342,27.));
#11629=CARTESIAN_POINT('Ctrl Pts',(-30.589359626174,22.8315607309342,26.6));
#11630=CARTESIAN_POINT('Ctrl Pts',(-30.5743437831703,23.0328744286399,27.));
#11631=CARTESIAN_POINT('Ctrl Pts',(-30.5743437831703,23.0328744286399,26.6));
#11632=CARTESIAN_POINT('Ctrl Pts',(-30.5440040956445,23.4396311243222,27.));
#11633=CARTESIAN_POINT('Ctrl Pts',(-30.5440040956445,23.4396311243222,26.6));
#11634=CARTESIAN_POINT('Ctrl Pts',(-30.3439041460979,23.7952121957655,27.));
#11635=CARTESIAN_POINT('Ctrl Pts',(-30.3439041460979,23.7952121957655,26.6));
#11636=CARTESIAN_POINT('Ctrl Pts',(-30.2428384870291,23.9748076200485,27.));
#11637=CARTESIAN_POINT('Ctrl Pts',(-30.2428384870291,23.9748076200485,26.6));
#11638=CARTESIAN_POINT('',(-30.589359626174,22.8315607309342,27.));
#11639=CARTESIAN_POINT('Ctrl Pts',(-30.589359626174,22.8315607309342,27.));
#11640=CARTESIAN_POINT('Ctrl Pts',(-30.5743437831703,23.0328744286399,27.));
#11641=CARTESIAN_POINT('Ctrl Pts',(-30.5440040956445,23.4396311243222,27.));
#11642=CARTESIAN_POINT('Ctrl Pts',(-30.3439041460979,23.7952121957655,27.));
#11643=CARTESIAN_POINT('Ctrl Pts',(-30.2428384870291,23.9748076200485,27.));
#11644=CARTESIAN_POINT('',(-30.589359626174,22.8315607309342,26.6));
#11645=CARTESIAN_POINT('',(-30.589359626174,22.8315607309342,27.));
#11646=CARTESIAN_POINT('Ctrl Pts',(-30.589359626174,22.8315607309342,26.6));
#11647=CARTESIAN_POINT('Ctrl Pts',(-30.5743437831703,23.0328744286399,26.6));
#11648=CARTESIAN_POINT('Ctrl Pts',(-30.5440040956445,23.4396311243222,26.6));
#11649=CARTESIAN_POINT('Ctrl Pts',(-30.3439041460979,23.7952121957655,26.6));
#11650=CARTESIAN_POINT('Ctrl Pts',(-30.2428384870291,23.9748076200485,26.6));
#11651=CARTESIAN_POINT('Ctrl Pts',(-29.8526611179113,21.2217382192612,27.));
#11652=CARTESIAN_POINT('Ctrl Pts',(-29.8526611179113,21.2217382192612,26.6));
#11653=CARTESIAN_POINT('Ctrl Pts',(-30.0675229085485,21.4519937118848,27.));
#11654=CARTESIAN_POINT('Ctrl Pts',(-30.0675229085485,21.4519937118848,26.6));
#11655=CARTESIAN_POINT('Ctrl Pts',(-30.4922685106165,21.9071700722507,27.));
#11656=CARTESIAN_POINT('Ctrl Pts',(-30.4922685106165,21.9071700722507,26.6));
#11657=CARTESIAN_POINT('Ctrl Pts',(-30.5572497791423,22.5258474586389,27.));
#11658=CARTESIAN_POINT('Ctrl Pts',(-30.5572497791423,22.5258474586389,26.6));
#11659=CARTESIAN_POINT('Ctrl Pts',(-30.589359626174,22.8315607309342,27.));
#11660=CARTESIAN_POINT('Ctrl Pts',(-30.589359626174,22.8315607309342,26.6));
#11661=CARTESIAN_POINT('',(-29.8526611179113,21.2217382192612,27.));
#11662=CARTESIAN_POINT('Ctrl Pts',(-29.8526611179113,21.2217382192612,27.));
#11663=CARTESIAN_POINT('Ctrl Pts',(-30.0675229085485,21.4519937118848,27.));
#11664=CARTESIAN_POINT('Ctrl Pts',(-30.4922685106165,21.9071700722507,27.));
#11665=CARTESIAN_POINT('Ctrl Pts',(-30.5572497791423,22.5258474586389,27.));
#11666=CARTESIAN_POINT('Ctrl Pts',(-30.589359626174,22.8315607309342,27.));
#11667=CARTESIAN_POINT('',(-29.8526611179113,21.2217382192612,26.6));
#11668=CARTESIAN_POINT('',(-29.8526611179113,21.2217382192612,27.));
#11669=CARTESIAN_POINT('Ctrl Pts',(-29.8526611179113,21.2217382192612,26.6));
#11670=CARTESIAN_POINT('Ctrl Pts',(-30.0675229085485,21.4519937118848,26.6));
#11671=CARTESIAN_POINT('Ctrl Pts',(-30.4922685106165,21.9071700722507,26.6));
#11672=CARTESIAN_POINT('Ctrl Pts',(-30.5572497791423,22.5258474586389,26.6));
#11673=CARTESIAN_POINT('Ctrl Pts',(-30.589359626174,22.8315607309342,26.6));
#11674=CARTESIAN_POINT('Ctrl Pts',(-28.0300148576498,20.4304698705673,27.));
#11675=CARTESIAN_POINT('Ctrl Pts',(-28.0300148576498,20.4304698705673,26.6));
#11676=CARTESIAN_POINT('Ctrl Pts',(-28.4090111373343,20.5267408800039,27.));
#11677=CARTESIAN_POINT('Ctrl Pts',(-28.4090111373343,20.5267408800039,26.6));
#11678=CARTESIAN_POINT('Ctrl Pts',(-29.0613148147728,20.6924362623927,27.));
#11679=CARTESIAN_POINT('Ctrl Pts',(-29.0613148147728,20.6924362623927,26.6));
#11680=CARTESIAN_POINT('Ctrl Pts',(-29.6189984007835,21.065449963497,27.));
#11681=CARTESIAN_POINT('Ctrl Pts',(-29.6189984007835,21.065449963497,26.6));
#11682=CARTESIAN_POINT('Ctrl Pts',(-29.8526611179113,21.2217382192612,27.));
#11683=CARTESIAN_POINT('Ctrl Pts',(-29.8526611179113,21.2217382192612,26.6));
#11684=CARTESIAN_POINT('',(-28.0300148576498,20.4304698705673,27.));
#11685=CARTESIAN_POINT('Ctrl Pts',(-28.0300148576498,20.4304698705673,27.));
#11686=CARTESIAN_POINT('Ctrl Pts',(-28.4090111373343,20.5267408800039,27.));
#11687=CARTESIAN_POINT('Ctrl Pts',(-29.0613148147728,20.6924362623927,27.));
#11688=CARTESIAN_POINT('Ctrl Pts',(-29.6189984007835,21.065449963497,27.));
#11689=CARTESIAN_POINT('Ctrl Pts',(-29.8526611179113,21.2217382192612,27.));
#11690=CARTESIAN_POINT('',(-28.0300148576498,20.4304698705673,26.6));
#11691=CARTESIAN_POINT('',(-28.0300148576498,20.4304698705673,27.));
#11692=CARTESIAN_POINT('Ctrl Pts',(-28.0300148576498,20.4304698705673,26.6));
#11693=CARTESIAN_POINT('Ctrl Pts',(-28.4090111373343,20.5267408800039,26.6));
#11694=CARTESIAN_POINT('Ctrl Pts',(-29.0613148147728,20.6924362623927,26.6));
#11695=CARTESIAN_POINT('Ctrl Pts',(-29.6189984007835,21.065449963497,26.6));
#11696=CARTESIAN_POINT('Ctrl Pts',(-29.8526611179113,21.2217382192612,26.6));
#11697=CARTESIAN_POINT('Ctrl Pts',(-26.7366989701986,20.0812200307846,27.));
#11698=CARTESIAN_POINT('Ctrl Pts',(-26.7366989701986,20.0812200307846,26.6));
#11699=CARTESIAN_POINT('Ctrl Pts',(-26.891508317695,20.12764513491,27.));
#11700=CARTESIAN_POINT('Ctrl Pts',(-26.891508317695,20.12764513491,26.6));
#11701=CARTESIAN_POINT('Ctrl Pts',(-27.3193446140507,20.2559471071626,27.));
#11702=CARTESIAN_POINT('Ctrl Pts',(-27.3193446140507,20.2559471071626,26.6));
#11703=CARTESIAN_POINT('Ctrl Pts',(-27.7531675132075,20.36248311577,27.));
#11704=CARTESIAN_POINT('Ctrl Pts',(-27.7531675132075,20.36248311577,26.6));
#11705=CARTESIAN_POINT('Ctrl Pts',(-28.0300148576498,20.4304698705673,27.));
#11706=CARTESIAN_POINT('Ctrl Pts',(-28.0300148576498,20.4304698705673,26.6));
#11707=CARTESIAN_POINT('',(-26.7366989701986,20.0812200307846,27.));
#11708=CARTESIAN_POINT('Ctrl Pts',(-26.7366989701986,20.0812200307846,27.));
#11709=CARTESIAN_POINT('Ctrl Pts',(-26.891508317695,20.12764513491,27.));
#11710=CARTESIAN_POINT('Ctrl Pts',(-27.3193446140507,20.2559471071626,27.));
#11711=CARTESIAN_POINT('Ctrl Pts',(-27.7531675132075,20.36248311577,27.));
#11712=CARTESIAN_POINT('Ctrl Pts',(-28.0300148576498,20.4304698705673,27.));
#11713=CARTESIAN_POINT('',(-26.7366989701986,20.0812200307846,26.6));
#11714=CARTESIAN_POINT('',(-26.7366989701986,20.0812200307846,27.));
#11715=CARTESIAN_POINT('Ctrl Pts',(-26.7366989701986,20.0812200307846,26.6));
#11716=CARTESIAN_POINT('Ctrl Pts',(-26.891508317695,20.12764513491,26.6));
#11717=CARTESIAN_POINT('Ctrl Pts',(-27.3193446140507,20.2559471071626,26.6));
#11718=CARTESIAN_POINT('Ctrl Pts',(-27.7531675132075,20.36248311577,26.6));
#11719=CARTESIAN_POINT('Ctrl Pts',(-28.0300148576498,20.4304698705673,26.6));
#11720=CARTESIAN_POINT('Ctrl Pts',(-26.155526265502,19.7346988916397,27.));
#11721=CARTESIAN_POINT('Ctrl Pts',(-26.155526265502,19.7346988916397,26.6));
#11722=CARTESIAN_POINT('Ctrl Pts',(-26.2288272481308,19.8013989046657,27.));
#11723=CARTESIAN_POINT('Ctrl Pts',(-26.2288272481308,19.8013989046657,26.6));
#11724=CARTESIAN_POINT('Ctrl Pts',(-26.3984558554723,19.9557519557912,27.));
#11725=CARTESIAN_POINT('Ctrl Pts',(-26.3984558554723,19.9557519557912,26.6));
#11726=CARTESIAN_POINT('Ctrl Pts',(-26.6141895047676,20.0357763066499,27.));
#11727=CARTESIAN_POINT('Ctrl Pts',(-26.6141895047676,20.0357763066499,26.6));
#11728=CARTESIAN_POINT('Ctrl Pts',(-26.7366989701986,20.0812200307846,27.));
#11729=CARTESIAN_POINT('Ctrl Pts',(-26.7366989701986,20.0812200307846,26.6));
#11730=CARTESIAN_POINT('',(-26.155526265502,19.7346988916397,27.));
#11731=CARTESIAN_POINT('Ctrl Pts',(-26.155526265502,19.7346988916397,27.));
#11732=CARTESIAN_POINT('Ctrl Pts',(-26.2288272481308,19.8013989046657,27.));
#11733=CARTESIAN_POINT('Ctrl Pts',(-26.3984558554723,19.9557519557912,27.));
#11734=CARTESIAN_POINT('Ctrl Pts',(-26.6141895047676,20.0357763066499,27.));
#11735=CARTESIAN_POINT('Ctrl Pts',(-26.7366989701986,20.0812200307846,27.));
#11736=CARTESIAN_POINT('',(-26.155526265502,19.7346988916397,26.6));
#11737=CARTESIAN_POINT('',(-26.155526265502,19.7346988916397,27.));
#11738=CARTESIAN_POINT('Ctrl Pts',(-26.155526265502,19.7346988916397,26.6));
#11739=CARTESIAN_POINT('Ctrl Pts',(-26.2288272481308,19.8013989046657,26.6));
#11740=CARTESIAN_POINT('Ctrl Pts',(-26.3984558554723,19.9557519557912,26.6));
#11741=CARTESIAN_POINT('Ctrl Pts',(-26.6141895047676,20.0357763066499,26.6));
#11742=CARTESIAN_POINT('Ctrl Pts',(-26.7366989701986,20.0812200307846,26.6));
#11743=CARTESIAN_POINT('Ctrl Pts',(-25.9890868514776,19.2517522573471,27.));
#11744=CARTESIAN_POINT('Ctrl Pts',(-25.9890868514776,19.2517522573471,26.6));
#11745=CARTESIAN_POINT('Ctrl Pts',(-25.9953194600682,19.3419622476355,27.));
#11746=CARTESIAN_POINT('Ctrl Pts',(-25.9953194600682,19.3419622476355,26.6));
#11747=CARTESIAN_POINT('Ctrl Pts',(-26.0074878127744,19.5180854492602,27.));
#11748=CARTESIAN_POINT('Ctrl Pts',(-26.0074878127744,19.5180854492602,26.6));
#11749=CARTESIAN_POINT('Ctrl Pts',(-26.1069892750457,19.6636783939801,27.));
#11750=CARTESIAN_POINT('Ctrl Pts',(-26.1069892750457,19.6636783939801,26.6));
#11751=CARTESIAN_POINT('Ctrl Pts',(-26.155526265502,19.7346988916397,27.));
#11752=CARTESIAN_POINT('Ctrl Pts',(-26.155526265502,19.7346988916397,26.6));
#11753=CARTESIAN_POINT('',(-25.9890868514776,19.2517522573471,27.));
#11754=CARTESIAN_POINT('Ctrl Pts',(-25.9890868514776,19.2517522573471,27.));
#11755=CARTESIAN_POINT('Ctrl Pts',(-25.9953194600682,19.3419622476355,27.));
#11756=CARTESIAN_POINT('Ctrl Pts',(-26.0074878127744,19.5180854492602,27.));
#11757=CARTESIAN_POINT('Ctrl Pts',(-26.1069892750457,19.6636783939801,27.));
#11758=CARTESIAN_POINT('Ctrl Pts',(-26.155526265502,19.7346988916397,27.));
#11759=CARTESIAN_POINT('',(-25.9890868514776,19.2517522573471,26.6));
#11760=CARTESIAN_POINT('',(-25.9890868514776,19.2517522573471,27.));
#11761=CARTESIAN_POINT('Ctrl Pts',(-25.9890868514776,19.2517522573471,26.6));
#11762=CARTESIAN_POINT('Ctrl Pts',(-25.9953194600682,19.3419622476355,26.6));
#11763=CARTESIAN_POINT('Ctrl Pts',(-26.0074878127744,19.5180854492602,26.6));
#11764=CARTESIAN_POINT('Ctrl Pts',(-26.1069892750457,19.6636783939801,26.6));
#11765=CARTESIAN_POINT('Ctrl Pts',(-26.155526265502,19.7346988916397,26.6));
#11766=CARTESIAN_POINT('Ctrl Pts',(-26.3847210258245,18.4795836210251,27.));
#11767=CARTESIAN_POINT('Ctrl Pts',(-26.3847210258245,18.4795836210251,26.6));
#11768=CARTESIAN_POINT('Ctrl Pts',(-26.2693951133147,18.5907562538484,27.));
#11769=CARTESIAN_POINT('Ctrl Pts',(-26.2693951133147,18.5907562538484,26.6));
#11770=CARTESIAN_POINT('Ctrl Pts',(-26.0485065065146,18.8036899080831,27.));
#11771=CARTESIAN_POINT('Ctrl Pts',(-26.0485065065146,18.8036899080831,26.6));
#11772=CARTESIAN_POINT('Ctrl Pts',(-26.0083010462398,19.1068648924006,27.));
#11773=CARTESIAN_POINT('Ctrl Pts',(-26.0083010462398,19.1068648924006,26.6));
#11774=CARTESIAN_POINT('Ctrl Pts',(-25.9890868514776,19.2517522573471,27.));
#11775=CARTESIAN_POINT('Ctrl Pts',(-25.9890868514776,19.2517522573471,26.6));
#11776=CARTESIAN_POINT('',(-26.3847210258245,18.4795836210251,27.));
#11777=CARTESIAN_POINT('Ctrl Pts',(-26.3847210258245,18.4795836210251,27.));
#11778=CARTESIAN_POINT('Ctrl Pts',(-26.2693951133147,18.5907562538484,27.));
#11779=CARTESIAN_POINT('Ctrl Pts',(-26.0485065065146,18.8036899080831,27.));
#11780=CARTESIAN_POINT('Ctrl Pts',(-26.0083010462398,19.1068648924006,27.));
#11781=CARTESIAN_POINT('Ctrl Pts',(-25.9890868514776,19.2517522573471,27.));
#11782=CARTESIAN_POINT('',(-26.3847210258245,18.4795836210251,26.6));
#11783=CARTESIAN_POINT('',(-26.3847210258245,18.4795836210251,27.));
#11784=CARTESIAN_POINT('Ctrl Pts',(-26.3847210258245,18.4795836210251,26.6));
#11785=CARTESIAN_POINT('Ctrl Pts',(-26.2693951133147,18.5907562538484,26.6));
#11786=CARTESIAN_POINT('Ctrl Pts',(-26.0485065065146,18.8036899080831,26.6));
#11787=CARTESIAN_POINT('Ctrl Pts',(-26.0083010462398,19.1068648924006,26.6));
#11788=CARTESIAN_POINT('Ctrl Pts',(-25.9890868514776,19.2517522573471,26.6));
#11789=CARTESIAN_POINT('Ctrl Pts',(-27.5607105344534,18.1494323015213,27.));
#11790=CARTESIAN_POINT('Ctrl Pts',(-27.5607105344534,18.1494323015213,26.6));
#11791=CARTESIAN_POINT('Ctrl Pts',(-27.3262925334903,18.1558817650197,27.));
#11792=CARTESIAN_POINT('Ctrl Pts',(-27.3262925334903,18.1558817650197,26.6));
#11793=CARTESIAN_POINT('Ctrl Pts',(-26.904570416836,18.167484463561,27.));
#11794=CARTESIAN_POINT('Ctrl Pts',(-26.904570416836,18.167484463561,26.6));
#11795=CARTESIAN_POINT('Ctrl Pts',(-26.5445990824741,18.3835984998725,27.));
#11796=CARTESIAN_POINT('Ctrl Pts',(-26.5445990824741,18.3835984998725,26.6));
#11797=CARTESIAN_POINT('Ctrl Pts',(-26.3847210258245,18.4795836210251,27.));
#11798=CARTESIAN_POINT('Ctrl Pts',(-26.3847210258245,18.4795836210251,26.6));
#11799=CARTESIAN_POINT('',(-27.5607105344534,18.1494323015213,27.));
#11800=CARTESIAN_POINT('Ctrl Pts',(-27.5607105344534,18.1494323015213,27.));
#11801=CARTESIAN_POINT('Ctrl Pts',(-27.3262925334903,18.1558817650197,27.));
#11802=CARTESIAN_POINT('Ctrl Pts',(-26.904570416836,18.167484463561,27.));
#11803=CARTESIAN_POINT('Ctrl Pts',(-26.5445990824741,18.3835984998725,27.));
#11804=CARTESIAN_POINT('Ctrl Pts',(-26.3847210258245,18.4795836210251,27.));
#11805=CARTESIAN_POINT('',(-27.5607105344534,18.1494323015213,26.6));
#11806=CARTESIAN_POINT('',(-27.5607105344534,18.1494323015213,27.));
#11807=CARTESIAN_POINT('Ctrl Pts',(-27.5607105344534,18.1494323015213,26.6));
#11808=CARTESIAN_POINT('Ctrl Pts',(-27.3262925334903,18.1558817650197,26.6));
#11809=CARTESIAN_POINT('Ctrl Pts',(-26.904570416836,18.167484463561,26.6));
#11810=CARTESIAN_POINT('Ctrl Pts',(-26.5445990824741,18.3835984998725,26.6));
#11811=CARTESIAN_POINT('Ctrl Pts',(-26.3847210258245,18.4795836210251,26.6));
#11812=CARTESIAN_POINT('Ctrl Pts',(-28.7312420457602,18.5205105543137,27.));
#11813=CARTESIAN_POINT('Ctrl Pts',(-28.7312420457602,18.5205105543137,26.6));
#11814=CARTESIAN_POINT('Ctrl Pts',(-28.5664641767047,18.4124190034666,27.));
#11815=CARTESIAN_POINT('Ctrl Pts',(-28.5664641767047,18.4124190034666,26.6));
#11816=CARTESIAN_POINT('Ctrl Pts',(-28.2122570381003,18.1800649916546,27.));
#11817=CARTESIAN_POINT('Ctrl Pts',(-28.2122570381003,18.1800649916546,26.6));
#11818=CARTESIAN_POINT('Ctrl Pts',(-27.7877409106607,18.1601062152424,27.));
#11819=CARTESIAN_POINT('Ctrl Pts',(-27.7877409106607,18.1601062152424,26.6));
#11820=CARTESIAN_POINT('Ctrl Pts',(-27.5607105344534,18.1494323015213,27.));
#11821=CARTESIAN_POINT('Ctrl Pts',(-27.5607105344534,18.1494323015213,26.6));
#11822=CARTESIAN_POINT('',(-28.7312420457602,18.5205105543137,27.));
#11823=CARTESIAN_POINT('Ctrl Pts',(-28.7312420457602,18.5205105543137,27.));
#11824=CARTESIAN_POINT('Ctrl Pts',(-28.5664641767047,18.4124190034666,27.));
#11825=CARTESIAN_POINT('Ctrl Pts',(-28.2122570381003,18.1800649916546,27.));
#11826=CARTESIAN_POINT('Ctrl Pts',(-27.7877409106607,18.1601062152424,27.));
#11827=CARTESIAN_POINT('Ctrl Pts',(-27.5607105344534,18.1494323015213,27.));
#11828=CARTESIAN_POINT('',(-28.7312420457602,18.5205105543137,26.6));
#11829=CARTESIAN_POINT('',(-28.7312420457602,18.5205105543137,27.));
#11830=CARTESIAN_POINT('Ctrl Pts',(-28.7312420457602,18.5205105543137,26.6));
#11831=CARTESIAN_POINT('Ctrl Pts',(-28.5664641767047,18.4124190034666,26.6));
#11832=CARTESIAN_POINT('Ctrl Pts',(-28.2122570381003,18.1800649916546,26.6));
#11833=CARTESIAN_POINT('Ctrl Pts',(-27.7877409106607,18.1601062152424,26.6));
#11834=CARTESIAN_POINT('Ctrl Pts',(-27.5607105344534,18.1494323015213,26.6));
#11835=CARTESIAN_POINT('Ctrl Pts',(-29.3069585412741,19.6828571557999,27.));
#11836=CARTESIAN_POINT('Ctrl Pts',(-29.3069585412741,19.6828571557999,26.6));
#11837=CARTESIAN_POINT('Ctrl Pts',(-29.2553133293593,19.4438175192891,27.));
#11838=CARTESIAN_POINT('Ctrl Pts',(-29.2553133293593,19.4438175192891,26.6));
#11839=CARTESIAN_POINT('Ctrl Pts',(-29.160760700556,19.0061810921682,27.));
#11840=CARTESIAN_POINT('Ctrl Pts',(-29.160760700556,19.0061810921682,26.6));
#11841=CARTESIAN_POINT('Ctrl Pts',(-28.865313992921,18.6721100109654,27.));
#11842=CARTESIAN_POINT('Ctrl Pts',(-28.865313992921,18.6721100109654,26.6));
#11843=CARTESIAN_POINT('Ctrl Pts',(-28.7312420457602,18.5205105543137,27.));
#11844=CARTESIAN_POINT('Ctrl Pts',(-28.7312420457602,18.5205105543137,26.6));
#11845=CARTESIAN_POINT('',(-29.3069585412741,19.6828571557999,27.));
#11846=CARTESIAN_POINT('Ctrl Pts',(-29.3069585412741,19.6828571557999,27.));
#11847=CARTESIAN_POINT('Ctrl Pts',(-29.2553133293593,19.4438175192891,27.));
#11848=CARTESIAN_POINT('Ctrl Pts',(-29.160760700556,19.0061810921682,27.));
#11849=CARTESIAN_POINT('Ctrl Pts',(-28.865313992921,18.6721100109654,27.));
#11850=CARTESIAN_POINT('Ctrl Pts',(-28.7312420457602,18.5205105543137,27.));
#11851=CARTESIAN_POINT('',(-29.3069585412741,19.6828571557999,26.6));
#11852=CARTESIAN_POINT('',(-29.3069585412741,19.6828571557999,27.));
#11853=CARTESIAN_POINT('Ctrl Pts',(-29.3069585412741,19.6828571557999,26.6));
#11854=CARTESIAN_POINT('Ctrl Pts',(-29.2553133293593,19.4438175192891,26.6));
#11855=CARTESIAN_POINT('Ctrl Pts',(-29.160760700556,19.0061810921682,26.6));
#11856=CARTESIAN_POINT('Ctrl Pts',(-28.865313992921,18.6721100109654,26.6));
#11857=CARTESIAN_POINT('Ctrl Pts',(-28.7312420457602,18.5205105543137,26.6));
#11858=CARTESIAN_POINT('Origin',(-30.8785819262266,19.5300606489182,27.));
#11859=CARTESIAN_POINT('',(-30.8785819262266,19.5300606489182,27.));
#11860=CARTESIAN_POINT('',(-16.5965795710386,20.9185867373201,27.));
#11861=CARTESIAN_POINT('',(-30.8785819262266,19.5300606489182,26.6));
#11862=CARTESIAN_POINT('',(-30.8785819262266,19.5300606489182,27.));
#11863=CARTESIAN_POINT('',(-30.8785819262266,19.5300606489182,26.6));
#11864=CARTESIAN_POINT('Ctrl Pts',(-29.907231554389,17.4864045381546,27.));
#11865=CARTESIAN_POINT('Ctrl Pts',(-29.907231554389,17.4864045381546,26.6));
#11866=CARTESIAN_POINT('Ctrl Pts',(-30.1522466649069,17.7595791317251,27.));
#11867=CARTESIAN_POINT('Ctrl Pts',(-30.1522466649069,17.7595791317251,26.6));
#11868=CARTESIAN_POINT('Ctrl Pts',(-30.6755098337173,18.3429807152767,27.));
#11869=CARTESIAN_POINT('Ctrl Pts',(-30.6755098337173,18.3429807152767,26.6));
#11870=CARTESIAN_POINT('Ctrl Pts',(-30.8080845788116,19.11796076135,27.));
#11871=CARTESIAN_POINT('Ctrl Pts',(-30.8080845788116,19.11796076135,26.6));
#11872=CARTESIAN_POINT('Ctrl Pts',(-30.8785819262266,19.5300606489182,27.));
#11873=CARTESIAN_POINT('Ctrl Pts',(-30.8785819262266,19.5300606489182,26.6));
#11874=CARTESIAN_POINT('Ctrl Pts',(-29.907231554389,17.4864045381546,27.));
#11875=CARTESIAN_POINT('Ctrl Pts',(-30.1522466649069,17.7595791317251,27.));
#11876=CARTESIAN_POINT('Ctrl Pts',(-30.6755098337173,18.3429807152767,27.));
#11877=CARTESIAN_POINT('Ctrl Pts',(-30.8080845788116,19.11796076135,27.));
#11878=CARTESIAN_POINT('Ctrl Pts',(-30.8785819262266,19.5300606489182,27.));
#11879=CARTESIAN_POINT('Ctrl Pts',(-29.907231554389,17.4864045381546,26.6));
#11880=CARTESIAN_POINT('Ctrl Pts',(-30.1522466649069,17.7595791317251,26.6));
#11881=CARTESIAN_POINT('Ctrl Pts',(-30.6755098337173,18.3429807152767,26.6));
#11882=CARTESIAN_POINT('Ctrl Pts',(-30.8080845788116,19.11796076135,26.6));
#11883=CARTESIAN_POINT('Ctrl Pts',(-30.8785819262266,19.5300606489182,26.6));
#11884=CARTESIAN_POINT('Origin',(-3.72529029846191E-7,20.9243301153183,
26.6));
#11885=CARTESIAN_POINT('Origin',(21.6,-5.69999999999999,27.));
#11886=CARTESIAN_POINT('',(22.6,-5.69999999999999,27.));
#11887=CARTESIAN_POINT('Origin',(21.6,-5.69999999999999,27.));
#11888=CARTESIAN_POINT('',(22.6,-5.69999999999999,25.));
#11889=CARTESIAN_POINT('',(22.6,-5.69999999999999,27.));
#11890=CARTESIAN_POINT('Origin',(21.6,-5.69999999999999,25.));
#11891=CARTESIAN_POINT('Origin',(-35.,31.,0.));
#11892=CARTESIAN_POINT('',(-37.,31.,27.));
#11893=CARTESIAN_POINT('',(-35.,33.,27.));
#11894=CARTESIAN_POINT('Origin',(-35.,31.,27.));
#11895=CARTESIAN_POINT('',(-35.,33.,14.45));
#11896=CARTESIAN_POINT('',(-35.,33.,0.));
#11897=CARTESIAN_POINT('',(-37.,31.,14.45));
#11898=CARTESIAN_POINT('Origin',(-35.,31.,14.45));
#11899=CARTESIAN_POINT('',(-37.,31.,0.));
#11900=CARTESIAN_POINT('Origin',(-37.,31.,0.));
#11901=CARTESIAN_POINT('',(-37.,-34.,14.45));
#11902=CARTESIAN_POINT('',(-37.,14.0514385728636,14.45));
#11903=CARTESIAN_POINT('',(-37.,-34.,27.));
#11904=CARTESIAN_POINT('',(-37.,-34.,0.));
#11905=CARTESIAN_POINT('',(-37.,-36.,27.));
#11906=CARTESIAN_POINT('Origin',(2.33589549125345,-2.89712285427281,14.45));
#11907=CARTESIAN_POINT('',(35.,33.,14.45));
#11908=CARTESIAN_POINT('',(18.6679477456267,33.,14.45));
#11909=CARTESIAN_POINT('',(37.,31.,14.45));
#11910=CARTESIAN_POINT('Origin',(35.,31.,14.45));
#11911=CARTESIAN_POINT('',(37.,-34.,14.45));
#11912=CARTESIAN_POINT('',(37.,-16.9485614271364,14.45));
#11913=CARTESIAN_POINT('',(35.,-36.,14.45));
#11914=CARTESIAN_POINT('Origin',(35.,-34.,14.45));
#11915=CARTESIAN_POINT('',(19.3,-36.,14.45));
#11916=CARTESIAN_POINT('',(-16.3320522543733,-36.,14.45));
#11917=CARTESIAN_POINT('',(19.3,-34.5,14.45));
#11918=CARTESIAN_POINT('',(19.3,-17.9485614271364,14.45));
#11919=CARTESIAN_POINT('',(22.5,-34.5,14.45));
#11920=CARTESIAN_POINT('',(-10.0820522543733,-34.5,14.45));
#11921=CARTESIAN_POINT('',(22.5,-32.5,14.45));
#11922=CARTESIAN_POINT('',(22.5,-18.6985614271364,14.45));
#11923=CARTESIAN_POINT('',(19.3,-32.5,14.45));
#11924=CARTESIAN_POINT('',(12.4179477456267,-32.5,14.45));
#11925=CARTESIAN_POINT('',(19.3,-32.,14.45));
#11926=CARTESIAN_POINT('',(19.3,-17.9485614271364,14.45));
#11927=CARTESIAN_POINT('',(36.,-32.,14.45));
#11928=CARTESIAN_POINT('',(10.8179477456267,-32.,14.45));
#11929=CARTESIAN_POINT('',(36.,32.,14.45));
#11930=CARTESIAN_POINT('',(36.,-17.4485614271364,14.45));
#11931=CARTESIAN_POINT('',(-36.,32.,14.45));
#11932=CARTESIAN_POINT('',(19.1679477456267,32.,14.45));
#11933=CARTESIAN_POINT('',(-36.,-32.,14.45));
#11934=CARTESIAN_POINT('',(-36.,14.5514385728636,14.45));
#11935=CARTESIAN_POINT('',(-19.2831012025537,-32.,14.45));
#11936=CARTESIAN_POINT('',(-16.8320522543733,-32.,14.45));
#11937=CARTESIAN_POINT('',(-19.2831012025537,-32.5,14.45));
#11938=CARTESIAN_POINT('',(-19.2831012025537,-33.,14.45));
#11939=CARTESIAN_POINT('',(-22.5,-32.5,14.45));
#11940=CARTESIAN_POINT('',(12.4179477456267,-32.5,14.45));
#11941=CARTESIAN_POINT('',(-22.5,-34.5,14.45));
#11942=CARTESIAN_POINT('',(-22.5,-17.6985614271364,14.45));
#11943=CARTESIAN_POINT('',(-19.2831012025537,-34.5,14.45));
#11944=CARTESIAN_POINT('',(-10.0820522543733,-34.5,14.45));
#11945=CARTESIAN_POINT('',(-19.2831012025537,-36.,14.45));
#11946=CARTESIAN_POINT('',(-19.2831012025537,-33.,14.45));
#11947=CARTESIAN_POINT('',(-35.,-36.,14.45));
#11948=CARTESIAN_POINT('',(-16.3320522543733,-36.,14.45));
#11949=CARTESIAN_POINT('Origin',(-35.,-34.,14.45));
#11950=CARTESIAN_POINT('Origin',(35.,31.,0.));
#11951=CARTESIAN_POINT('',(35.,33.,27.));
#11952=CARTESIAN_POINT('',(37.,31.,27.));
#11953=CARTESIAN_POINT('Origin',(35.,31.,27.));
#11954=CARTESIAN_POINT('',(37.,31.,0.));
#11955=CARTESIAN_POINT('',(35.,33.,0.));
#11956=CARTESIAN_POINT('Origin',(37.,-31.,0.));
#11957=CARTESIAN_POINT('',(37.,-34.,27.));
#11958=CARTESIAN_POINT('',(37.,33.,27.));
#11959=CARTESIAN_POINT('',(37.,-34.,0.));
#11960=CARTESIAN_POINT('Origin',(35.,-34.,0.));
#11961=CARTESIAN_POINT('',(35.,-36.,27.));
#11962=CARTESIAN_POINT('Origin',(35.,-34.,27.));
#11963=CARTESIAN_POINT('',(35.,-36.,0.));
#11964=CARTESIAN_POINT('Origin',(-35.,-34.,0.));
#11965=CARTESIAN_POINT('',(-35.,-36.,27.));
#11966=CARTESIAN_POINT('Origin',(-35.,-34.,27.));
#11967=CARTESIAN_POINT('',(-35.,-36.,0.));
#11968=CARTESIAN_POINT('Origin',(0.,-1.49999999999999,27.));
#11969=CARTESIAN_POINT('',(37.,-36.,27.));
#11970=CARTESIAN_POINT('',(-37.,33.,27.));
#11971=CARTESIAN_POINT('Origin',(-36.,-32.,13.45));
#11972=CARTESIAN_POINT('',(-36.,-32.,15.45));
#11973=CARTESIAN_POINT('',(-36.,-32.,13.45));
#11974=CARTESIAN_POINT('',(-19.2831012025537,-32.,15.45));
#11975=CARTESIAN_POINT('',(-19.2831012025537,-32.,15.45));
#11976=CARTESIAN_POINT('',(-19.2831012025537,-32.,13.45));
#11977=CARTESIAN_POINT('Origin',(-19.2831012025537,-32.,13.45));
#11978=CARTESIAN_POINT('',(-19.2831012025537,-31.,14.45));
#11979=CARTESIAN_POINT('',(-19.2831012025537,-33.,14.45));
#11980=CARTESIAN_POINT('',(-19.2831012025537,-31.,15.45));
#11981=CARTESIAN_POINT('',(-19.2831012025537,-32.5,15.45));
#11982=CARTESIAN_POINT('',(-19.2831012025537,-31.,6.725));
#11983=CARTESIAN_POINT('Origin',(-36.,32.,13.45));
#11984=CARTESIAN_POINT('',(-36.,32.,15.45));
#11985=CARTESIAN_POINT('',(-36.,32.,13.45));
#11986=CARTESIAN_POINT('',(-36.,-32.,15.45));
#11987=CARTESIAN_POINT('Origin',(36.,32.,13.45));
#11988=CARTESIAN_POINT('',(36.,32.,15.45));
#11989=CARTESIAN_POINT('',(36.,32.,13.45));
#11990=CARTESIAN_POINT('',(-36.,32.,15.45));
#11991=CARTESIAN_POINT('Origin',(36.,-32.,13.45));
#11992=CARTESIAN_POINT('',(36.,-32.,15.45));
#11993=CARTESIAN_POINT('',(36.,-32.,13.45));
#11994=CARTESIAN_POINT('',(36.,32.,15.45));
#11995=CARTESIAN_POINT('Origin',(19.3,-32.,13.45));
#11996=CARTESIAN_POINT('',(19.3,-32.,15.45));
#11997=CARTESIAN_POINT('',(19.3,-32.,16.225));
#11998=CARTESIAN_POINT('',(36.,-32.,15.45));
#11999=CARTESIAN_POINT('Origin',(0.,4.44089209850063E-15,15.45));
#12000=CARTESIAN_POINT('',(19.3,-31.,15.45));
#12001=CARTESIAN_POINT('',(19.3,-16.5,15.45));
#12002=CARTESIAN_POINT('',(35.,-31.,15.45));
#12003=CARTESIAN_POINT('',(-17.5,-31.,15.45));
#12004=CARTESIAN_POINT('',(35.,31.,15.45));
#12005=CARTESIAN_POINT('',(35.,-15.5,15.45));
#12006=CARTESIAN_POINT('',(-35.,31.,15.45));
#12007=CARTESIAN_POINT('',(17.5,31.,15.45));
#12008=CARTESIAN_POINT('',(-35.,-31.,15.45));
#12009=CARTESIAN_POINT('',(-35.,15.5,15.45));
#12010=CARTESIAN_POINT('',(-17.5,-31.,15.45));
#12011=CARTESIAN_POINT('Origin',(-35.,31.,0.));
#12012=CARTESIAN_POINT('',(-35.,31.,25.));
#12013=CARTESIAN_POINT('',(-35.,31.,0.));
#12014=CARTESIAN_POINT('',(-35.,-31.,25.));
#12015=CARTESIAN_POINT('',(-35.,-31.,25.));
#12016=CARTESIAN_POINT('',(-35.,-31.,0.));
#12017=CARTESIAN_POINT('Origin',(-35.,-31.,0.));
#12018=CARTESIAN_POINT('',(35.,-31.,25.));
#12019=CARTESIAN_POINT('',(35.,-31.,25.));
#12020=CARTESIAN_POINT('',(35.,-31.,0.));
#12021=CARTESIAN_POINT('',(19.3,-31.,19.));
#12022=CARTESIAN_POINT('',(19.3,-31.,9.50000000000001));
#12023=CARTESIAN_POINT('',(18.3,-31.,20.));
#12024=CARTESIAN_POINT('Origin',(18.3,-31.,19.));
#12025=CARTESIAN_POINT('',(-13.3,-31.,20.));
#12026=CARTESIAN_POINT('',(-24.15,-31.,20.));
#12027=CARTESIAN_POINT('Origin',(-13.3,-31.,14.));
#12028=CARTESIAN_POINT('Origin',(35.,31.,0.));
#12029=CARTESIAN_POINT('',(35.,31.,25.));
#12030=CARTESIAN_POINT('',(35.,31.,0.));
#12031=CARTESIAN_POINT('',(-35.,31.,25.));
#12032=CARTESIAN_POINT('Origin',(-22.5,-32.5,13.45));
#12033=CARTESIAN_POINT('',(-22.5,-32.5,20.45));
#12034=CARTESIAN_POINT('',(-22.5,-32.5,13.45));
#12035=CARTESIAN_POINT('',(-22.5,-34.5,20.45));
#12036=CARTESIAN_POINT('',(-22.5,-34.5,20.45));
#12037=CARTESIAN_POINT('',(-22.5,-34.5,13.45));
#12038=CARTESIAN_POINT('Origin',(-22.5,-34.5,13.45));
#12039=CARTESIAN_POINT('',(22.5,-34.5,20.45));
#12040=CARTESIAN_POINT('',(22.5,-34.5,20.45));
#12041=CARTESIAN_POINT('',(22.5,-34.5,13.45));
#12042=CARTESIAN_POINT('',(19.3,-34.5,19.));
#12043=CARTESIAN_POINT('',(19.3,-34.5,16.225));
#12044=CARTESIAN_POINT('',(18.3,-34.5,20.));
#12045=CARTESIAN_POINT('Origin',(18.3,-34.5,19.));
#12046=CARTESIAN_POINT('',(-13.3,-34.5,20.));
#12047=CARTESIAN_POINT('',(-17.9,-34.5,20.));
#12048=CARTESIAN_POINT('Origin',(-13.3,-34.5,14.));
#12049=CARTESIAN_POINT('Origin',(22.5,-32.5,13.45));
#12050=CARTESIAN_POINT('',(-13.3,-32.5,20.));
#12051=CARTESIAN_POINT('Origin',(-13.3,-32.5,14.));
#12052=CARTESIAN_POINT('',(18.3,-32.5,20.));
#12053=CARTESIAN_POINT('',(4.6,-32.5,20.));
#12054=CARTESIAN_POINT('',(19.3,-32.5,19.));
#12055=CARTESIAN_POINT('Origin',(18.3,-32.5,19.));
#12056=CARTESIAN_POINT('',(19.3,-32.5,16.225));
#12057=CARTESIAN_POINT('',(22.5,-32.5,20.45));
#12058=CARTESIAN_POINT('',(22.5,-32.5,13.45));
#12059=CARTESIAN_POINT('',(-22.5,-32.5,20.45));
#12060=CARTESIAN_POINT('Origin',(22.5,-34.5,13.45));
#12061=CARTESIAN_POINT('',(22.5,-32.5,20.45));
#12062=CARTESIAN_POINT('Origin',(0.,-33.5,20.45));
#12063=CARTESIAN_POINT('Origin',(-13.3,-33.,14.));
#12064=CARTESIAN_POINT('',(-13.3,-36.,20.));
#12065=CARTESIAN_POINT('',(-13.3,-33.,20.));
#12066=CARTESIAN_POINT('Origin',(-13.3,-36.,14.));
#12067=CARTESIAN_POINT('Origin',(-13.3,-33.,14.));
#12068=CARTESIAN_POINT('',(-13.3,-33.,20.));
#12069=CARTESIAN_POINT('Origin',(19.3,-33.,19.));
#12070=CARTESIAN_POINT('',(19.3,-36.,19.));
#12071=CARTESIAN_POINT('',(19.3,-36.,9.50000000000001));
#12072=CARTESIAN_POINT('',(19.3,-33.,19.));
#12073=CARTESIAN_POINT('Origin',(-13.3,-33.,20.));
#12074=CARTESIAN_POINT('',(18.3,-36.,20.));
#12075=CARTESIAN_POINT('',(18.3,-33.,20.));
#12076=CARTESIAN_POINT('',(-24.15,-36.,20.));
#12077=CARTESIAN_POINT('Origin',(-13.3,-33.,20.));
#12078=CARTESIAN_POINT('',(18.3,-33.,20.));
#12079=CARTESIAN_POINT('Origin',(18.3,-33.,19.));
#12080=CARTESIAN_POINT('Origin',(18.3,-36.,19.));
#12081=CARTESIAN_POINT('Origin',(0.,-1.49999999999999,25.));
#12082=CARTESIAN_POINT('',(35.,31.,25.));
#12083=CARTESIAN_POINT('Origin',(18.3,-33.,19.));
#12084=CARTESIAN_POINT('',(19.3,-33.,19.));
#12085=CARTESIAN_POINT('Origin',(35.,-31.,0.));
#12086=CARTESIAN_POINT('Origin',(19.3,-33.,19.));
#12087=CARTESIAN_POINT('Origin',(-35.,-36.,0.));
#12088=CARTESIAN_POINT('Origin',(35.,33.,0.));
#12089=CARTESIAN_POINT('Origin',(-21.4979537576437,22.14397585392,27.));
#12090=CARTESIAN_POINT('',(-21.4979537576437,22.14397585392,27.));
#12091=CARTESIAN_POINT('',(-21.4979537576437,16.9270590543747,27.));
#12092=CARTESIAN_POINT('',(-21.4979537576437,22.14397585392,27.));
#12093=CARTESIAN_POINT('',(-21.4979537576437,16.9270590543747,26.6));
#12094=CARTESIAN_POINT('',(-21.4979537576437,16.9270590543747,27.));
#12095=CARTESIAN_POINT('',(-21.4979537576437,22.14397585392,26.6));
#12096=CARTESIAN_POINT('',(-21.4979537576437,22.14397585392,26.6));
#12097=CARTESIAN_POINT('',(-21.4979537576437,22.14397585392,27.));
#12098=CARTESIAN_POINT('Origin',(-18.272852525115,16.9270590543747,27.));
#12099=CARTESIAN_POINT('',(-18.272852525115,16.9270590543747,27.));
#12100=CARTESIAN_POINT('',(-18.272852525115,16.9270590543747,27.));
#12101=CARTESIAN_POINT('',(-18.272852525115,16.9270590543747,26.6));
#12102=CARTESIAN_POINT('',(-18.272852525115,16.9270590543747,26.6));
#12103=CARTESIAN_POINT('',(-18.272852525115,16.9270590543747,27.));
#12104=CARTESIAN_POINT('Origin',(-16.6521152108908,16.9270590543747,27.));
#12105=CARTESIAN_POINT('',(-16.6521152108908,16.9270590543747,27.));
#12106=CARTESIAN_POINT('',(-16.6521152108908,16.9270590543747,27.));
#12107=CARTESIAN_POINT('',(-16.6521152108908,16.9270590543747,26.6));
#12108=CARTESIAN_POINT('',(-16.6521152108908,16.9270590543747,26.6));
#12109=CARTESIAN_POINT('',(-16.6521152108908,16.9270590543747,27.));
#12110=CARTESIAN_POINT('Origin',(-16.6521152108908,24.927059173584,27.));
#12111=CARTESIAN_POINT('',(-16.6521152108908,24.927059173584,27.));
#12112=CARTESIAN_POINT('',(-16.6521152108908,24.927059173584,27.));
#12113=CARTESIAN_POINT('',(-16.6521152108908,24.927059173584,26.6));
#12114=CARTESIAN_POINT('',(-16.6521152108908,24.927059173584,26.6));
#12115=CARTESIAN_POINT('',(-16.6521152108908,24.927059173584,27.));
#12116=CARTESIAN_POINT('Origin',(-18.1527980417013,24.927059173584,27.));
#12117=CARTESIAN_POINT('',(-18.1527980417013,24.927059173584,27.));
#12118=CARTESIAN_POINT('',(-18.1527980417013,24.927059173584,27.));
#12119=CARTESIAN_POINT('',(-18.1527980417013,24.927059173584,26.6));
#12120=CARTESIAN_POINT('',(-18.1527980417013,24.927059173584,26.6));
#12121=CARTESIAN_POINT('',(-18.1527980417013,24.927059173584,27.));
#12122=CARTESIAN_POINT('Origin',(-18.1527980417013,19.5846298933029,27.));
#12123=CARTESIAN_POINT('',(-18.1527980417013,19.5846298933029,27.));
#12124=CARTESIAN_POINT('',(-18.1527980417013,19.5846298933029,27.));
#12125=CARTESIAN_POINT('',(-18.1527980417013,19.5846298933029,26.6));
#12126=CARTESIAN_POINT('',(-18.1527980417013,19.5846298933029,26.6));
#12127=CARTESIAN_POINT('',(-18.1527980417013,19.5846298933029,27.));
#12128=CARTESIAN_POINT('Origin',(-21.4270135015249,24.927059173584,27.));
#12129=CARTESIAN_POINT('',(-21.4270135015249,24.927059173584,27.));
#12130=CARTESIAN_POINT('',(-21.4270135015249,24.927059173584,27.));
#12131=CARTESIAN_POINT('',(-21.4270135015249,24.927059173584,26.6));
#12132=CARTESIAN_POINT('',(-21.4270135015249,24.927059173584,26.6));
#12133=CARTESIAN_POINT('',(-21.4270135015249,24.927059173584,27.));
#12134=CARTESIAN_POINT('Origin',(-22.9986365884542,24.927059173584,27.));
#12135=CARTESIAN_POINT('',(-22.9986365884542,24.927059173584,27.));
#12136=CARTESIAN_POINT('',(-22.9986365884542,24.927059173584,27.));
#12137=CARTESIAN_POINT('',(-22.9986365884542,24.927059173584,26.6));
#12138=CARTESIAN_POINT('',(-22.9986365884542,24.927059173584,26.6));
#12139=CARTESIAN_POINT('',(-22.9986365884542,24.927059173584,27.));
#12140=CARTESIAN_POINT('Origin',(-22.9986365884542,16.9270590543747,27.));
#12141=CARTESIAN_POINT('',(-22.9986365884542,16.9270590543747,27.));
#12142=CARTESIAN_POINT('',(-22.9986365884542,16.9270590543747,27.));
#12143=CARTESIAN_POINT('',(-22.9986365884542,16.9270590543747,26.6));
#12144=CARTESIAN_POINT('',(-22.9986365884542,16.9270590543747,26.6));
#12145=CARTESIAN_POINT('',(-22.9986365884542,16.9270590543747,27.));
#12146=CARTESIAN_POINT('Origin',(-21.4979537576437,16.9270590543747,27.));
#12147=CARTESIAN_POINT('',(-21.4979537576437,16.9270590543747,27.));
#12148=CARTESIAN_POINT('',(-21.4979537576437,16.9270590543747,26.6));
#12149=CARTESIAN_POINT('Origin',(-3.72529029846191E-7,20.9243301153183,
27.));
#12150=CARTESIAN_POINT('Origin',(-3.72529029846191E-7,20.9243301153183,
26.6));
#12151=CARTESIAN_POINT('Ctrl Pts',(-4.59754548966885,16.7851761579514,27.));
#12152=CARTESIAN_POINT('Ctrl Pts',(-4.59754548966885,16.7851761579514,26.6));
#12153=CARTESIAN_POINT('Ctrl Pts',(-5.05795906020149,16.8017092568591,27.));
#12154=CARTESIAN_POINT('Ctrl Pts',(-5.05795906020149,16.8017092568591,26.6));
#12155=CARTESIAN_POINT('Ctrl Pts',(-5.89972057300402,16.8319362684821,27.));
#12156=CARTESIAN_POINT('Ctrl Pts',(-5.89972057300402,16.8319362684821,26.6));
#12157=CARTESIAN_POINT('Ctrl Pts',(-6.60718810668959,17.2823507415909,27.));
#12158=CARTESIAN_POINT('Ctrl Pts',(-6.60718810668959,17.2823507415909,26.6));
#12159=CARTESIAN_POINT('Ctrl Pts',(-6.92769609391689,17.4864045381546,27.));
#12160=CARTESIAN_POINT('Ctrl Pts',(-6.92769609391689,17.4864045381546,26.6));
#12161=CARTESIAN_POINT('',(-4.59754548966885,16.7851761579514,27.));
#12162=CARTESIAN_POINT('',(-6.92769609391689,17.4864045381546,27.));
#12163=CARTESIAN_POINT('Ctrl Pts',(-4.59754548966885,16.7851761579514,27.));
#12164=CARTESIAN_POINT('Ctrl Pts',(-5.05795906020149,16.8017092568591,27.));
#12165=CARTESIAN_POINT('Ctrl Pts',(-5.89972057300402,16.8319362684821,27.));
#12166=CARTESIAN_POINT('Ctrl Pts',(-6.60718810668959,17.2823507415909,27.));
#12167=CARTESIAN_POINT('Ctrl Pts',(-6.92769609391689,17.4864045381546,27.));
#12168=CARTESIAN_POINT('',(-6.92769609391689,17.4864045381546,26.6));
#12169=CARTESIAN_POINT('',(-6.92769609391689,17.4864045381546,27.));
#12170=CARTESIAN_POINT('',(-4.59754548966885,16.7851761579514,26.6));
#12171=CARTESIAN_POINT('Ctrl Pts',(-4.59754548966885,16.7851761579514,26.6));
#12172=CARTESIAN_POINT('Ctrl Pts',(-5.05795906020149,16.8017092568591,26.6));
#12173=CARTESIAN_POINT('Ctrl Pts',(-5.89972057300402,16.8319362684821,26.6));
#12174=CARTESIAN_POINT('Ctrl Pts',(-6.60718810668959,17.2823507415909,26.6));
#12175=CARTESIAN_POINT('Ctrl Pts',(-6.92769609391689,17.4864045381546,26.6));
#12176=CARTESIAN_POINT('',(-4.59754548966885,16.7851761579514,27.));
#12177=CARTESIAN_POINT('Ctrl Pts',(-2.8567560762167,17.0771268606186,27.));
#12178=CARTESIAN_POINT('Ctrl Pts',(-2.8567560762167,17.0771268606186,26.6));
#12179=CARTESIAN_POINT('Ctrl Pts',(-3.11612339521516,16.9921240092286,27.));
#12180=CARTESIAN_POINT('Ctrl Pts',(-3.11612339521516,16.9921240092286,26.6));
#12181=CARTESIAN_POINT('Ctrl Pts',(-3.68093795136734,16.807016463818,27.));
#12182=CARTESIAN_POINT('Ctrl Pts',(-3.68093795136734,16.807016463818,26.6));
#12183=CARTESIAN_POINT('Ctrl Pts',(-4.27583167632895,16.7928417375929,27.));
#12184=CARTESIAN_POINT('Ctrl Pts',(-4.27583167632895,16.7928417375929,26.6));
#12185=CARTESIAN_POINT('Ctrl Pts',(-4.59754548966885,16.7851761579514,27.));
#12186=CARTESIAN_POINT('Ctrl Pts',(-4.59754548966885,16.7851761579514,26.6));
#12187=CARTESIAN_POINT('',(-2.8567560762167,17.0771268606186,27.));
#12188=CARTESIAN_POINT('Ctrl Pts',(-2.8567560762167,17.0771268606186,27.));
#12189=CARTESIAN_POINT('Ctrl Pts',(-3.11612339521516,16.9921240092286,27.));
#12190=CARTESIAN_POINT('Ctrl Pts',(-3.68093795136734,16.807016463818,27.));
#12191=CARTESIAN_POINT('Ctrl Pts',(-4.27583167632895,16.7928417375929,27.));
#12192=CARTESIAN_POINT('Ctrl Pts',(-4.59754548966885,16.7851761579514,27.));
#12193=CARTESIAN_POINT('',(-2.8567560762167,17.0771268606186,26.6));
#12194=CARTESIAN_POINT('Ctrl Pts',(-2.8567560762167,17.0771268606186,26.6));
#12195=CARTESIAN_POINT('Ctrl Pts',(-3.11612339521516,16.9921240092286,26.6));
#12196=CARTESIAN_POINT('Ctrl Pts',(-3.68093795136734,16.807016463818,26.6));
#12197=CARTESIAN_POINT('Ctrl Pts',(-4.27583167632895,16.7928417375929,26.6));
#12198=CARTESIAN_POINT('Ctrl Pts',(-4.59754548966885,16.7851761579514,26.6));
#12199=CARTESIAN_POINT('',(-2.8567560762167,17.0771268606186,27.));
#12200=CARTESIAN_POINT('Ctrl Pts',(-1.77626453340054,17.9693511724472,27.));
#12201=CARTESIAN_POINT('Ctrl Pts',(-1.77626453340054,17.9693511724472,26.6));
#12202=CARTESIAN_POINT('Ctrl Pts',(-1.91866202811087,17.7813312345269,27.));
#12203=CARTESIAN_POINT('Ctrl Pts',(-1.91866202811087,17.7813312345269,26.6));
#12204=CARTESIAN_POINT('Ctrl Pts',(-2.20827190394498,17.3989338406246,27.));
#12205=CARTESIAN_POINT('Ctrl Pts',(-2.20827190394498,17.3989338406246,26.6));
#12206=CARTESIAN_POINT('Ctrl Pts',(-2.63821204005417,17.1855782296465,27.));
#12207=CARTESIAN_POINT('Ctrl Pts',(-2.63821204005417,17.1855782296465,26.6));
#12208=CARTESIAN_POINT('Ctrl Pts',(-2.8567560762167,17.0771268606186,27.));
#12209=CARTESIAN_POINT('Ctrl Pts',(-2.8567560762167,17.0771268606186,26.6));
#12210=CARTESIAN_POINT('',(-1.77626453340054,17.9693511724472,27.));
#12211=CARTESIAN_POINT('Ctrl Pts',(-1.77626453340054,17.9693511724472,27.));
#12212=CARTESIAN_POINT('Ctrl Pts',(-1.91866202811087,17.7813312345269,27.));
#12213=CARTESIAN_POINT('Ctrl Pts',(-2.20827190394498,17.3989338406246,27.));
#12214=CARTESIAN_POINT('Ctrl Pts',(-2.63821204005417,17.1855782296465,27.));
#12215=CARTESIAN_POINT('Ctrl Pts',(-2.8567560762167,17.0771268606186,27.));
#12216=CARTESIAN_POINT('',(-1.77626453340054,17.9693511724472,26.6));
#12217=CARTESIAN_POINT('Ctrl Pts',(-1.77626453340054,17.9693511724472,26.6));
#12218=CARTESIAN_POINT('Ctrl Pts',(-1.91866202811087,17.7813312345269,26.6));
#12219=CARTESIAN_POINT('Ctrl Pts',(-2.20827190394498,17.3989338406246,26.6));
#12220=CARTESIAN_POINT('Ctrl Pts',(-2.63821204005417,17.1855782296465,26.6));
#12221=CARTESIAN_POINT('Ctrl Pts',(-2.8567560762167,17.0771268606186,26.6));
#12222=CARTESIAN_POINT('',(-1.77626453340054,17.9693511724472,27.));
#12223=CARTESIAN_POINT('Ctrl Pts',(-1.3942726701498,19.2572096586227,27.));
#12224=CARTESIAN_POINT('Ctrl Pts',(-1.3942726701498,19.2572096586227,26.6));
#12225=CARTESIAN_POINT('Ctrl Pts',(-1.41075966092647,19.03076076404,27.));
#12226=CARTESIAN_POINT('Ctrl Pts',(-1.41075966092647,19.03076076404,26.6));
#12227=CARTESIAN_POINT('Ctrl Pts',(-1.44403583770014,18.5737123221251,27.));
#12228=CARTESIAN_POINT('Ctrl Pts',(-1.44403583770014,18.5737123221251,26.6));
#12229=CARTESIAN_POINT('Ctrl Pts',(-1.66485318917027,18.1720208664187,27.));
#12230=CARTESIAN_POINT('Ctrl Pts',(-1.66485318917027,18.1720208664187,26.6));
#12231=CARTESIAN_POINT('Ctrl Pts',(-1.77626453340054,17.9693511724472,27.));
#12232=CARTESIAN_POINT('Ctrl Pts',(-1.77626453340054,17.9693511724472,26.6));
#12233=CARTESIAN_POINT('',(-1.3942726701498,19.2572096586227,27.));
#12234=CARTESIAN_POINT('Ctrl Pts',(-1.3942726701498,19.2572096586227,27.));
#12235=CARTESIAN_POINT('Ctrl Pts',(-1.41075966092647,19.03076076404,27.));
#12236=CARTESIAN_POINT('Ctrl Pts',(-1.44403583770014,18.5737123221251,27.));
#12237=CARTESIAN_POINT('Ctrl Pts',(-1.66485318917027,18.1720208664187,27.));
#12238=CARTESIAN_POINT('Ctrl Pts',(-1.77626453340054,17.9693511724472,27.));
#12239=CARTESIAN_POINT('',(-1.3942726701498,19.2572096586227,26.6));
#12240=CARTESIAN_POINT('Ctrl Pts',(-1.3942726701498,19.2572096586227,26.6));
#12241=CARTESIAN_POINT('Ctrl Pts',(-1.41075966092647,19.03076076404,26.6));
#12242=CARTESIAN_POINT('Ctrl Pts',(-1.44403583770014,18.5737123221251,26.6));
#12243=CARTESIAN_POINT('Ctrl Pts',(-1.66485318917027,18.1720208664187,26.6));
#12244=CARTESIAN_POINT('Ctrl Pts',(-1.77626453340054,17.9693511724472,26.6));
#12245=CARTESIAN_POINT('',(-1.3942726701498,19.2572096586227,27.));
#12246=CARTESIAN_POINT('Ctrl Pts',(-1.71350799500942,20.5314246416092,27.));
#12247=CARTESIAN_POINT('Ctrl Pts',(-1.71350799500942,20.5314246416092,26.6));
#12248=CARTESIAN_POINT('Ctrl Pts',(-1.62048474958187,20.3427193369818,27.));
#12249=CARTESIAN_POINT('Ctrl Pts',(-1.62048474958187,20.3427193369818,26.6));
#12250=CARTESIAN_POINT('Ctrl Pts',(-1.42278064374201,19.9416602968772,27.));
#12251=CARTESIAN_POINT('Ctrl Pts',(-1.42278064374201,19.9416602968772,26.6));
#12252=CARTESIAN_POINT('Ctrl Pts',(-1.40414167667229,19.4941555710147,27.));
#12253=CARTESIAN_POINT('Ctrl Pts',(-1.40414167667229,19.4941555710147,26.6));
#12254=CARTESIAN_POINT('Ctrl Pts',(-1.3942726701498,19.2572096586227,27.));
#12255=CARTESIAN_POINT('Ctrl Pts',(-1.3942726701498,19.2572096586227,26.6));
#12256=CARTESIAN_POINT('',(-1.71350799500942,20.5314246416092,27.));
#12257=CARTESIAN_POINT('Ctrl Pts',(-1.71350799500942,20.5314246416092,27.));
#12258=CARTESIAN_POINT('Ctrl Pts',(-1.62048474958187,20.3427193369818,27.));
#12259=CARTESIAN_POINT('Ctrl Pts',(-1.42278064374201,19.9416602968772,27.));
#12260=CARTESIAN_POINT('Ctrl Pts',(-1.40414167667229,19.4941555710147,27.));
#12261=CARTESIAN_POINT('Ctrl Pts',(-1.3942726701498,19.2572096586227,27.));
#12262=CARTESIAN_POINT('',(-1.71350799500942,20.5314246416092,26.6));
#12263=CARTESIAN_POINT('Ctrl Pts',(-1.71350799500942,20.5314246416092,26.6));
#12264=CARTESIAN_POINT('Ctrl Pts',(-1.62048474958187,20.3427193369818,26.6));
#12265=CARTESIAN_POINT('Ctrl Pts',(-1.42278064374201,19.9416602968772,26.6));
#12266=CARTESIAN_POINT('Ctrl Pts',(-1.40414167667229,19.4941555710147,26.6));
#12267=CARTESIAN_POINT('Ctrl Pts',(-1.3942726701498,19.2572096586227,26.6));
#12268=CARTESIAN_POINT('',(-1.71350799500942,20.5314246416092,27.));
#12269=CARTESIAN_POINT('Ctrl Pts',(-2.59754739701748,21.3445214033127,27.));
#12270=CARTESIAN_POINT('Ctrl Pts',(-2.59754739701748,21.3445214033127,26.6));
#12271=CARTESIAN_POINT('Ctrl Pts',(-2.42025216932803,21.2374768979556,27.));
#12272=CARTESIAN_POINT('Ctrl Pts',(-2.42025216932803,21.2374768979556,26.6));
#12273=CARTESIAN_POINT('Ctrl Pts',(-2.07037729231267,21.0262349844812,27.));
#12274=CARTESIAN_POINT('Ctrl Pts',(-2.07037729231267,21.0262349844812,26.6));
#12275=CARTESIAN_POINT('Ctrl Pts',(-1.83139074858624,20.6948727335488,27.));
#12276=CARTESIAN_POINT('Ctrl Pts',(-1.83139074858624,20.6948727335488,26.6));
#12277=CARTESIAN_POINT('Ctrl Pts',(-1.71350799500942,20.5314246416092,27.));
#12278=CARTESIAN_POINT('Ctrl Pts',(-1.71350799500942,20.5314246416092,26.6));
#12279=CARTESIAN_POINT('',(-2.59754739701748,21.3445214033127,27.));
#12280=CARTESIAN_POINT('Ctrl Pts',(-2.59754739701748,21.3445214033127,27.));
#12281=CARTESIAN_POINT('Ctrl Pts',(-2.42025216932803,21.2374768979556,27.));
#12282=CARTESIAN_POINT('Ctrl Pts',(-2.07037729231267,21.0262349844812,27.));
#12283=CARTESIAN_POINT('Ctrl Pts',(-1.83139074858624,20.6948727335488,27.));
#12284=CARTESIAN_POINT('Ctrl Pts',(-1.71350799500942,20.5314246416092,27.));
#12285=CARTESIAN_POINT('',(-2.59754739701748,21.3445214033127,26.6));
#12286=CARTESIAN_POINT('Ctrl Pts',(-2.59754739701748,21.3445214033127,26.6));
#12287=CARTESIAN_POINT('Ctrl Pts',(-2.42025216932803,21.2374768979556,26.6));
#12288=CARTESIAN_POINT('Ctrl Pts',(-2.07037729231267,21.0262349844812,26.6));
#12289=CARTESIAN_POINT('Ctrl Pts',(-1.83139074858624,20.6948727335488,26.6));
#12290=CARTESIAN_POINT('Ctrl Pts',(-1.71350799500942,20.5314246416092,26.6));
#12291=CARTESIAN_POINT('',(-2.59754739701748,21.3445214033127,27.));
#12292=CARTESIAN_POINT('Ctrl Pts',(-4.34106670320034,21.9202378988266,27.));
#12293=CARTESIAN_POINT('Ctrl Pts',(-4.34106670320034,21.9202378988266,26.6));
#12294=CARTESIAN_POINT('Ctrl Pts',(-3.99544188368528,21.837269878082,27.));
#12295=CARTESIAN_POINT('Ctrl Pts',(-3.99544188368528,21.837269878082,26.6));
#12296=CARTESIAN_POINT('Ctrl Pts',(-3.39777916968912,21.6937995899162,27.));
#12297=CARTESIAN_POINT('Ctrl Pts',(-3.39777916968912,21.6937995899162,26.6));
#12298=CARTESIAN_POINT('Ctrl Pts',(-2.83491186288797,21.4481241757027,27.));
#12299=CARTESIAN_POINT('Ctrl Pts',(-2.83491186288797,21.4481241757027,26.6));
#12300=CARTESIAN_POINT('Ctrl Pts',(-2.59754739701748,21.3445214033127,27.));
#12301=CARTESIAN_POINT('Ctrl Pts',(-2.59754739701748,21.3445214033127,26.6));
#12302=CARTESIAN_POINT('',(-4.34106670320034,21.9202378988266,27.));
#12303=CARTESIAN_POINT('Ctrl Pts',(-4.34106670320034,21.9202378988266,27.));
#12304=CARTESIAN_POINT('Ctrl Pts',(-3.99544188368528,21.837269878082,27.));
#12305=CARTESIAN_POINT('Ctrl Pts',(-3.39777916968912,21.6937995899162,27.));
#12306=CARTESIAN_POINT('Ctrl Pts',(-2.83491186288797,21.4481241757027,27.));
#12307=CARTESIAN_POINT('Ctrl Pts',(-2.59754739701748,21.3445214033127,27.));
#12308=CARTESIAN_POINT('',(-4.34106670320034,21.9202378988266,26.6));
#12309=CARTESIAN_POINT('Ctrl Pts',(-4.34106670320034,21.9202378988266,26.6));
#12310=CARTESIAN_POINT('Ctrl Pts',(-3.99544188368528,21.837269878082,26.6));
#12311=CARTESIAN_POINT('Ctrl Pts',(-3.39777916968912,21.6937995899162,26.6));
#12312=CARTESIAN_POINT('Ctrl Pts',(-2.83491186288797,21.4481241757027,26.6));
#12313=CARTESIAN_POINT('Ctrl Pts',(-2.59754739701748,21.3445214033127,26.6));
#12314=CARTESIAN_POINT('',(-4.34106670320034,21.9202378988266,27.));
#12315=CARTESIAN_POINT('Ctrl Pts',(-5.82537733018398,22.4550262689591,27.));
#12316=CARTESIAN_POINT('Ctrl Pts',(-5.82537733018398,22.4550262689591,26.6));
#12317=CARTESIAN_POINT('Ctrl Pts',(-5.65318895088568,22.3614359993281,27.));
#12318=CARTESIAN_POINT('Ctrl Pts',(-5.65318895088568,22.3614359993281,26.6));
#12319=CARTESIAN_POINT('Ctrl Pts',(-5.1874764301347,22.1083053260199,27.));
#12320=CARTESIAN_POINT('Ctrl Pts',(-5.1874764301347,22.1083053260199,26.6));
#12321=CARTESIAN_POINT('Ctrl Pts',(-4.66829232438479,21.99294557069,27.));
#12322=CARTESIAN_POINT('Ctrl Pts',(-4.66829232438479,21.99294557069,26.6));
#12323=CARTESIAN_POINT('Ctrl Pts',(-4.34106670320034,21.9202378988266,27.));
#12324=CARTESIAN_POINT('Ctrl Pts',(-4.34106670320034,21.9202378988266,26.6));
#12325=CARTESIAN_POINT('',(-5.82537733018398,22.4550262689591,27.));
#12326=CARTESIAN_POINT('Ctrl Pts',(-5.82537733018398,22.4550262689591,27.));
#12327=CARTESIAN_POINT('Ctrl Pts',(-5.65318895088568,22.3614359993281,27.));
#12328=CARTESIAN_POINT('Ctrl Pts',(-5.1874764301347,22.1083053260199,27.));
#12329=CARTESIAN_POINT('Ctrl Pts',(-4.66829232438479,21.99294557069,27.));
#12330=CARTESIAN_POINT('Ctrl Pts',(-4.34106670320034,21.9202378988266,27.));
#12331=CARTESIAN_POINT('',(-5.82537733018398,22.4550262689591,26.6));
#12332=CARTESIAN_POINT('Ctrl Pts',(-5.82537733018398,22.4550262689591,26.6));
#12333=CARTESIAN_POINT('Ctrl Pts',(-5.65318895088568,22.3614359993281,26.6));
#12334=CARTESIAN_POINT('Ctrl Pts',(-5.1874764301347,22.1083053260199,26.6));
#12335=CARTESIAN_POINT('Ctrl Pts',(-4.66829232438479,21.99294557069,26.6));
#12336=CARTESIAN_POINT('Ctrl Pts',(-4.34106670320034,21.9202378988266,26.6));
#12337=CARTESIAN_POINT('',(-5.82537733018398,22.4550262689591,27.));
#12338=CARTESIAN_POINT('Ctrl Pts',(-6.06548629701138,22.9407004117966,27.));
#12339=CARTESIAN_POINT('Ctrl Pts',(-6.06548629701138,22.9407004117966,26.6));
#12340=CARTESIAN_POINT('Ctrl Pts',(-6.05437328242831,22.8486095521017,27.));
#12341=CARTESIAN_POINT('Ctrl Pts',(-6.05437328242831,22.8486095521017,26.6));
#12342=CARTESIAN_POINT('Ctrl Pts',(-6.0314851827162,22.6589414144856,27.));
#12343=CARTESIAN_POINT('Ctrl Pts',(-6.0314851827162,22.6589414144856,26.6));
#12344=CARTESIAN_POINT('Ctrl Pts',(-5.89539217505339,22.5242962511803,27.));
#12345=CARTESIAN_POINT('Ctrl Pts',(-5.89539217505339,22.5242962511803,26.6));
#12346=CARTESIAN_POINT('Ctrl Pts',(-5.82537733018398,22.4550262689591,27.));
#12347=CARTESIAN_POINT('Ctrl Pts',(-5.82537733018398,22.4550262689591,26.6));
#12348=CARTESIAN_POINT('',(-6.06548629701138,22.9407004117966,27.));
#12349=CARTESIAN_POINT('Ctrl Pts',(-6.06548629701138,22.9407004117966,27.));
#12350=CARTESIAN_POINT('Ctrl Pts',(-6.05437328242831,22.8486095521017,27.));
#12351=CARTESIAN_POINT('Ctrl Pts',(-6.0314851827162,22.6589414144856,27.));
#12352=CARTESIAN_POINT('Ctrl Pts',(-5.89539217505339,22.5242962511803,27.));
#12353=CARTESIAN_POINT('Ctrl Pts',(-5.82537733018398,22.4550262689591,27.));
#12354=CARTESIAN_POINT('',(-6.06548629701138,22.9407004117966,26.6));
#12355=CARTESIAN_POINT('Ctrl Pts',(-6.06548629701138,22.9407004117966,26.6));
#12356=CARTESIAN_POINT('Ctrl Pts',(-6.05437328242831,22.8486095521017,26.6));
#12357=CARTESIAN_POINT('Ctrl Pts',(-6.0314851827162,22.6589414144856,26.6));
#12358=CARTESIAN_POINT('Ctrl Pts',(-5.89539217505339,22.5242962511803,26.6));
#12359=CARTESIAN_POINT('Ctrl Pts',(-5.82537733018398,22.4550262689591,26.6));
#12360=CARTESIAN_POINT('',(-6.06548629701138,22.9407004117966,27.));
#12361=CARTESIAN_POINT('Ctrl Pts',(-5.80900512635708,23.4372905492783,27.));
#12362=CARTESIAN_POINT('Ctrl Pts',(-5.80900512635708,23.4372905492783,26.6));
#12363=CARTESIAN_POINT('Ctrl Pts',(-5.88381155574683,23.3704862441739,27.));
#12364=CARTESIAN_POINT('Ctrl Pts',(-5.88381155574683,23.3704862441739,26.6));
#12365=CARTESIAN_POINT('Ctrl Pts',(-6.03265193474123,23.237567480756,27.));
#12366=CARTESIAN_POINT('Ctrl Pts',(-6.03265193474123,23.237567480756,26.6));
#12367=CARTESIAN_POINT('Ctrl Pts',(-6.05457944409166,23.0393131222006,27.));
#12368=CARTESIAN_POINT('Ctrl Pts',(-6.05457944409166,23.0393131222006,26.6));
#12369=CARTESIAN_POINT('Ctrl Pts',(-6.06548629701138,22.9407004117966,27.));
#12370=CARTESIAN_POINT('Ctrl Pts',(-6.06548629701138,22.9407004117966,26.6));
#12371=CARTESIAN_POINT('',(-5.80900512635708,23.4372905492783,27.));
#12372=CARTESIAN_POINT('Ctrl Pts',(-5.80900512635708,23.4372905492783,27.));
#12373=CARTESIAN_POINT('Ctrl Pts',(-5.88381155574683,23.3704862441739,27.));
#12374=CARTESIAN_POINT('Ctrl Pts',(-6.03265193474123,23.237567480756,27.));
#12375=CARTESIAN_POINT('Ctrl Pts',(-6.05457944409166,23.0393131222006,27.));
#12376=CARTESIAN_POINT('Ctrl Pts',(-6.06548629701138,22.9407004117966,27.));
#12377=CARTESIAN_POINT('',(-5.80900512635708,23.4372905492783,26.6));
#12378=CARTESIAN_POINT('Ctrl Pts',(-5.80900512635708,23.4372905492783,26.6));
#12379=CARTESIAN_POINT('Ctrl Pts',(-5.88381155574683,23.3704862441739,26.6));
#12380=CARTESIAN_POINT('Ctrl Pts',(-6.03265193474123,23.237567480756,26.6));
#12381=CARTESIAN_POINT('Ctrl Pts',(-6.05457944409166,23.0393131222006,26.6));
#12382=CARTESIAN_POINT('Ctrl Pts',(-6.06548629701138,22.9407004117966,26.6));
#12383=CARTESIAN_POINT('',(-5.80900512635708,23.4372905492783,27.));
#12384=CARTESIAN_POINT('Ctrl Pts',(-4.70668636262417,23.7265131473541,27.));
#12385=CARTESIAN_POINT('Ctrl Pts',(-4.70668636262417,23.7265131473541,26.6));
#12386=CARTESIAN_POINT('Ctrl Pts',(-4.92070748507664,23.719770482155,27.));
#12387=CARTESIAN_POINT('Ctrl Pts',(-4.92070748507664,23.719770482155,26.6));
#12388=CARTESIAN_POINT('Ctrl Pts',(-5.31156949787765,23.7074565027629,27.));
#12389=CARTESIAN_POINT('Ctrl Pts',(-5.31156949787765,23.7074565027629,26.6));
#12390=CARTESIAN_POINT('Ctrl Pts',(-5.65405266981095,23.5214479271797,27.));
#12391=CARTESIAN_POINT('Ctrl Pts',(-5.65405266981095,23.5214479271797,26.6));
#12392=CARTESIAN_POINT('Ctrl Pts',(-5.80900512635708,23.4372905492783,27.));
#12393=CARTESIAN_POINT('Ctrl Pts',(-5.80900512635708,23.4372905492783,26.6));
#12394=CARTESIAN_POINT('',(-4.70668636262417,23.7265131473541,27.));
#12395=CARTESIAN_POINT('Ctrl Pts',(-4.70668636262417,23.7265131473541,27.));
#12396=CARTESIAN_POINT('Ctrl Pts',(-4.92070748507664,23.719770482155,27.));
#12397=CARTESIAN_POINT('Ctrl Pts',(-5.31156949787765,23.7074565027629,27.));
#12398=CARTESIAN_POINT('Ctrl Pts',(-5.65405266981095,23.5214479271797,27.));
#12399=CARTESIAN_POINT('Ctrl Pts',(-5.80900512635708,23.4372905492783,27.));
#12400=CARTESIAN_POINT('',(-4.70668636262417,23.7265131473541,26.6));
#12401=CARTESIAN_POINT('Ctrl Pts',(-4.70668636262417,23.7265131473541,26.6));
#12402=CARTESIAN_POINT('Ctrl Pts',(-4.92070748507664,23.719770482155,26.6));
#12403=CARTESIAN_POINT('Ctrl Pts',(-5.31156949787765,23.7074565027629,26.6));
#12404=CARTESIAN_POINT('Ctrl Pts',(-5.65405266981095,23.5214479271797,26.6));
#12405=CARTESIAN_POINT('Ctrl Pts',(-5.80900512635708,23.4372905492783,26.6));
#12406=CARTESIAN_POINT('',(-4.70668636262417,23.7265131473541,27.));
#12407=CARTESIAN_POINT('Ctrl Pts',(-3.68349395692348,23.4563902616501,27.));
#12408=CARTESIAN_POINT('Ctrl Pts',(-3.68349395692348,23.4563902616501,26.6));
#12409=CARTESIAN_POINT('Ctrl Pts',(-3.82247290633678,23.534887196547,27.));
#12410=CARTESIAN_POINT('Ctrl Pts',(-3.82247290633678,23.534887196547,26.6));
#12411=CARTESIAN_POINT('Ctrl Pts',(-4.13831032430989,23.7132758614586,27.));
#12412=CARTESIAN_POINT('Ctrl Pts',(-4.13831032430989,23.7132758614586,26.6));
#12413=CARTESIAN_POINT('Ctrl Pts',(-4.50266169253867,23.7217614817215,27.));
#12414=CARTESIAN_POINT('Ctrl Pts',(-4.50266169253867,23.7217614817215,26.6));
#12415=CARTESIAN_POINT('Ctrl Pts',(-4.70668636262417,23.7265131473541,27.));
#12416=CARTESIAN_POINT('Ctrl Pts',(-4.70668636262417,23.7265131473541,26.6));
#12417=CARTESIAN_POINT('',(-3.68349395692348,23.4563902616501,27.));
#12418=CARTESIAN_POINT('Ctrl Pts',(-3.68349395692348,23.4563902616501,27.));
#12419=CARTESIAN_POINT('Ctrl Pts',(-3.82247290633678,23.534887196547,27.));
#12420=CARTESIAN_POINT('Ctrl Pts',(-4.13831032430989,23.7132758614586,27.));
#12421=CARTESIAN_POINT('Ctrl Pts',(-4.50266169253867,23.7217614817215,27.));
#12422=CARTESIAN_POINT('Ctrl Pts',(-4.70668636262417,23.7265131473541,27.));
#12423=CARTESIAN_POINT('',(-3.68349395692348,23.4563902616501,26.6));
#12424=CARTESIAN_POINT('Ctrl Pts',(-3.68349395692348,23.4563902616501,26.6));
#12425=CARTESIAN_POINT('Ctrl Pts',(-3.82247290633678,23.534887196547,26.6));
#12426=CARTESIAN_POINT('Ctrl Pts',(-4.13831032430989,23.7132758614586,26.6));
#12427=CARTESIAN_POINT('Ctrl Pts',(-4.50266169253867,23.7217614817215,26.6));
#12428=CARTESIAN_POINT('Ctrl Pts',(-4.70668636262417,23.7265131473541,26.6));
#12429=CARTESIAN_POINT('',(-3.68349395692348,23.4563902616501,27.));
#12430=CARTESIAN_POINT('Ctrl Pts',(-3.23874555528164,22.5696233510971,27.));
#12431=CARTESIAN_POINT('Ctrl Pts',(-3.23874555528164,22.5696233510971,26.6));
#12432=CARTESIAN_POINT('Ctrl Pts',(-3.27654473288623,22.7549793249969,27.));
#12433=CARTESIAN_POINT('Ctrl Pts',(-3.27654473288623,22.7549793249969,26.6));
#12434=CARTESIAN_POINT('Ctrl Pts',(-3.34533027834869,23.0922832712043,27.));
#12435=CARTESIAN_POINT('Ctrl Pts',(-3.34533027834869,23.0922832712043,26.6));
#12436=CARTESIAN_POINT('Ctrl Pts',(-3.57846976933629,23.3433088064579,27.));
#12437=CARTESIAN_POINT('Ctrl Pts',(-3.57846976933629,23.3433088064579,26.6));
#12438=CARTESIAN_POINT('Ctrl Pts',(-3.68349395692348,23.4563902616501,27.));
#12439=CARTESIAN_POINT('Ctrl Pts',(-3.68349395692348,23.4563902616501,26.6));
#12440=CARTESIAN_POINT('',(-3.23874555528164,22.5696233510971,27.));
#12441=CARTESIAN_POINT('Ctrl Pts',(-3.23874555528164,22.5696233510971,27.));
#12442=CARTESIAN_POINT('Ctrl Pts',(-3.27654473288623,22.7549793249969,27.));
#12443=CARTESIAN_POINT('Ctrl Pts',(-3.34533027834869,23.0922832712043,27.));
#12444=CARTESIAN_POINT('Ctrl Pts',(-3.57846976933629,23.3433088064579,27.));
#12445=CARTESIAN_POINT('Ctrl Pts',(-3.68349395692348,23.4563902616501,27.));
#12446=CARTESIAN_POINT('',(-3.23874555528164,22.5696233510971,26.6));
#12447=CARTESIAN_POINT('Ctrl Pts',(-3.23874555528164,22.5696233510971,26.6));
#12448=CARTESIAN_POINT('Ctrl Pts',(-3.27654473288623,22.7549793249969,26.6));
#12449=CARTESIAN_POINT('Ctrl Pts',(-3.34533027834869,23.0922832712043,26.6));
#12450=CARTESIAN_POINT('Ctrl Pts',(-3.57846976933629,23.3433088064579,26.6));
#12451=CARTESIAN_POINT('Ctrl Pts',(-3.68349395692348,23.4563902616501,26.6));
#12452=CARTESIAN_POINT('',(-3.23874555528164,22.5696233510971,27.));
#12453=CARTESIAN_POINT('Origin',(-1.62346683442593,22.6405647993088,27.));
#12454=CARTESIAN_POINT('',(-1.62346683442593,22.6405647993088,27.));
#12455=CARTESIAN_POINT('',(-1.62346683442593,22.6405647993088,27.));
#12456=CARTESIAN_POINT('',(-1.62346683442593,22.6405647993088,26.6));
#12457=CARTESIAN_POINT('',(-1.62346683442593,22.6405647993088,26.6));
#12458=CARTESIAN_POINT('',(-1.62346683442593,22.6405647993088,27.));
#12459=CARTESIAN_POINT('Ctrl Pts',(-2.42292009294033,24.4031844139099,27.));
#12460=CARTESIAN_POINT('Ctrl Pts',(-2.42292009294033,24.4031844139099,26.6));
#12461=CARTESIAN_POINT('Ctrl Pts',(-2.199179955174,24.1601704305084,27.));
#12462=CARTESIAN_POINT('Ctrl Pts',(-2.199179955174,24.1601704305084,26.6));
#12463=CARTESIAN_POINT('Ctrl Pts',(-1.73993044690489,23.6613593834883,27.));
#12464=CARTESIAN_POINT('Ctrl Pts',(-1.73993044690489,23.6613593834883,26.6));
#12465=CARTESIAN_POINT('Ctrl Pts',(-1.6629456707524,22.9865937559415,27.));
#12466=CARTESIAN_POINT('Ctrl Pts',(-1.6629456707524,22.9865937559415,26.6));
#12467=CARTESIAN_POINT('Ctrl Pts',(-1.62346683442593,22.6405647993088,27.));
#12468=CARTESIAN_POINT('Ctrl Pts',(-1.62346683442593,22.6405647993088,26.6));
#12469=CARTESIAN_POINT('',(-2.42292009294033,24.4031844139099,27.));
#12470=CARTESIAN_POINT('Ctrl Pts',(-2.42292009294033,24.4031844139099,27.));
#12471=CARTESIAN_POINT('Ctrl Pts',(-2.199179955174,24.1601704305084,27.));
#12472=CARTESIAN_POINT('Ctrl Pts',(-1.73993044690489,23.6613593834883,27.));
#12473=CARTESIAN_POINT('Ctrl Pts',(-1.6629456707524,22.9865937559415,27.));
#12474=CARTESIAN_POINT('Ctrl Pts',(-1.62346683442593,22.6405647993088,27.));
#12475=CARTESIAN_POINT('',(-2.42292009294033,24.4031844139099,26.6));
#12476=CARTESIAN_POINT('Ctrl Pts',(-2.42292009294033,24.4031844139099,26.6));
#12477=CARTESIAN_POINT('Ctrl Pts',(-2.199179955174,24.1601704305084,26.6));
#12478=CARTESIAN_POINT('Ctrl Pts',(-1.73993044690489,23.6613593834883,26.6));
#12479=CARTESIAN_POINT('Ctrl Pts',(-1.6629456707524,22.9865937559415,26.6));
#12480=CARTESIAN_POINT('Ctrl Pts',(-1.62346683442593,22.6405647993088,26.6));
#12481=CARTESIAN_POINT('',(-2.42292009294033,24.4031844139099,27.));
#12482=CARTESIAN_POINT('Ctrl Pts',(-4.69031654298306,25.0634840726852,27.));
#12483=CARTESIAN_POINT('Ctrl Pts',(-4.69031654298306,25.0634840726852,26.6));
#12484=CARTESIAN_POINT('Ctrl Pts',(-4.23731161617906,25.0501416372991,27.));
#12485=CARTESIAN_POINT('Ctrl Pts',(-4.23731161617906,25.0501416372991,26.6));
#12486=CARTESIAN_POINT('Ctrl Pts',(-3.42022281465381,25.0260757742277,27.));
#12487=CARTESIAN_POINT('Ctrl Pts',(-3.42022281465381,25.0260757742277,26.6));
#12488=CARTESIAN_POINT('Ctrl Pts',(-2.73032801600992,24.5951840296778,27.));
#12489=CARTESIAN_POINT('Ctrl Pts',(-2.73032801600992,24.5951840296778,26.6));
#12490=CARTESIAN_POINT('Ctrl Pts',(-2.42292009294033,24.4031844139099,27.));
#12491=CARTESIAN_POINT('Ctrl Pts',(-2.42292009294033,24.4031844139099,26.6));
#12492=CARTESIAN_POINT('',(-4.69031654298306,25.0634840726852,27.));
#12493=CARTESIAN_POINT('Ctrl Pts',(-4.69031654298306,25.0634840726852,27.));
#12494=CARTESIAN_POINT('Ctrl Pts',(-4.23731161617906,25.0501416372991,27.));
#12495=CARTESIAN_POINT('Ctrl Pts',(-3.42022281465381,25.0260757742277,27.));
#12496=CARTESIAN_POINT('Ctrl Pts',(-2.73032801600992,24.5951840296778,27.));
#12497=CARTESIAN_POINT('Ctrl Pts',(-2.42292009294033,24.4031844139099,27.));
#12498=CARTESIAN_POINT('',(-4.69031654298306,25.0634840726852,26.6));
#12499=CARTESIAN_POINT('Ctrl Pts',(-4.69031654298306,25.0634840726852,26.6));
#12500=CARTESIAN_POINT('Ctrl Pts',(-4.23731161617906,25.0501416372991,26.6));
#12501=CARTESIAN_POINT('Ctrl Pts',(-3.42022281465381,25.0260757742277,26.6));
#12502=CARTESIAN_POINT('Ctrl Pts',(-2.73032801600992,24.5951840296778,26.6));
#12503=CARTESIAN_POINT('Ctrl Pts',(-2.42292009294033,24.4031844139099,26.6));
#12504=CARTESIAN_POINT('',(-4.69031654298306,25.0634840726852,27.));
#12505=CARTESIAN_POINT('Ctrl Pts',(-6.26466833055019,24.7851762771607,27.));
#12506=CARTESIAN_POINT('Ctrl Pts',(-6.26466833055019,24.7851762771607,26.6));
#12507=CARTESIAN_POINT('Ctrl Pts',(-6.0268998099777,24.866250734624,27.));
#12508=CARTESIAN_POINT('Ctrl Pts',(-6.0268998099777,24.866250734624,26.6));
#12509=CARTESIAN_POINT('Ctrl Pts',(-5.51701954090878,25.0401100246867,27.));
#12510=CARTESIAN_POINT('Ctrl Pts',(-5.51701954090878,25.0401100246867,26.6));
#12511=CARTESIAN_POINT('Ctrl Pts',(-4.97798648487477,25.0553505458366,27.));
#12512=CARTESIAN_POINT('Ctrl Pts',(-4.97798648487477,25.0553505458366,26.6));
#12513=CARTESIAN_POINT('Ctrl Pts',(-4.69031654298306,25.0634840726852,27.));
#12514=CARTESIAN_POINT('Ctrl Pts',(-4.69031654298306,25.0634840726852,26.6));
#12515=CARTESIAN_POINT('',(-6.26466833055019,24.7851762771607,27.));
#12516=CARTESIAN_POINT('Ctrl Pts',(-6.26466833055019,24.7851762771607,27.));
#12517=CARTESIAN_POINT('Ctrl Pts',(-6.0268998099777,24.866250734624,27.));
#12518=CARTESIAN_POINT('Ctrl Pts',(-5.51701954090878,25.0401100246867,27.));
#12519=CARTESIAN_POINT('Ctrl Pts',(-4.97798648487477,25.0553505458366,27.));
#12520=CARTESIAN_POINT('Ctrl Pts',(-4.69031654298306,25.0634840726852,27.));
#12521=CARTESIAN_POINT('',(-6.26466833055019,24.7851762771607,26.6));
#12522=CARTESIAN_POINT('Ctrl Pts',(-6.26466833055019,24.7851762771607,26.6));
#12523=CARTESIAN_POINT('Ctrl Pts',(-6.0268998099777,24.866250734624,26.6));
#12524=CARTESIAN_POINT('Ctrl Pts',(-5.51701954090878,25.0401100246867,26.6));
#12525=CARTESIAN_POINT('Ctrl Pts',(-4.97798648487477,25.0553505458366,26.6));
#12526=CARTESIAN_POINT('Ctrl Pts',(-4.69031654298306,25.0634840726852,26.6));
#12527=CARTESIAN_POINT('',(-6.26466833055019,24.7851762771607,27.));
#12528=CARTESIAN_POINT('Ctrl Pts',(-7.26330362260342,23.9748076200485,27.));
#12529=CARTESIAN_POINT('Ctrl Pts',(-7.26330362260342,23.9748076200485,26.6));
#12530=CARTESIAN_POINT('Ctrl Pts',(-7.13202695679461,24.1428564910105,27.));
#12531=CARTESIAN_POINT('Ctrl Pts',(-7.13202695679461,24.1428564910105,26.6));
#12532=CARTESIAN_POINT('Ctrl Pts',(-6.86151653216658,24.4891402053487,27.));
#12533=CARTESIAN_POINT('Ctrl Pts',(-6.86151653216658,24.4891402053487,26.6));
#12534=CARTESIAN_POINT('Ctrl Pts',(-6.46748126094105,24.6845812798682,27.));
#12535=CARTESIAN_POINT('Ctrl Pts',(-6.46748126094105,24.6845812798682,26.6));
#12536=CARTESIAN_POINT('Ctrl Pts',(-6.26466833055019,24.7851762771607,27.));
#12537=CARTESIAN_POINT('Ctrl Pts',(-6.26466833055019,24.7851762771607,26.6));
#12538=CARTESIAN_POINT('',(-7.26330362260342,23.9748076200485,27.));
#12539=CARTESIAN_POINT('Ctrl Pts',(-7.26330362260342,23.9748076200485,27.));
#12540=CARTESIAN_POINT('Ctrl Pts',(-7.13202695679461,24.1428564910105,27.));
#12541=CARTESIAN_POINT('Ctrl Pts',(-6.86151653216658,24.4891402053487,27.));
#12542=CARTESIAN_POINT('Ctrl Pts',(-6.46748126094105,24.6845812798682,27.));
#12543=CARTESIAN_POINT('Ctrl Pts',(-6.26466833055019,24.7851762771607,27.));
#12544=CARTESIAN_POINT('',(-7.26330362260342,23.9748076200485,26.6));
#12545=CARTESIAN_POINT('Ctrl Pts',(-7.26330362260342,23.9748076200485,26.6));
#12546=CARTESIAN_POINT('Ctrl Pts',(-7.13202695679461,24.1428564910105,26.6));
#12547=CARTESIAN_POINT('Ctrl Pts',(-6.86151653216658,24.4891402053487,26.6));
#12548=CARTESIAN_POINT('Ctrl Pts',(-6.46748126094105,24.6845812798682,26.6));
#12549=CARTESIAN_POINT('Ctrl Pts',(-6.26466833055019,24.7851762771607,26.6));
#12550=CARTESIAN_POINT('',(-7.26330362260342,23.9748076200485,27.));
#12551=CARTESIAN_POINT('Ctrl Pts',(-7.60982356965542,22.8315607309342,27.));
#12552=CARTESIAN_POINT('Ctrl Pts',(-7.60982356965542,22.8315607309342,26.6));
#12553=CARTESIAN_POINT('Ctrl Pts',(-7.59480807409377,23.0328744290065,27.));
#12554=CARTESIAN_POINT('Ctrl Pts',(-7.59480807409377,23.0328744290065,26.6));
#12555=CARTESIAN_POINT('Ctrl Pts',(-7.56446908844648,23.4396311272017,27.));
#12556=CARTESIAN_POINT('Ctrl Pts',(-7.56446908844648,23.4396311272017,26.6));
#12557=CARTESIAN_POINT('Ctrl Pts',(-7.36436923404718,23.7952121962223,27.));
#12558=CARTESIAN_POINT('Ctrl Pts',(-7.36436923404718,23.7952121962223,26.6));
#12559=CARTESIAN_POINT('Ctrl Pts',(-7.26330362260342,23.9748076200485,27.));
#12560=CARTESIAN_POINT('Ctrl Pts',(-7.26330362260342,23.9748076200485,26.6));
#12561=CARTESIAN_POINT('',(-7.60982356965542,22.8315607309342,27.));
#12562=CARTESIAN_POINT('Ctrl Pts',(-7.60982356965542,22.8315607309342,27.));
#12563=CARTESIAN_POINT('Ctrl Pts',(-7.59480807409377,23.0328744290065,27.));
#12564=CARTESIAN_POINT('Ctrl Pts',(-7.56446908844648,23.4396311272017,27.));
#12565=CARTESIAN_POINT('Ctrl Pts',(-7.36436923404718,23.7952121962223,27.));
#12566=CARTESIAN_POINT('Ctrl Pts',(-7.26330362260342,23.9748076200485,27.));
#12567=CARTESIAN_POINT('',(-7.60982356965542,22.8315607309342,26.6));
#12568=CARTESIAN_POINT('Ctrl Pts',(-7.60982356965542,22.8315607309342,26.6));
#12569=CARTESIAN_POINT('Ctrl Pts',(-7.59480807409377,23.0328744290065,26.6));
#12570=CARTESIAN_POINT('Ctrl Pts',(-7.56446908844648,23.4396311272017,26.6));
#12571=CARTESIAN_POINT('Ctrl Pts',(-7.36436923404718,23.7952121962223,26.6));
#12572=CARTESIAN_POINT('Ctrl Pts',(-7.26330362260342,23.9748076200485,26.6));
#12573=CARTESIAN_POINT('',(-7.60982356965542,22.8315607309342,27.));
#12574=CARTESIAN_POINT('Ctrl Pts',(-6.87312684953213,21.2217382192612,27.));
#12575=CARTESIAN_POINT('Ctrl Pts',(-6.87312684953213,21.2217382192612,26.6));
#12576=CARTESIAN_POINT('Ctrl Pts',(-7.08798729423878,21.451993896002,27.));
#12577=CARTESIAN_POINT('Ctrl Pts',(-7.08798729423878,21.451993896002,26.6));
#12578=CARTESIAN_POINT('Ctrl Pts',(-7.5127307034417,21.9071711216694,27.));
#12579=CARTESIAN_POINT('Ctrl Pts',(-7.5127307034417,21.9071711216694,26.6));
#12580=CARTESIAN_POINT('Ctrl Pts',(-7.57771311941744,22.5258475750009,27.));
#12581=CARTESIAN_POINT('Ctrl Pts',(-7.57771311941744,22.5258475750009,26.6));
#12582=CARTESIAN_POINT('Ctrl Pts',(-7.60982356965542,22.8315607309342,27.));
#12583=CARTESIAN_POINT('Ctrl Pts',(-7.60982356965542,22.8315607309342,26.6));
#12584=CARTESIAN_POINT('',(-6.87312684953213,21.2217382192612,27.));
#12585=CARTESIAN_POINT('Ctrl Pts',(-6.87312684953213,21.2217382192612,27.));
#12586=CARTESIAN_POINT('Ctrl Pts',(-7.08798729423878,21.451993896002,27.));
#12587=CARTESIAN_POINT('Ctrl Pts',(-7.5127307034417,21.9071711216694,27.));
#12588=CARTESIAN_POINT('Ctrl Pts',(-7.57771311941744,22.5258475750009,27.));
#12589=CARTESIAN_POINT('Ctrl Pts',(-7.60982356965542,22.8315607309342,27.));
#12590=CARTESIAN_POINT('',(-6.87312684953213,21.2217382192612,26.6));
#12591=CARTESIAN_POINT('Ctrl Pts',(-6.87312684953213,21.2217382192612,26.6));
#12592=CARTESIAN_POINT('Ctrl Pts',(-7.08798729423878,21.451993896002,26.6));
#12593=CARTESIAN_POINT('Ctrl Pts',(-7.5127307034417,21.9071711216694,26.6));
#12594=CARTESIAN_POINT('Ctrl Pts',(-7.57771311941744,22.5258475750009,26.6));
#12595=CARTESIAN_POINT('Ctrl Pts',(-7.60982356965542,22.8315607309342,26.6));
#12596=CARTESIAN_POINT('',(-6.87312684953213,21.2217382192612,27.));
#12597=CARTESIAN_POINT('Ctrl Pts',(-5.05047880113125,20.4304698705673,27.));
#12598=CARTESIAN_POINT('Ctrl Pts',(-5.05047880113125,20.4304698705673,26.6));
#12599=CARTESIAN_POINT('Ctrl Pts',(-5.42947547989005,20.5267408551326,27.));
#12600=CARTESIAN_POINT('Ctrl Pts',(-5.42947547989005,20.5267408551326,26.6));
#12601=CARTESIAN_POINT('Ctrl Pts',(-6.08177974400062,20.6924361692649,27.));
#12602=CARTESIAN_POINT('Ctrl Pts',(-6.08177974400062,20.6924361692649,26.6));
#12603=CARTESIAN_POINT('Ctrl Pts',(-6.63946393055204,21.0654499594574,27.));
#12604=CARTESIAN_POINT('Ctrl Pts',(-6.63946393055204,21.0654499594574,26.6));
#12605=CARTESIAN_POINT('Ctrl Pts',(-6.87312684953213,21.2217382192612,27.));
#12606=CARTESIAN_POINT('Ctrl Pts',(-6.87312684953213,21.2217382192612,26.6));
#12607=CARTESIAN_POINT('',(-5.05047880113125,20.4304698705673,27.));
#12608=CARTESIAN_POINT('Ctrl Pts',(-5.05047880113125,20.4304698705673,27.));
#12609=CARTESIAN_POINT('Ctrl Pts',(-5.42947547989005,20.5267408551326,27.));
#12610=CARTESIAN_POINT('Ctrl Pts',(-6.08177974400062,20.6924361692649,27.));
#12611=CARTESIAN_POINT('Ctrl Pts',(-6.63946393055204,21.0654499594574,27.));
#12612=CARTESIAN_POINT('Ctrl Pts',(-6.87312684953213,21.2217382192612,27.));
#12613=CARTESIAN_POINT('',(-5.05047880113125,20.4304698705673,26.6));
#12614=CARTESIAN_POINT('Ctrl Pts',(-5.05047880113125,20.4304698705673,26.6));
#12615=CARTESIAN_POINT('Ctrl Pts',(-5.42947547989005,20.5267408551326,26.6));
#12616=CARTESIAN_POINT('Ctrl Pts',(-6.08177974400062,20.6924361692649,26.6));
#12617=CARTESIAN_POINT('Ctrl Pts',(-6.63946393055204,21.0654499594574,26.6));
#12618=CARTESIAN_POINT('Ctrl Pts',(-6.87312684953213,21.2217382192612,26.6));
#12619=CARTESIAN_POINT('',(-5.05047880113125,20.4304698705673,27.));
#12620=CARTESIAN_POINT('Ctrl Pts',(-3.75716291368008,20.0812200307846,27.));
#12621=CARTESIAN_POINT('Ctrl Pts',(-3.75716291368008,20.0812200307846,26.6));
#12622=CARTESIAN_POINT('Ctrl Pts',(-3.91197226117644,20.12764513491,27.));
#12623=CARTESIAN_POINT('Ctrl Pts',(-3.91197226117644,20.12764513491,26.6));
#12624=CARTESIAN_POINT('Ctrl Pts',(-4.33980855753211,20.2559471071626,27.));
#12625=CARTESIAN_POINT('Ctrl Pts',(-4.33980855753211,20.2559471071626,26.6));
#12626=CARTESIAN_POINT('Ctrl Pts',(-4.77363145668896,20.36248311577,27.));
#12627=CARTESIAN_POINT('Ctrl Pts',(-4.77363145668896,20.36248311577,26.6));
#12628=CARTESIAN_POINT('Ctrl Pts',(-5.05047880113125,20.4304698705673,27.));
#12629=CARTESIAN_POINT('Ctrl Pts',(-5.05047880113125,20.4304698705673,26.6));
#12630=CARTESIAN_POINT('',(-3.75716291368008,20.0812200307846,27.));
#12631=CARTESIAN_POINT('Ctrl Pts',(-3.75716291368008,20.0812200307846,27.));
#12632=CARTESIAN_POINT('Ctrl Pts',(-3.91197226117644,20.12764513491,27.));
#12633=CARTESIAN_POINT('Ctrl Pts',(-4.33980855753211,20.2559471071626,27.));
#12634=CARTESIAN_POINT('Ctrl Pts',(-4.77363145668896,20.36248311577,27.));
#12635=CARTESIAN_POINT('Ctrl Pts',(-5.05047880113125,20.4304698705673,27.));
#12636=CARTESIAN_POINT('',(-3.75716291368008,20.0812200307846,26.6));
#12637=CARTESIAN_POINT('Ctrl Pts',(-3.75716291368008,20.0812200307846,26.6));
#12638=CARTESIAN_POINT('Ctrl Pts',(-3.91197226117644,20.12764513491,26.6));
#12639=CARTESIAN_POINT('Ctrl Pts',(-4.33980855753211,20.2559471071626,26.6));
#12640=CARTESIAN_POINT('Ctrl Pts',(-4.77363145668896,20.36248311577,26.6));
#12641=CARTESIAN_POINT('Ctrl Pts',(-5.05047880113125,20.4304698705673,26.6));
#12642=CARTESIAN_POINT('',(-3.75716291368008,20.0812200307846,27.));
#12643=CARTESIAN_POINT('Ctrl Pts',(-3.17599140107632,19.7346988916397,27.));
#12644=CARTESIAN_POINT('Ctrl Pts',(-3.17599140107632,19.7346988916397,26.6));
#12645=CARTESIAN_POINT('Ctrl Pts',(-3.24929239032686,19.8013988874143,27.));
#12646=CARTESIAN_POINT('Ctrl Pts',(-3.24929239032686,19.8013988874143,26.6));
#12647=CARTESIAN_POINT('Ctrl Pts',(-3.41892074313331,19.9557516530609,27.));
#12648=CARTESIAN_POINT('Ctrl Pts',(-3.41892074313331,19.9557516530609,26.6));
#12649=CARTESIAN_POINT('Ctrl Pts',(-3.63465388481677,20.0357762320911,27.));
#12650=CARTESIAN_POINT('Ctrl Pts',(-3.63465388481677,20.0357762320911,26.6));
#12651=CARTESIAN_POINT('Ctrl Pts',(-3.75716291368008,20.0812200307846,27.));
#12652=CARTESIAN_POINT('Ctrl Pts',(-3.75716291368008,20.0812200307846,26.6));
#12653=CARTESIAN_POINT('',(-3.17599140107632,19.7346988916397,27.));
#12654=CARTESIAN_POINT('Ctrl Pts',(-3.17599140107632,19.7346988916397,27.));
#12655=CARTESIAN_POINT('Ctrl Pts',(-3.24929239032686,19.8013988874143,27.));
#12656=CARTESIAN_POINT('Ctrl Pts',(-3.41892074313331,19.9557516530609,27.));
#12657=CARTESIAN_POINT('Ctrl Pts',(-3.63465388481677,20.0357762320911,27.));
#12658=CARTESIAN_POINT('Ctrl Pts',(-3.75716291368008,20.0812200307846,27.));
#12659=CARTESIAN_POINT('',(-3.17599140107632,19.7346988916397,26.6));
#12660=CARTESIAN_POINT('Ctrl Pts',(-3.17599140107632,19.7346988916397,26.6));
#12661=CARTESIAN_POINT('Ctrl Pts',(-3.24929239032686,19.8013988874143,26.6));
#12662=CARTESIAN_POINT('Ctrl Pts',(-3.41892074313331,19.9557516530609,26.6));
#12663=CARTESIAN_POINT('Ctrl Pts',(-3.63465388481677,20.0357762320911,26.6));
#12664=CARTESIAN_POINT('Ctrl Pts',(-3.75716291368008,20.0812200307846,26.6));
#12665=CARTESIAN_POINT('',(-3.17599140107632,19.7346988916397,27.));
#12666=CARTESIAN_POINT('Ctrl Pts',(-3.00955139100552,19.2517522573471,27.));
#12667=CARTESIAN_POINT('Ctrl Pts',(-3.00955139100552,19.2517522573471,26.6));
#12668=CARTESIAN_POINT('Ctrl Pts',(-3.01578368302033,19.3419622969133,27.));
#12669=CARTESIAN_POINT('Ctrl Pts',(-3.01578368302033,19.3419622969133,26.6));
#12670=CARTESIAN_POINT('Ctrl Pts',(-3.02795143350941,19.5180858242519,27.));
#12671=CARTESIAN_POINT('Ctrl Pts',(-3.02795143350941,19.5180858242519,26.6));
#12672=CARTESIAN_POINT('Ctrl Pts',(-3.1274538693158,19.6636784516134,27.));
#12673=CARTESIAN_POINT('Ctrl Pts',(-3.1274538693158,19.6636784516134,26.6));
#12674=CARTESIAN_POINT('Ctrl Pts',(-3.17599140107632,19.7346988916397,27.));
#12675=CARTESIAN_POINT('Ctrl Pts',(-3.17599140107632,19.7346988916397,26.6));
#12676=CARTESIAN_POINT('',(-3.00955139100552,19.2517522573471,27.));
#12677=CARTESIAN_POINT('Ctrl Pts',(-3.00955139100552,19.2517522573471,27.));
#12678=CARTESIAN_POINT('Ctrl Pts',(-3.01578368302033,19.3419622969133,27.));
#12679=CARTESIAN_POINT('Ctrl Pts',(-3.02795143350941,19.5180858242519,27.));
#12680=CARTESIAN_POINT('Ctrl Pts',(-3.1274538693158,19.6636784516134,27.));
#12681=CARTESIAN_POINT('Ctrl Pts',(-3.17599140107632,19.7346988916397,27.));
#12682=CARTESIAN_POINT('',(-3.00955139100552,19.2517522573471,26.6));
#12683=CARTESIAN_POINT('Ctrl Pts',(-3.00955139100552,19.2517522573471,26.6));
#12684=CARTESIAN_POINT('Ctrl Pts',(-3.01578368302033,19.3419622969133,26.6));
#12685=CARTESIAN_POINT('Ctrl Pts',(-3.02795143350941,19.5180858242519,26.6));
#12686=CARTESIAN_POINT('Ctrl Pts',(-3.1274538693158,19.6636784516134,26.6));
#12687=CARTESIAN_POINT('Ctrl Pts',(-3.17599140107632,19.7346988916397,26.6));
#12688=CARTESIAN_POINT('',(-3.00955139100552,19.2517522573471,27.));
#12689=CARTESIAN_POINT('Ctrl Pts',(-3.40518556535244,18.4795836210251,27.));
#12690=CARTESIAN_POINT('Ctrl Pts',(-3.40518556535244,18.4795836210251,26.6));
#12691=CARTESIAN_POINT('Ctrl Pts',(-3.28986056913623,18.5907564022575,27.));
#12692=CARTESIAN_POINT('Ctrl Pts',(-3.28986056913623,18.5907564022575,26.6));
#12693=CARTESIAN_POINT('Ctrl Pts',(-3.06897335537614,18.8036906896895,27.));
#12694=CARTESIAN_POINT('Ctrl Pts',(-3.06897335537614,18.8036906896895,26.6));
#12695=CARTESIAN_POINT('Ctrl Pts',(-3.02876635580028,19.1068649696309,27.));
#12696=CARTESIAN_POINT('Ctrl Pts',(-3.02876635580028,19.1068649696309,26.6));
#12697=CARTESIAN_POINT('Ctrl Pts',(-3.00955139100552,19.2517522573471,27.));
#12698=CARTESIAN_POINT('Ctrl Pts',(-3.00955139100552,19.2517522573471,26.6));
#12699=CARTESIAN_POINT('',(-3.40518556535244,18.4795836210251,27.));
#12700=CARTESIAN_POINT('Ctrl Pts',(-3.40518556535244,18.4795836210251,27.));
#12701=CARTESIAN_POINT('Ctrl Pts',(-3.28986056913623,18.5907564022575,27.));
#12702=CARTESIAN_POINT('Ctrl Pts',(-3.06897335537614,18.8036906896895,27.));
#12703=CARTESIAN_POINT('Ctrl Pts',(-3.02876635580028,19.1068649696309,27.));
#12704=CARTESIAN_POINT('Ctrl Pts',(-3.00955139100552,19.2517522573471,27.));
#12705=CARTESIAN_POINT('',(-3.40518556535244,18.4795836210251,26.6));
#12706=CARTESIAN_POINT('Ctrl Pts',(-3.40518556535244,18.4795836210251,26.6));
#12707=CARTESIAN_POINT('Ctrl Pts',(-3.28986056913623,18.5907564022575,26.6));
#12708=CARTESIAN_POINT('Ctrl Pts',(-3.06897335537614,18.8036906896895,26.6));
#12709=CARTESIAN_POINT('Ctrl Pts',(-3.02876635580028,19.1068649696309,26.6));
#12710=CARTESIAN_POINT('Ctrl Pts',(-3.00955139100552,19.2517522573471,26.6));
#12711=CARTESIAN_POINT('',(-3.40518556535244,18.4795836210251,27.));
#12712=CARTESIAN_POINT('Ctrl Pts',(-4.58117567002773,18.1494323015213,27.));
#12713=CARTESIAN_POINT('Ctrl Pts',(-4.58117567002773,18.1494323015213,26.6));
#12714=CARTESIAN_POINT('Ctrl Pts',(-4.34675723763608,18.1558816628442,27.));
#12715=CARTESIAN_POINT('Ctrl Pts',(-4.34675723763608,18.1558816628442,26.6));
#12716=CARTESIAN_POINT('Ctrl Pts',(-3.92503484760359,18.1674841637377,27.));
#12717=CARTESIAN_POINT('Ctrl Pts',(-3.92503484760359,18.1674841637377,26.6));
#12718=CARTESIAN_POINT('Ctrl Pts',(-3.56506342337018,18.3835985068329,27.));
#12719=CARTESIAN_POINT('Ctrl Pts',(-3.56506342337018,18.3835985068329,26.6));
#12720=CARTESIAN_POINT('Ctrl Pts',(-3.40518556535244,18.4795836210251,27.));
#12721=CARTESIAN_POINT('Ctrl Pts',(-3.40518556535244,18.4795836210251,26.6));
#12722=CARTESIAN_POINT('',(-4.58117567002773,18.1494323015213,27.));
#12723=CARTESIAN_POINT('Ctrl Pts',(-4.58117567002773,18.1494323015213,27.));
#12724=CARTESIAN_POINT('Ctrl Pts',(-4.34675723763608,18.1558816628442,27.));
#12725=CARTESIAN_POINT('Ctrl Pts',(-3.92503484760359,18.1674841637377,27.));
#12726=CARTESIAN_POINT('Ctrl Pts',(-3.56506342337018,18.3835985068329,27.));
#12727=CARTESIAN_POINT('Ctrl Pts',(-3.40518556535244,18.4795836210251,27.));
#12728=CARTESIAN_POINT('',(-4.58117567002773,18.1494323015213,26.6));
#12729=CARTESIAN_POINT('Ctrl Pts',(-4.58117567002773,18.1494323015213,26.6));
#12730=CARTESIAN_POINT('Ctrl Pts',(-4.34675723763608,18.1558816628442,26.6));
#12731=CARTESIAN_POINT('Ctrl Pts',(-3.92503484760359,18.1674841637377,26.6));
#12732=CARTESIAN_POINT('Ctrl Pts',(-3.56506342337018,18.3835985068329,26.6));
#12733=CARTESIAN_POINT('Ctrl Pts',(-3.40518556535244,18.4795836210251,26.6));
#12734=CARTESIAN_POINT('',(-4.58117567002773,18.1494323015213,27.));
#12735=CARTESIAN_POINT('Ctrl Pts',(-5.7517059892416,18.5205105543137,27.));
#12736=CARTESIAN_POINT('Ctrl Pts',(-5.7517059892416,18.5205105543137,26.6));
#12737=CARTESIAN_POINT('Ctrl Pts',(-5.5869285247609,18.4124190069576,27.));
#12738=CARTESIAN_POINT('Ctrl Pts',(-5.5869285247609,18.4124190069576,26.6));
#12739=CARTESIAN_POINT('Ctrl Pts',(-5.23272191449079,18.1800647787353,27.));
#12740=CARTESIAN_POINT('Ctrl Pts',(-5.23272191449079,18.1800647787353,26.6));
#12741=CARTESIAN_POINT('Ctrl Pts',(-4.80820607992119,18.1601061468808,27.));
#12742=CARTESIAN_POINT('Ctrl Pts',(-4.80820607992119,18.1601061468808,26.6));
#12743=CARTESIAN_POINT('Ctrl Pts',(-4.58117567002773,18.1494323015213,27.));
#12744=CARTESIAN_POINT('Ctrl Pts',(-4.58117567002773,18.1494323015213,26.6));
#12745=CARTESIAN_POINT('',(-5.7517059892416,18.5205105543137,27.));
#12746=CARTESIAN_POINT('Ctrl Pts',(-5.7517059892416,18.5205105543137,27.));
#12747=CARTESIAN_POINT('Ctrl Pts',(-5.5869285247609,18.4124190069576,27.));
#12748=CARTESIAN_POINT('Ctrl Pts',(-5.23272191449079,18.1800647787353,27.));
#12749=CARTESIAN_POINT('Ctrl Pts',(-4.80820607992119,18.1601061468808,27.));
#12750=CARTESIAN_POINT('Ctrl Pts',(-4.58117567002773,18.1494323015213,27.));
#12751=CARTESIAN_POINT('',(-5.7517059892416,18.5205105543137,26.6));
#12752=CARTESIAN_POINT('Ctrl Pts',(-5.7517059892416,18.5205105543137,26.6));
#12753=CARTESIAN_POINT('Ctrl Pts',(-5.5869285247609,18.4124190069576,26.6));
#12754=CARTESIAN_POINT('Ctrl Pts',(-5.23272191449079,18.1800647787353,26.6));
#12755=CARTESIAN_POINT('Ctrl Pts',(-4.80820607992119,18.1601061468808,26.6));
#12756=CARTESIAN_POINT('Ctrl Pts',(-4.58117567002773,18.1494323015213,26.6));
#12757=CARTESIAN_POINT('',(-5.7517059892416,18.5205105543137,27.));
#12758=CARTESIAN_POINT('Ctrl Pts',(-6.32742248475552,19.6828571557999,27.));
#12759=CARTESIAN_POINT('Ctrl Pts',(-6.32742248475552,19.6828571557999,26.6));
#12760=CARTESIAN_POINT('Ctrl Pts',(-6.27577754976437,19.4438174789019,27.));
#12761=CARTESIAN_POINT('Ctrl Pts',(-6.27577754976437,19.4438174789019,26.6));
#12762=CARTESIAN_POINT('Ctrl Pts',(-6.18122539147115,19.0061808089692,27.));
#12763=CARTESIAN_POINT('Ctrl Pts',(-6.18122539147115,19.0061808089692,26.6));
#12764=CARTESIAN_POINT('Ctrl Pts',(-5.8857782125424,18.6721099709983,27.));
#12765=CARTESIAN_POINT('Ctrl Pts',(-5.8857782125424,18.6721099709983,26.6));
#12766=CARTESIAN_POINT('Ctrl Pts',(-5.7517059892416,18.5205105543137,27.));
#12767=CARTESIAN_POINT('Ctrl Pts',(-5.7517059892416,18.5205105543137,26.6));
#12768=CARTESIAN_POINT('',(-6.32742248475552,19.6828571557999,27.));
#12769=CARTESIAN_POINT('Ctrl Pts',(-6.32742248475552,19.6828571557999,27.));
#12770=CARTESIAN_POINT('Ctrl Pts',(-6.27577754976437,19.4438174789019,27.));
#12771=CARTESIAN_POINT('Ctrl Pts',(-6.18122539147115,19.0061808089692,27.));
#12772=CARTESIAN_POINT('Ctrl Pts',(-5.8857782125424,18.6721099709983,27.));
#12773=CARTESIAN_POINT('Ctrl Pts',(-5.7517059892416,18.5205105543137,27.));
#12774=CARTESIAN_POINT('',(-6.32742248475552,19.6828571557999,26.6));
#12775=CARTESIAN_POINT('Ctrl Pts',(-6.32742248475552,19.6828571557999,26.6));
#12776=CARTESIAN_POINT('Ctrl Pts',(-6.27577754976437,19.4438174789019,26.6));
#12777=CARTESIAN_POINT('Ctrl Pts',(-6.18122539147115,19.0061808089692,26.6));
#12778=CARTESIAN_POINT('Ctrl Pts',(-5.8857782125424,18.6721099709983,26.6));
#12779=CARTESIAN_POINT('Ctrl Pts',(-5.7517059892416,18.5205105543137,26.6));
#12780=CARTESIAN_POINT('',(-6.32742248475552,19.6828571557999,27.));
#12781=CARTESIAN_POINT('Origin',(-7.89904676377773,19.5300606489182,27.));
#12782=CARTESIAN_POINT('',(-7.89904676377773,19.5300606489182,27.));
#12783=CARTESIAN_POINT('',(-7.89904676377773,19.5300606489182,27.));
#12784=CARTESIAN_POINT('',(-7.89904676377773,19.5300606489182,26.6));
#12785=CARTESIAN_POINT('',(-7.89904676377773,19.5300606489182,26.6));
#12786=CARTESIAN_POINT('',(-7.89904676377773,19.5300606489182,27.));
#12787=CARTESIAN_POINT('Ctrl Pts',(-6.92769609391689,17.4864045381546,27.));
#12788=CARTESIAN_POINT('Ctrl Pts',(-6.92769609391689,17.4864045381546,26.6));
#12789=CARTESIAN_POINT('Ctrl Pts',(-7.17271104291734,17.7595791578079,27.));
#12790=CARTESIAN_POINT('Ctrl Pts',(-7.17271104291734,17.7595791578079,26.6));
#12791=CARTESIAN_POINT('Ctrl Pts',(-7.69597394862317,18.3429808883063,27.));
#12792=CARTESIAN_POINT('Ctrl Pts',(-7.69597394862317,18.3429808883063,26.6));
#12793=CARTESIAN_POINT('Ctrl Pts',(-7.82854915915491,19.1179607843662,27.));
#12794=CARTESIAN_POINT('Ctrl Pts',(-7.82854915915491,19.1179607843662,26.6));
#12795=CARTESIAN_POINT('Ctrl Pts',(-7.89904676377773,19.5300606489182,27.));
#12796=CARTESIAN_POINT('Ctrl Pts',(-7.89904676377773,19.5300606489182,26.6));
#12797=CARTESIAN_POINT('Ctrl Pts',(-6.92769609391689,17.4864045381546,27.));
#12798=CARTESIAN_POINT('Ctrl Pts',(-7.17271104291734,17.7595791578079,27.));
#12799=CARTESIAN_POINT('Ctrl Pts',(-7.69597394862317,18.3429808883063,27.));
#12800=CARTESIAN_POINT('Ctrl Pts',(-7.82854915915491,19.1179607843662,27.));
#12801=CARTESIAN_POINT('Ctrl Pts',(-7.89904676377773,19.5300606489182,27.));
#12802=CARTESIAN_POINT('Ctrl Pts',(-6.92769609391689,17.4864045381546,26.6));
#12803=CARTESIAN_POINT('Ctrl Pts',(-7.17271104291734,17.7595791578079,26.6));
#12804=CARTESIAN_POINT('Ctrl Pts',(-7.69597394862317,18.3429808883063,26.6));
#12805=CARTESIAN_POINT('Ctrl Pts',(-7.82854915915491,19.1179607843662,26.6));
#12806=CARTESIAN_POINT('Ctrl Pts',(-7.89904676377773,19.5300606489182,26.6));
#12807=CARTESIAN_POINT('Origin',(-3.72529029846191E-7,20.9243301153183,
27.));
#12808=CARTESIAN_POINT('Origin',(-3.72529029846191E-7,20.9243301153183,
26.6));
#12809=CARTESIAN_POINT('Ctrl Pts',(6.99863351881504,23.5682592391968,27.));
#12810=CARTESIAN_POINT('Ctrl Pts',(6.99863351881504,23.5682592391968,26.6));
#12811=CARTESIAN_POINT('Ctrl Pts',(6.84358745012534,23.5760355782717,27.));
#12812=CARTESIAN_POINT('Ctrl Pts',(6.84358745012534,23.5760355782717,26.6));
#12813=CARTESIAN_POINT('Ctrl Pts',(6.3837367608179,23.599099399974,27.));
#12814=CARTESIAN_POINT('Ctrl Pts',(6.3837367608179,23.599099399974,26.6));
#12815=CARTESIAN_POINT('Ctrl Pts',(5.92323809844788,23.5969615180349,27.));
#12816=CARTESIAN_POINT('Ctrl Pts',(5.92323809844788,23.5969615180349,26.6));
#12817=CARTESIAN_POINT('Ctrl Pts',(5.61800397932529,23.5955444574356,27.));
#12818=CARTESIAN_POINT('Ctrl Pts',(5.61800397932529,23.5955444574356,26.6));
#12819=CARTESIAN_POINT('',(6.99863351881504,23.5682592391968,27.));
#12820=CARTESIAN_POINT('',(5.61800397932529,23.5955444574356,27.));
#12821=CARTESIAN_POINT('Ctrl Pts',(6.99863351881504,23.5682592391968,27.));
#12822=CARTESIAN_POINT('Ctrl Pts',(6.84358745012534,23.5760355782717,27.));
#12823=CARTESIAN_POINT('Ctrl Pts',(6.3837367608179,23.599099399974,27.));
#12824=CARTESIAN_POINT('Ctrl Pts',(5.92323809844788,23.5969615180349,27.));
#12825=CARTESIAN_POINT('Ctrl Pts',(5.61800397932529,23.5955444574356,27.));
#12826=CARTESIAN_POINT('',(5.61800397932529,23.5955444574356,26.6));
#12827=CARTESIAN_POINT('',(5.61800397932529,23.5955444574356,27.));
#12828=CARTESIAN_POINT('',(6.99863351881504,23.5682592391968,26.6));
#12829=CARTESIAN_POINT('Ctrl Pts',(6.99863351881504,23.5682592391968,26.6));
#12830=CARTESIAN_POINT('Ctrl Pts',(6.84358745012534,23.5760355782717,26.6));
#12831=CARTESIAN_POINT('Ctrl Pts',(6.3837367608179,23.599099399974,26.6));
#12832=CARTESIAN_POINT('Ctrl Pts',(5.92323809844788,23.5969615180349,26.6));
#12833=CARTESIAN_POINT('Ctrl Pts',(5.61800397932529,23.5955444574356,26.6));
#12834=CARTESIAN_POINT('',(6.99863351881504,23.5682592391968,27.));
#12835=CARTESIAN_POINT('Ctrl Pts',(7.60709203779697,23.2872227430344,27.));
#12836=CARTESIAN_POINT('Ctrl Pts',(7.60709203779697,23.2872227430344,26.6));
#12837=CARTESIAN_POINT('Ctrl Pts',(7.52614422535102,23.3573624286397,27.));
#12838=CARTESIAN_POINT('Ctrl Pts',(7.52614422535102,23.3573624286397,26.6));
#12839=CARTESIAN_POINT('Ctrl Pts',(7.35110465289684,23.5090307716059,27.));
#12840=CARTESIAN_POINT('Ctrl Pts',(7.35110465289684,23.5090307716059,26.6));
#12841=CARTESIAN_POINT('Ctrl Pts',(7.1218619406209,23.5475522085169,27.));
#12842=CARTESIAN_POINT('Ctrl Pts',(7.1218619406209,23.5475522085169,26.6));
#12843=CARTESIAN_POINT('Ctrl Pts',(6.99863351881504,23.5682592391968,27.));
#12844=CARTESIAN_POINT('Ctrl Pts',(6.99863351881504,23.5682592391968,26.6));
#12845=CARTESIAN_POINT('',(7.60709203779697,23.2872227430344,27.));
#12846=CARTESIAN_POINT('Ctrl Pts',(7.60709203779697,23.2872227430344,27.));
#12847=CARTESIAN_POINT('Ctrl Pts',(7.52614422535102,23.3573624286397,27.));
#12848=CARTESIAN_POINT('Ctrl Pts',(7.35110465289684,23.5090307716059,27.));
#12849=CARTESIAN_POINT('Ctrl Pts',(7.1218619406209,23.5475522085169,27.));
#12850=CARTESIAN_POINT('Ctrl Pts',(6.99863351881504,23.5682592391968,27.));
#12851=CARTESIAN_POINT('',(7.60709203779697,23.2872227430344,26.6));
#12852=CARTESIAN_POINT('Ctrl Pts',(7.60709203779697,23.2872227430344,26.6));
#12853=CARTESIAN_POINT('Ctrl Pts',(7.52614422535102,23.3573624286397,26.6));
#12854=CARTESIAN_POINT('Ctrl Pts',(7.35110465289684,23.5090307716059,26.6));
#12855=CARTESIAN_POINT('Ctrl Pts',(7.1218619406209,23.5475522085169,26.6));
#12856=CARTESIAN_POINT('Ctrl Pts',(6.99863351881504,23.5682592391968,26.6));
#12857=CARTESIAN_POINT('',(7.60709203779697,23.2872227430344,27.));
#12858=CARTESIAN_POINT('Ctrl Pts',(7.81173147261143,22.6842216253281,27.));
#12859=CARTESIAN_POINT('Ctrl Pts',(7.81173147261143,22.6842216253281,26.6));
#12860=CARTESIAN_POINT('Ctrl Pts',(7.80504757438536,22.7999461956296,27.));
#12861=CARTESIAN_POINT('Ctrl Pts',(7.80504757438536,22.7999461956296,26.6));
#12862=CARTESIAN_POINT('Ctrl Pts',(7.79231719154827,23.0203591992044,27.));
#12863=CARTESIAN_POINT('Ctrl Pts',(7.79231719154827,23.0203591992044,26.6));
#12864=CARTESIAN_POINT('Ctrl Pts',(7.66673782508421,23.2012879450459,27.));
#12865=CARTESIAN_POINT('Ctrl Pts',(7.66673782508421,23.2012879450459,26.6));
#12866=CARTESIAN_POINT('Ctrl Pts',(7.60709203779697,23.2872227430344,27.));
#12867=CARTESIAN_POINT('Ctrl Pts',(7.60709203779697,23.2872227430344,26.6));
#12868=CARTESIAN_POINT('',(7.81173147261143,22.6842216253281,27.));
#12869=CARTESIAN_POINT('Ctrl Pts',(7.81173147261143,22.6842216253281,27.));
#12870=CARTESIAN_POINT('Ctrl Pts',(7.80504757438536,22.7999461956296,27.));
#12871=CARTESIAN_POINT('Ctrl Pts',(7.79231719154827,23.0203591992044,27.));
#12872=CARTESIAN_POINT('Ctrl Pts',(7.66673782508421,23.2012879450459,27.));
#12873=CARTESIAN_POINT('Ctrl Pts',(7.60709203779697,23.2872227430344,27.));
#12874=CARTESIAN_POINT('',(7.81173147261143,22.6842216253281,26.6));
#12875=CARTESIAN_POINT('Ctrl Pts',(7.81173147261143,22.6842216253281,26.6));
#12876=CARTESIAN_POINT('Ctrl Pts',(7.80504757438536,22.7999461956296,26.6));
#12877=CARTESIAN_POINT('Ctrl Pts',(7.79231719154827,23.0203591992044,26.6));
#12878=CARTESIAN_POINT('Ctrl Pts',(7.66673782508421,23.2012879450459,26.6));
#12879=CARTESIAN_POINT('Ctrl Pts',(7.60709203779697,23.2872227430344,26.6));
#12880=CARTESIAN_POINT('',(7.81173147261143,22.6842216253281,27.));
#12881=CARTESIAN_POINT('Ctrl Pts',(7.57435239851475,22.0593920946121,27.));
#12882=CARTESIAN_POINT('Ctrl Pts',(7.57435239851475,22.0593920946121,26.6));
#12883=CARTESIAN_POINT('Ctrl Pts',(7.64355610674123,22.1471851230927,27.));
#12884=CARTESIAN_POINT('Ctrl Pts',(7.64355610674123,22.1471851230927,26.6));
#12885=CARTESIAN_POINT('Ctrl Pts',(7.78775665818676,22.3301204519127,27.));
#12886=CARTESIAN_POINT('Ctrl Pts',(7.78775665818676,22.3301204519127,26.6));
#12887=CARTESIAN_POINT('Ctrl Pts',(7.80352865888107,22.5630684052958,27.));
#12888=CARTESIAN_POINT('Ctrl Pts',(7.80352865888107,22.5630684052958,26.6));
#12889=CARTESIAN_POINT('Ctrl Pts',(7.81173147261143,22.6842216253281,27.));
#12890=CARTESIAN_POINT('Ctrl Pts',(7.81173147261143,22.6842216253281,26.6));
#12891=CARTESIAN_POINT('',(7.57435239851475,22.0593920946121,27.));
#12892=CARTESIAN_POINT('Ctrl Pts',(7.57435239851475,22.0593920946121,27.));
#12893=CARTESIAN_POINT('Ctrl Pts',(7.64355610674123,22.1471851230927,27.));
#12894=CARTESIAN_POINT('Ctrl Pts',(7.78775665818676,22.3301204519127,27.));
#12895=CARTESIAN_POINT('Ctrl Pts',(7.80352865888107,22.5630684052958,27.));
#12896=CARTESIAN_POINT('Ctrl Pts',(7.81173147261143,22.6842216253281,27.));
#12897=CARTESIAN_POINT('',(7.57435239851475,22.0593920946121,26.6));
#12898=CARTESIAN_POINT('Ctrl Pts',(7.57435239851475,22.0593920946121,26.6));
#12899=CARTESIAN_POINT('Ctrl Pts',(7.64355610674123,22.1471851230927,26.6));
#12900=CARTESIAN_POINT('Ctrl Pts',(7.78775665818676,22.3301204519127,26.6));
#12901=CARTESIAN_POINT('Ctrl Pts',(7.80352865888107,22.5630684052958,26.6));
#12902=CARTESIAN_POINT('Ctrl Pts',(7.81173147261143,22.6842216253281,26.6));
#12903=CARTESIAN_POINT('',(7.57435239851475,22.0593920946121,27.));
#12904=CARTESIAN_POINT('Ctrl Pts',(6.92223466932774,21.7728976011276,27.));
#12905=CARTESIAN_POINT('Ctrl Pts',(6.92223466932774,21.7728976011276,26.6));
#12906=CARTESIAN_POINT('Ctrl Pts',(7.0504039881147,21.7945400331699,27.));
#12907=CARTESIAN_POINT('Ctrl Pts',(7.0504039881147,21.7945400331699,26.6));
#12908=CARTESIAN_POINT('Ctrl Pts',(7.29244054386441,21.8354098744012,27.));
#12909=CARTESIAN_POINT('Ctrl Pts',(7.29244054386441,21.8354098744012,26.6));
#12910=CARTESIAN_POINT('Ctrl Pts',(7.48415801280329,21.987731614824,27.));
#12911=CARTESIAN_POINT('Ctrl Pts',(7.48415801280329,21.987731614824,26.6));
#12912=CARTESIAN_POINT('Ctrl Pts',(7.57435239851475,22.0593920946121,27.));
#12913=CARTESIAN_POINT('Ctrl Pts',(7.57435239851475,22.0593920946121,26.6));
#12914=CARTESIAN_POINT('',(6.92223466932774,21.7728976011276,27.));
#12915=CARTESIAN_POINT('Ctrl Pts',(6.92223466932774,21.7728976011276,27.));
#12916=CARTESIAN_POINT('Ctrl Pts',(7.0504039881147,21.7945400331699,27.));
#12917=CARTESIAN_POINT('Ctrl Pts',(7.29244054386441,21.8354098744012,27.));
#12918=CARTESIAN_POINT('Ctrl Pts',(7.48415801280329,21.987731614824,27.));
#12919=CARTESIAN_POINT('Ctrl Pts',(7.57435239851475,22.0593920946121,27.));
#12920=CARTESIAN_POINT('',(6.92223466932774,21.7728976011276,26.6));
#12921=CARTESIAN_POINT('Ctrl Pts',(6.92223466932774,21.7728976011276,26.6));
#12922=CARTESIAN_POINT('Ctrl Pts',(7.0504039881147,21.7945400331699,26.6));
#12923=CARTESIAN_POINT('Ctrl Pts',(7.29244054386441,21.8354098744012,26.6));
#12924=CARTESIAN_POINT('Ctrl Pts',(7.48415801280329,21.987731614824,26.6));
#12925=CARTESIAN_POINT('Ctrl Pts',(7.57435239851475,22.0593920946121,26.6));
#12926=CARTESIAN_POINT('',(6.92223466932774,21.7728976011276,27.));
#12927=CARTESIAN_POINT('Ctrl Pts',(5.74897207319736,21.7456129789352,27.));
#12928=CARTESIAN_POINT('Ctrl Pts',(5.74897207319736,21.7456129789352,26.6));
#12929=CARTESIAN_POINT('Ctrl Pts',(6.00419065586595,21.7444604626962,27.));
#12930=CARTESIAN_POINT('Ctrl Pts',(6.00419065586595,21.7444604626962,26.6));
#12931=CARTESIAN_POINT('Ctrl Pts',(6.39559892140344,21.742692941,27.));
#12932=CARTESIAN_POINT('Ctrl Pts',(6.39559892140344,21.742692941,26.6));
#12933=CARTESIAN_POINT('Ctrl Pts',(6.78629336077287,21.7651008250098,27.));
#12934=CARTESIAN_POINT('Ctrl Pts',(6.78629336077287,21.7651008250098,26.6));
#12935=CARTESIAN_POINT('Ctrl Pts',(6.92223466932774,21.7728976011276,27.));
#12936=CARTESIAN_POINT('Ctrl Pts',(6.92223466932774,21.7728976011276,26.6));
#12937=CARTESIAN_POINT('',(5.74897207319736,21.7456129789352,27.));
#12938=CARTESIAN_POINT('Ctrl Pts',(5.74897207319736,21.7456129789352,27.));
#12939=CARTESIAN_POINT('Ctrl Pts',(6.00419065586595,21.7444604626962,27.));
#12940=CARTESIAN_POINT('Ctrl Pts',(6.39559892140344,21.742692941,27.));
#12941=CARTESIAN_POINT('Ctrl Pts',(6.78629336077287,21.7651008250098,27.));
#12942=CARTESIAN_POINT('Ctrl Pts',(6.92223466932774,21.7728976011276,27.));
#12943=CARTESIAN_POINT('',(5.74897207319736,21.7456129789352,26.6));
#12944=CARTESIAN_POINT('Ctrl Pts',(5.74897207319736,21.7456129789352,26.6));
#12945=CARTESIAN_POINT('Ctrl Pts',(6.00419065586595,21.7444604626962,26.6));
#12946=CARTESIAN_POINT('Ctrl Pts',(6.39559892140344,21.742692941,26.6));
#12947=CARTESIAN_POINT('Ctrl Pts',(6.78629336077287,21.7651008250098,26.6));
#12948=CARTESIAN_POINT('Ctrl Pts',(6.92223466932774,21.7728976011276,26.6));
#12949=CARTESIAN_POINT('',(5.74897207319736,21.7456129789352,27.));
#12950=CARTESIAN_POINT('Origin',(4.69030775129795,21.7456129789352,27.));
#12951=CARTESIAN_POINT('',(4.69030775129795,21.7456129789352,27.));
#12952=CARTESIAN_POINT('',(4.69030775129795,21.7456129789352,27.));
#12953=CARTESIAN_POINT('',(4.69030775129795,21.7456129789352,26.6));
#12954=CARTESIAN_POINT('',(4.69030775129795,21.7456129789352,26.6));
#12955=CARTESIAN_POINT('',(4.69030775129795,21.7456129789352,27.));
#12956=CARTESIAN_POINT('Origin',(4.69030775129795,23.5955444574356,27.));
#12957=CARTESIAN_POINT('',(4.69030775129795,23.5955444574356,27.));
#12958=CARTESIAN_POINT('',(4.69030775129795,23.5955444574356,27.));
#12959=CARTESIAN_POINT('',(4.69030775129795,23.5955444574356,26.6));
#12960=CARTESIAN_POINT('',(4.69030775129795,23.5955444574356,26.6));
#12961=CARTESIAN_POINT('',(4.69030775129795,23.5955444574356,27.));
#12962=CARTESIAN_POINT('Origin',(5.61800397932529,23.5955444574356,27.));
#12963=CARTESIAN_POINT('',(5.61800397932529,23.5955444574356,27.));
#12964=CARTESIAN_POINT('',(5.61800397932529,23.5955444574356,26.6));
#12965=CARTESIAN_POINT('Ctrl Pts',(7.42700971662998,20.2995005846024,27.));
#12966=CARTESIAN_POINT('Ctrl Pts',(7.42700971662998,20.2995005846024,26.6));
#12967=CARTESIAN_POINT('Ctrl Pts',(7.25302552024526,20.3324000644308,27.));
#12968=CARTESIAN_POINT('Ctrl Pts',(7.25302552024526,20.3324000644308,26.6));
#12969=CARTESIAN_POINT('Ctrl Pts',(6.78052196921813,20.4217479556125,27.));
#12970=CARTESIAN_POINT('Ctrl Pts',(6.78052196921813,20.4217479556125,26.6));
#12971=CARTESIAN_POINT('Ctrl Pts',(6.29885306912889,20.4170603836043,27.));
#12972=CARTESIAN_POINT('Ctrl Pts',(6.29885306912889,20.4170603836043,26.6));
#12973=CARTESIAN_POINT('Ctrl Pts',(5.99454320967197,20.4140988588333,27.));
#12974=CARTESIAN_POINT('Ctrl Pts',(5.99454320967197,20.4140988588333,26.6));
#12975=CARTESIAN_POINT('',(7.42700971662998,20.2995005846024,27.));
#12976=CARTESIAN_POINT('',(5.99454320967197,20.4140988588333,27.));
#12977=CARTESIAN_POINT('Ctrl Pts',(7.42700971662998,20.2995005846024,27.));
#12978=CARTESIAN_POINT('Ctrl Pts',(7.25302552024526,20.3324000644308,27.));
#12979=CARTESIAN_POINT('Ctrl Pts',(6.78052196921813,20.4217479556125,27.));
#12980=CARTESIAN_POINT('Ctrl Pts',(6.29885306912889,20.4170603836043,27.));
#12981=CARTESIAN_POINT('Ctrl Pts',(5.99454320967197,20.4140988588333,27.));
#12982=CARTESIAN_POINT('',(5.99454320967197,20.4140988588333,26.6));
#12983=CARTESIAN_POINT('',(5.99454320967197,20.4140988588333,27.));
#12984=CARTESIAN_POINT('',(7.42700971662998,20.2995005846024,26.6));
#12985=CARTESIAN_POINT('Ctrl Pts',(7.42700971662998,20.2995005846024,26.6));
#12986=CARTESIAN_POINT('Ctrl Pts',(7.25302552024526,20.3324000644308,26.6));
#12987=CARTESIAN_POINT('Ctrl Pts',(6.78052196921813,20.4217479556125,26.6));
#12988=CARTESIAN_POINT('Ctrl Pts',(6.29885306912889,20.4170603836043,26.6));
#12989=CARTESIAN_POINT('Ctrl Pts',(5.99454320967197,20.4140988588333,26.6));
#12990=CARTESIAN_POINT('',(7.42700971662998,20.2995005846024,27.));
#12991=CARTESIAN_POINT('Ctrl Pts',(7.93178476393223,19.9338797330856,27.));
#12992=CARTESIAN_POINT('Ctrl Pts',(7.93178476393223,19.9338797330856,26.6));
#12993=CARTESIAN_POINT('Ctrl Pts',(7.8652424336957,20.0124938538881,27.));
#12994=CARTESIAN_POINT('Ctrl Pts',(7.8652424336957,20.0124938538881,26.6));
#12995=CARTESIAN_POINT('Ctrl Pts',(7.72720104228912,20.1755780527914,27.));
#12996=CARTESIAN_POINT('Ctrl Pts',(7.72720104228912,20.1755780527914,26.6));
#12997=CARTESIAN_POINT('Ctrl Pts',(7.52944052505907,20.2572159346775,27.));
#12998=CARTESIAN_POINT('Ctrl Pts',(7.52944052505907,20.2572159346775,26.6));
#12999=CARTESIAN_POINT('Ctrl Pts',(7.42700971662998,20.2995005846024,27.));
#13000=CARTESIAN_POINT('Ctrl Pts',(7.42700971662998,20.2995005846024,26.6));
#13001=CARTESIAN_POINT('',(7.93178476393223,19.9338797330856,27.));
#13002=CARTESIAN_POINT('Ctrl Pts',(7.93178476393223,19.9338797330856,27.));
#13003=CARTESIAN_POINT('Ctrl Pts',(7.8652424336957,20.0124938538881,27.));
#13004=CARTESIAN_POINT('Ctrl Pts',(7.72720104228912,20.1755780527914,27.));
#13005=CARTESIAN_POINT('Ctrl Pts',(7.52944052505907,20.2572159346775,27.));
#13006=CARTESIAN_POINT('Ctrl Pts',(7.42700971662998,20.2995005846024,27.));
#13007=CARTESIAN_POINT('',(7.93178476393223,19.9338797330856,26.6));
#13008=CARTESIAN_POINT('Ctrl Pts',(7.93178476393223,19.9338797330856,26.6));
#13009=CARTESIAN_POINT('Ctrl Pts',(7.8652424336957,20.0124938538881,26.6));
#13010=CARTESIAN_POINT('Ctrl Pts',(7.72720104228912,20.1755780527914,26.6));
#13011=CARTESIAN_POINT('Ctrl Pts',(7.52944052505907,20.2572159346775,26.6));
#13012=CARTESIAN_POINT('Ctrl Pts',(7.42700971662998,20.2995005846024,26.6));
#13013=CARTESIAN_POINT('',(7.93178476393223,19.9338797330856,27.));
#13014=CARTESIAN_POINT('Ctrl Pts',(8.10640729963779,19.3226937055588,27.));
#13015=CARTESIAN_POINT('Ctrl Pts',(8.10640729963779,19.3226937055588,26.6));
#13016=CARTESIAN_POINT('Ctrl Pts',(8.10049268743528,19.436184834787,27.));
#13017=CARTESIAN_POINT('Ctrl Pts',(8.10049268743528,19.436184834787,26.6));
#13018=CARTESIAN_POINT('Ctrl Pts',(8.08915931207771,19.6536526117526,27.));
#13019=CARTESIAN_POINT('Ctrl Pts',(8.08915931207771,19.6536526117526,26.6));
#13020=CARTESIAN_POINT('Ctrl Pts',(7.98269022906972,19.8432355207673,27.));
#13021=CARTESIAN_POINT('Ctrl Pts',(7.98269022906972,19.8432355207673,26.6));
#13022=CARTESIAN_POINT('Ctrl Pts',(7.93178476393223,19.9338797330856,27.));
#13023=CARTESIAN_POINT('Ctrl Pts',(7.93178476393223,19.9338797330856,26.6));
#13024=CARTESIAN_POINT('',(8.10640729963779,19.3226937055588,27.));
#13025=CARTESIAN_POINT('Ctrl Pts',(8.10640729963779,19.3226937055588,27.));
#13026=CARTESIAN_POINT('Ctrl Pts',(8.10049268743528,19.436184834787,27.));
#13027=CARTESIAN_POINT('Ctrl Pts',(8.08915931207771,19.6536526117526,27.));
#13028=CARTESIAN_POINT('Ctrl Pts',(7.98269022906972,19.8432355207673,27.));
#13029=CARTESIAN_POINT('Ctrl Pts',(7.93178476393223,19.9338797330856,27.));
#13030=CARTESIAN_POINT('',(8.10640729963779,19.3226937055588,26.6));
#13031=CARTESIAN_POINT('Ctrl Pts',(8.10640729963779,19.3226937055588,26.6));
#13032=CARTESIAN_POINT('Ctrl Pts',(8.10049268743528,19.436184834787,26.6));
#13033=CARTESIAN_POINT('Ctrl Pts',(8.08915931207771,19.6536526117526,26.6));
#13034=CARTESIAN_POINT('Ctrl Pts',(7.98269022906972,19.8432355207673,26.6));
#13035=CARTESIAN_POINT('Ctrl Pts',(7.93178476393223,19.9338797330856,26.6));
#13036=CARTESIAN_POINT('',(8.10640729963779,19.3226937055588,27.));
#13037=CARTESIAN_POINT('Ctrl Pts',(7.87994302809238,18.6432937383652,27.));
#13038=CARTESIAN_POINT('Ctrl Pts',(7.87994302809238,18.6432937383652,26.6));
#13039=CARTESIAN_POINT('Ctrl Pts',(7.9459280807685,18.7389580497313,27.));
#13040=CARTESIAN_POINT('Ctrl Pts',(7.9459280807685,18.7389580497313,26.6));
#13041=CARTESIAN_POINT('Ctrl Pts',(8.08657131082381,18.9428608611391,27.));
#13042=CARTESIAN_POINT('Ctrl Pts',(8.08657131082381,18.9428608611391,26.6));
#13043=CARTESIAN_POINT('Ctrl Pts',(8.09952894807933,19.190982407379,27.));
#13044=CARTESIAN_POINT('Ctrl Pts',(8.09952894807933,19.190982407379,26.6));
#13045=CARTESIAN_POINT('Ctrl Pts',(8.10640729963779,19.3226937055588,27.));
#13046=CARTESIAN_POINT('Ctrl Pts',(8.10640729963779,19.3226937055588,26.6));
#13047=CARTESIAN_POINT('',(7.87994302809238,18.6432937383652,27.));
#13048=CARTESIAN_POINT('Ctrl Pts',(7.87994302809238,18.6432937383652,27.));
#13049=CARTESIAN_POINT('Ctrl Pts',(7.9459280807685,18.7389580497313,27.));
#13050=CARTESIAN_POINT('Ctrl Pts',(8.08657131082381,18.9428608611391,27.));
#13051=CARTESIAN_POINT('Ctrl Pts',(8.09952894807933,19.190982407379,27.));
#13052=CARTESIAN_POINT('Ctrl Pts',(8.10640729963779,19.3226937055588,27.));
#13053=CARTESIAN_POINT('',(7.87994302809238,18.6432937383652,26.6));
#13054=CARTESIAN_POINT('Ctrl Pts',(7.87994302809238,18.6432937383652,26.6));
#13055=CARTESIAN_POINT('Ctrl Pts',(7.9459280807685,18.7389580497313,26.6));
#13056=CARTESIAN_POINT('Ctrl Pts',(8.08657131082381,18.9428608611391,26.6));
#13057=CARTESIAN_POINT('Ctrl Pts',(8.09952894807933,19.190982407379,26.6));
#13058=CARTESIAN_POINT('Ctrl Pts',(8.10640729963779,19.3226937055588,26.6));
#13059=CARTESIAN_POINT('',(7.87994302809238,18.6432937383652,27.));
#13060=CARTESIAN_POINT('Ctrl Pts',(7.29331411421299,18.3240572214127,27.));
#13061=CARTESIAN_POINT('Ctrl Pts',(7.29331411421299,18.3240572214127,26.6));
#13062=CARTESIAN_POINT('Ctrl Pts',(7.40700909068982,18.3528578976029,27.));
#13063=CARTESIAN_POINT('Ctrl Pts',(7.40700909068982,18.3528578976029,26.6));
#13064=CARTESIAN_POINT('Ctrl Pts',(7.62994988016605,18.409332208837,27.));
#13065=CARTESIAN_POINT('Ctrl Pts',(7.62994988016605,18.409332208837,26.6));
#13066=CARTESIAN_POINT('Ctrl Pts',(7.79772807876585,18.5663510883203,27.));
#13067=CARTESIAN_POINT('Ctrl Pts',(7.79772807876585,18.5663510883203,26.6));
#13068=CARTESIAN_POINT('Ctrl Pts',(7.87994302809238,18.6432937383652,27.));
#13069=CARTESIAN_POINT('Ctrl Pts',(7.87994302809238,18.6432937383652,26.6));
#13070=CARTESIAN_POINT('',(7.29331411421299,18.3240572214127,27.));
#13071=CARTESIAN_POINT('Ctrl Pts',(7.29331411421299,18.3240572214127,27.));
#13072=CARTESIAN_POINT('Ctrl Pts',(7.40700909068982,18.3528578976029,27.));
#13073=CARTESIAN_POINT('Ctrl Pts',(7.62994988016605,18.409332208837,27.));
#13074=CARTESIAN_POINT('Ctrl Pts',(7.79772807876585,18.5663510883203,27.));
#13075=CARTESIAN_POINT('Ctrl Pts',(7.87994302809238,18.6432937383652,27.));
#13076=CARTESIAN_POINT('',(7.29331411421299,18.3240572214127,26.6));
#13077=CARTESIAN_POINT('Ctrl Pts',(7.29331411421299,18.3240572214127,26.6));
#13078=CARTESIAN_POINT('Ctrl Pts',(7.40700909068982,18.3528578976029,26.6));
#13079=CARTESIAN_POINT('Ctrl Pts',(7.62994988016605,18.409332208837,26.6));
#13080=CARTESIAN_POINT('Ctrl Pts',(7.79772807876585,18.5663510883203,26.6));
#13081=CARTESIAN_POINT('Ctrl Pts',(7.87994302809238,18.6432937383652,26.6));
#13082=CARTESIAN_POINT('',(7.29331411421299,18.3240572214127,27.));
#13083=CARTESIAN_POINT('Ctrl Pts',(6.18553556501865,18.2749441862106,27.));
#13084=CARTESIAN_POINT('Ctrl Pts',(6.18553556501865,18.2749441862106,26.6));
#13085=CARTESIAN_POINT('Ctrl Pts',(6.42369272588867,18.2732379539279,27.));
#13086=CARTESIAN_POINT('Ctrl Pts',(6.42369272588867,18.2732379539279,26.6));
#13087=CARTESIAN_POINT('Ctrl Pts',(6.79400306961195,18.2705849349684,27.));
#13088=CARTESIAN_POINT('Ctrl Pts',(6.79400306961195,18.2705849349684,26.6));
#13089=CARTESIAN_POINT('Ctrl Pts',(7.16199006721718,18.3099934486724,27.));
#13090=CARTESIAN_POINT('Ctrl Pts',(7.16199006721718,18.3099934486724,26.6));
#13091=CARTESIAN_POINT('Ctrl Pts',(7.29331411421299,18.3240572214127,27.));
#13092=CARTESIAN_POINT('Ctrl Pts',(7.29331411421299,18.3240572214127,26.6));
#13093=CARTESIAN_POINT('',(6.18553556501865,18.2749441862106,27.));
#13094=CARTESIAN_POINT('Ctrl Pts',(6.18553556501865,18.2749441862106,27.));
#13095=CARTESIAN_POINT('Ctrl Pts',(6.42369272588867,18.2732379539279,27.));
#13096=CARTESIAN_POINT('Ctrl Pts',(6.79400306961195,18.2705849349684,27.));
#13097=CARTESIAN_POINT('Ctrl Pts',(7.16199006721718,18.3099934486724,27.));
#13098=CARTESIAN_POINT('Ctrl Pts',(7.29331411421299,18.3240572214127,27.));
#13099=CARTESIAN_POINT('',(6.18553556501865,18.2749441862106,26.6));
#13100=CARTESIAN_POINT('Ctrl Pts',(6.18553556501865,18.2749441862106,26.6));
#13101=CARTESIAN_POINT('Ctrl Pts',(6.42369272588867,18.2732379539279,26.6));
#13102=CARTESIAN_POINT('Ctrl Pts',(6.79400306961195,18.2705849349684,26.6));
#13103=CARTESIAN_POINT('Ctrl Pts',(7.16199006721718,18.3099934486724,26.6));
#13104=CARTESIAN_POINT('Ctrl Pts',(7.29331411421299,18.3240572214127,26.6));
#13105=CARTESIAN_POINT('',(6.18553556501865,18.2749441862106,27.));
#13106=CARTESIAN_POINT('Origin',(4.69030775129795,18.2749441862106,27.));
#13107=CARTESIAN_POINT('',(4.69030775129795,18.2749441862106,27.));
#13108=CARTESIAN_POINT('',(4.69030775129795,18.2749441862106,27.));
#13109=CARTESIAN_POINT('',(4.69030775129795,18.2749441862106,26.6));
#13110=CARTESIAN_POINT('',(4.69030775129795,18.2749441862106,26.6));
#13111=CARTESIAN_POINT('',(4.69030775129795,18.2749441862106,27.));
#13112=CARTESIAN_POINT('Origin',(4.69030775129795,20.4140988588333,27.));
#13113=CARTESIAN_POINT('',(4.69030775129795,20.4140988588333,27.));
#13114=CARTESIAN_POINT('',(4.69030775129795,20.4140988588333,27.));
#13115=CARTESIAN_POINT('',(4.69030775129795,20.4140988588333,26.6));
#13116=CARTESIAN_POINT('',(4.69030775129795,20.4140988588333,26.6));
#13117=CARTESIAN_POINT('',(4.69030775129795,20.4140988588333,27.));
#13118=CARTESIAN_POINT('Origin',(5.99454320967197,20.4140988588333,27.));
#13119=CARTESIAN_POINT('',(5.99454320967197,20.4140988588333,27.));
#13120=CARTESIAN_POINT('',(5.99454320967197,20.4140988588333,26.6));
#13121=CARTESIAN_POINT('Origin',(5.79808630049229,16.9270590543747,27.));
#13122=CARTESIAN_POINT('',(5.79808630049229,16.9270590543747,27.));
#13123=CARTESIAN_POINT('',(3.07503141462803,16.9270590543747,27.));
#13124=CARTESIAN_POINT('',(5.79808630049229,16.9270590543747,27.));
#13125=CARTESIAN_POINT('',(3.07503141462803,16.9270590543747,26.6));
#13126=CARTESIAN_POINT('',(3.07503141462803,16.9270590543747,27.));
#13127=CARTESIAN_POINT('',(5.79808630049229,16.9270590543747,26.6));
#13128=CARTESIAN_POINT('',(5.79808630049229,16.9270590543747,26.6));
#13129=CARTESIAN_POINT('',(5.79808630049229,16.9270590543747,27.));
#13130=CARTESIAN_POINT('Ctrl Pts',(7.74624265730381,16.9816294908524,27.));
#13131=CARTESIAN_POINT('Ctrl Pts',(7.74624265730381,16.9816294908524,26.6));
#13132=CARTESIAN_POINT('Ctrl Pts',(7.51664384820897,16.9683307858555,27.));
#13133=CARTESIAN_POINT('Ctrl Pts',(7.51664384820897,16.9683307858555,26.6));
#13134=CARTESIAN_POINT('Ctrl Pts',(6.8679042508268,16.9307548221153,27.));
#13135=CARTESIAN_POINT('Ctrl Pts',(6.8679042508268,16.9307548221153,26.6));
#13136=CARTESIAN_POINT('Ctrl Pts',(6.21798757880447,16.9285096353807,27.));
#13137=CARTESIAN_POINT('Ctrl Pts',(6.21798757880447,16.9285096353807,26.6));
#13138=CARTESIAN_POINT('Ctrl Pts',(5.79808630049229,16.9270590543747,27.));
#13139=CARTESIAN_POINT('Ctrl Pts',(5.79808630049229,16.9270590543747,26.6));
#13140=CARTESIAN_POINT('',(7.74624265730381,16.9816294908524,27.));
#13141=CARTESIAN_POINT('Ctrl Pts',(7.74624265730381,16.9816294908524,27.));
#13142=CARTESIAN_POINT('Ctrl Pts',(7.51664384820897,16.9683307858555,27.));
#13143=CARTESIAN_POINT('Ctrl Pts',(6.8679042508268,16.9307548221153,27.));
#13144=CARTESIAN_POINT('Ctrl Pts',(6.21798757880447,16.9285096353807,27.));
#13145=CARTESIAN_POINT('Ctrl Pts',(5.79808630049229,16.9270590543747,27.));
#13146=CARTESIAN_POINT('',(7.74624265730381,16.9816294908524,26.6));
#13147=CARTESIAN_POINT('Ctrl Pts',(7.74624265730381,16.9816294908524,26.6));
#13148=CARTESIAN_POINT('Ctrl Pts',(7.51664384820897,16.9683307858555,26.6));
#13149=CARTESIAN_POINT('Ctrl Pts',(6.8679042508268,16.9307548221153,26.6));
#13150=CARTESIAN_POINT('Ctrl Pts',(6.21798757880447,16.9285096353807,26.6));
#13151=CARTESIAN_POINT('Ctrl Pts',(5.79808630049229,16.9270590543747,26.6));
#13152=CARTESIAN_POINT('',(7.74624265730381,16.9816294908524,27.));
#13153=CARTESIAN_POINT('Ctrl Pts',(8.82946409285069,17.3608926534653,27.));
#13154=CARTESIAN_POINT('Ctrl Pts',(8.82946409285069,17.3608926534653,26.6));
#13155=CARTESIAN_POINT('Ctrl Pts',(8.66968513663509,17.2675281344396,27.));
#13156=CARTESIAN_POINT('Ctrl Pts',(8.66968513663509,17.2675281344396,26.6));
#13157=CARTESIAN_POINT('Ctrl Pts',(8.33360085627165,17.0711421526343,27.));
#13158=CARTESIAN_POINT('Ctrl Pts',(8.33360085627165,17.0711421526343,26.6));
#13159=CARTESIAN_POINT('Ctrl Pts',(7.94834351327003,17.0124294108973,27.));
#13160=CARTESIAN_POINT('Ctrl Pts',(7.94834351327003,17.0124294108973,26.6));
#13161=CARTESIAN_POINT('Ctrl Pts',(7.74624265730381,16.9816294908524,27.));
#13162=CARTESIAN_POINT('Ctrl Pts',(7.74624265730381,16.9816294908524,26.6));
#13163=CARTESIAN_POINT('',(8.82946409285069,17.3608926534653,27.));
#13164=CARTESIAN_POINT('Ctrl Pts',(8.82946409285069,17.3608926534653,27.));
#13165=CARTESIAN_POINT('Ctrl Pts',(8.66968513663509,17.2675281344396,27.));
#13166=CARTESIAN_POINT('Ctrl Pts',(8.33360085627165,17.0711421526343,27.));
#13167=CARTESIAN_POINT('Ctrl Pts',(7.94834351327003,17.0124294108973,27.));
#13168=CARTESIAN_POINT('Ctrl Pts',(7.74624265730381,16.9816294908524,27.));
#13169=CARTESIAN_POINT('',(8.82946409285069,17.3608926534653,26.6));
#13170=CARTESIAN_POINT('Ctrl Pts',(8.82946409285069,17.3608926534653,26.6));
#13171=CARTESIAN_POINT('Ctrl Pts',(8.66968513663509,17.2675281344396,26.6));
#13172=CARTESIAN_POINT('Ctrl Pts',(8.33360085627165,17.0711421526343,26.6));
#13173=CARTESIAN_POINT('Ctrl Pts',(7.94834351327003,17.0124294108973,26.6));
#13174=CARTESIAN_POINT('Ctrl Pts',(7.74624265730381,16.9816294908524,26.6));
#13175=CARTESIAN_POINT('',(8.82946409285069,17.3608926534653,27.));
#13176=CARTESIAN_POINT('Ctrl Pts',(9.52250875532627,18.1849030256271,27.));
#13177=CARTESIAN_POINT('Ctrl Pts',(9.52250875532627,18.1849030256271,26.6));
#13178=CARTESIAN_POINT('Ctrl Pts',(9.43154935911272,18.0226082089789,27.));
#13179=CARTESIAN_POINT('Ctrl Pts',(9.43154935911272,18.0226082089789,26.6));
#13180=CARTESIAN_POINT('Ctrl Pts',(9.25283821378711,17.7037418381477,27.));
#13181=CARTESIAN_POINT('Ctrl Pts',(9.25283821378711,17.7037418381477,26.6));
#13182=CARTESIAN_POINT('Ctrl Pts',(8.96888995820187,17.4737999897795,27.));
#13183=CARTESIAN_POINT('Ctrl Pts',(8.96888995820187,17.4737999897795,26.6));
#13184=CARTESIAN_POINT('Ctrl Pts',(8.82946409285069,17.3608926534653,27.));
#13185=CARTESIAN_POINT('Ctrl Pts',(8.82946409285069,17.3608926534653,26.6));
#13186=CARTESIAN_POINT('',(9.52250875532627,18.1849030256271,27.));
#13187=CARTESIAN_POINT('Ctrl Pts',(9.52250875532627,18.1849030256271,27.));
#13188=CARTESIAN_POINT('Ctrl Pts',(9.43154935911272,18.0226082089789,27.));
#13189=CARTESIAN_POINT('Ctrl Pts',(9.25283821378711,17.7037418381477,27.));
#13190=CARTESIAN_POINT('Ctrl Pts',(8.96888995820187,17.4737999897795,27.));
#13191=CARTESIAN_POINT('Ctrl Pts',(8.82946409285069,17.3608926534653,27.));
#13192=CARTESIAN_POINT('',(9.52250875532627,18.1849030256271,26.6));
#13193=CARTESIAN_POINT('Ctrl Pts',(9.52250875532627,18.1849030256271,26.6));
#13194=CARTESIAN_POINT('Ctrl Pts',(9.43154935911272,18.0226082089789,26.6));
#13195=CARTESIAN_POINT('Ctrl Pts',(9.25283821378711,17.7037418381477,26.6));
#13196=CARTESIAN_POINT('Ctrl Pts',(8.96888995820187,17.4737999897795,26.6));
#13197=CARTESIAN_POINT('Ctrl Pts',(8.82946409285069,17.3608926534653,26.6));
#13198=CARTESIAN_POINT('',(9.52250875532627,18.1849030256271,27.));
#13199=CARTESIAN_POINT('Ctrl Pts',(9.77625764906406,19.2462948560715,27.));
#13200=CARTESIAN_POINT('Ctrl Pts',(9.77625764906406,19.2462948560715,26.6));
#13201=CARTESIAN_POINT('Ctrl Pts',(9.7651279104939,19.0645175367223,27.));
#13202=CARTESIAN_POINT('Ctrl Pts',(9.7651279104939,19.0645175367223,26.6));
#13203=CARTESIAN_POINT('Ctrl Pts',(9.74256431779786,18.6959959070976,27.));
#13204=CARTESIAN_POINT('Ctrl Pts',(9.74256431779786,18.6959959070976,26.6));
#13205=CARTESIAN_POINT('Ctrl Pts',(9.59651675992933,18.3567912701215,27.));
#13206=CARTESIAN_POINT('Ctrl Pts',(9.59651675992933,18.3567912701215,26.6));
#13207=CARTESIAN_POINT('Ctrl Pts',(9.52250875532627,18.1849030256271,27.));
#13208=CARTESIAN_POINT('Ctrl Pts',(9.52250875532627,18.1849030256271,26.6));
#13209=CARTESIAN_POINT('',(9.77625764906406,19.2462948560715,27.));
#13210=CARTESIAN_POINT('Ctrl Pts',(9.77625764906406,19.2462948560715,27.));
#13211=CARTESIAN_POINT('Ctrl Pts',(9.7651279104939,19.0645175367223,27.));
#13212=CARTESIAN_POINT('Ctrl Pts',(9.74256431779786,18.6959959070976,27.));
#13213=CARTESIAN_POINT('Ctrl Pts',(9.59651675992933,18.3567912701215,27.));
#13214=CARTESIAN_POINT('Ctrl Pts',(9.52250875532627,18.1849030256271,27.));
#13215=CARTESIAN_POINT('',(9.77625764906406,19.2462948560715,26.6));
#13216=CARTESIAN_POINT('Ctrl Pts',(9.77625764906406,19.2462948560715,26.6));
#13217=CARTESIAN_POINT('Ctrl Pts',(9.7651279104939,19.0645175367223,26.6));
#13218=CARTESIAN_POINT('Ctrl Pts',(9.74256431779786,18.6959959070976,26.6));
#13219=CARTESIAN_POINT('Ctrl Pts',(9.59651675992933,18.3567912701215,26.6));
#13220=CARTESIAN_POINT('Ctrl Pts',(9.52250875532627,18.1849030256271,26.6));
#13221=CARTESIAN_POINT('',(9.77625764906406,19.2462948560715,27.));
#13222=CARTESIAN_POINT('Ctrl Pts',(9.38335336744785,20.4522970914841,27.));
#13223=CARTESIAN_POINT('Ctrl Pts',(9.38335336744785,20.4522970914841,26.6));
#13224=CARTESIAN_POINT('Ctrl Pts',(9.49793770102325,20.2716914091304,27.));
#13225=CARTESIAN_POINT('Ctrl Pts',(9.49793770102325,20.2716914091304,26.6));
#13226=CARTESIAN_POINT('Ctrl Pts',(9.73153934825567,19.9034928641731,27.));
#13227=CARTESIAN_POINT('Ctrl Pts',(9.73153934825567,19.9034928641731,26.6));
#13228=CARTESIAN_POINT('Ctrl Pts',(9.76116415545244,19.4681148661688,27.));
#13229=CARTESIAN_POINT('Ctrl Pts',(9.76116415545244,19.4681148661688,26.6));
#13230=CARTESIAN_POINT('Ctrl Pts',(9.77625764906406,19.2462948560715,27.));
#13231=CARTESIAN_POINT('Ctrl Pts',(9.77625764906406,19.2462948560715,26.6));
#13232=CARTESIAN_POINT('',(9.38335336744785,20.4522970914841,27.));
#13233=CARTESIAN_POINT('Ctrl Pts',(9.38335336744785,20.4522970914841,27.));
#13234=CARTESIAN_POINT('Ctrl Pts',(9.49793770102325,20.2716914091304,27.));
#13235=CARTESIAN_POINT('Ctrl Pts',(9.73153934825567,19.9034928641731,27.));
#13236=CARTESIAN_POINT('Ctrl Pts',(9.76116415545244,19.4681148661688,27.));
#13237=CARTESIAN_POINT('Ctrl Pts',(9.77625764906406,19.2462948560715,27.));
#13238=CARTESIAN_POINT('',(9.38335336744785,20.4522970914841,26.6));
#13239=CARTESIAN_POINT('Ctrl Pts',(9.38335336744785,20.4522970914841,26.6));
#13240=CARTESIAN_POINT('Ctrl Pts',(9.49793770102325,20.2716914091304,26.6));
#13241=CARTESIAN_POINT('Ctrl Pts',(9.73153934825567,19.9034928641731,26.6));
#13242=CARTESIAN_POINT('Ctrl Pts',(9.76116415545244,19.4681148661688,26.6));
#13243=CARTESIAN_POINT('Ctrl Pts',(9.77625764906406,19.2462948560715,26.6));
#13244=CARTESIAN_POINT('',(9.38335336744785,20.4522970914841,27.));
#13245=CARTESIAN_POINT('Ctrl Pts',(8.2592049986124,21.1780825853348,27.));
#13246=CARTESIAN_POINT('Ctrl Pts',(8.2592049986124,21.1780825853348,26.6));
#13247=CARTESIAN_POINT('Ctrl Pts',(8.48563471880309,21.0987133691383,27.));
#13248=CARTESIAN_POINT('Ctrl Pts',(8.48563471880309,21.0987133691383,26.6));
#13249=CARTESIAN_POINT('Ctrl Pts',(8.91932256705338,20.9466950538722,27.));
#13250=CARTESIAN_POINT('Ctrl Pts',(8.91932256705338,20.9466950538722,26.6));
#13251=CARTESIAN_POINT('Ctrl Pts',(9.23330303776881,20.6121670337076,27.));
#13252=CARTESIAN_POINT('Ctrl Pts',(9.23330303776881,20.6121670337076,26.6));
#13253=CARTESIAN_POINT('Ctrl Pts',(9.38335336744785,20.4522970914841,27.));
#13254=CARTESIAN_POINT('Ctrl Pts',(9.38335336744785,20.4522970914841,26.6));
#13255=CARTESIAN_POINT('',(8.2592049986124,21.1780825853348,27.));
#13256=CARTESIAN_POINT('Ctrl Pts',(8.2592049986124,21.1780825853348,27.));
#13257=CARTESIAN_POINT('Ctrl Pts',(8.48563471880309,21.0987133691383,27.));
#13258=CARTESIAN_POINT('Ctrl Pts',(8.91932256705338,20.9466950538722,27.));
#13259=CARTESIAN_POINT('Ctrl Pts',(9.23330303776881,20.6121670337076,27.));
#13260=CARTESIAN_POINT('Ctrl Pts',(9.38335336744785,20.4522970914841,27.));
#13261=CARTESIAN_POINT('',(8.2592049986124,21.1780825853348,26.6));
#13262=CARTESIAN_POINT('Ctrl Pts',(8.2592049986124,21.1780825853348,26.6));
#13263=CARTESIAN_POINT('Ctrl Pts',(8.48563471880309,21.0987133691383,26.6));
#13264=CARTESIAN_POINT('Ctrl Pts',(8.91932256705338,20.9466950538722,26.6));
#13265=CARTESIAN_POINT('Ctrl Pts',(9.23330303776881,20.6121670337076,26.6));
#13266=CARTESIAN_POINT('Ctrl Pts',(9.38335336744785,20.4522970914841,26.6));
#13267=CARTESIAN_POINT('',(8.2592049986124,21.1780825853348,27.));
#13268=CARTESIAN_POINT('Ctrl Pts',(9.08049024641514,21.882038474083,27.));
#13269=CARTESIAN_POINT('Ctrl Pts',(9.08049024641514,21.882038474083,26.6));
#13270=CARTESIAN_POINT('Ctrl Pts',(8.97012888933166,21.7351894346449,27.));
#13271=CARTESIAN_POINT('Ctrl Pts',(8.97012888933166,21.7351894346449,26.6));
#13272=CARTESIAN_POINT('Ctrl Pts',(8.74830751356495,21.4400294545666,27.));
#13273=CARTESIAN_POINT('Ctrl Pts',(8.74830751356495,21.4400294545666,26.6));
#13274=CARTESIAN_POINT('Ctrl Pts',(8.42277661215718,21.2656860442281,27.));
#13275=CARTESIAN_POINT('Ctrl Pts',(8.42277661215718,21.2656860442281,26.6));
#13276=CARTESIAN_POINT('Ctrl Pts',(8.2592049986124,21.1780825853348,27.));
#13277=CARTESIAN_POINT('Ctrl Pts',(8.2592049986124,21.1780825853348,26.6));
#13278=CARTESIAN_POINT('',(9.08049024641514,21.882038474083,27.));
#13279=CARTESIAN_POINT('Ctrl Pts',(9.08049024641514,21.882038474083,27.));
#13280=CARTESIAN_POINT('Ctrl Pts',(8.97012888933166,21.7351894346449,27.));
#13281=CARTESIAN_POINT('Ctrl Pts',(8.74830751356495,21.4400294545666,27.));
#13282=CARTESIAN_POINT('Ctrl Pts',(8.42277661215718,21.2656860442281,27.));
#13283=CARTESIAN_POINT('Ctrl Pts',(8.2592049986124,21.1780825853348,27.));
#13284=CARTESIAN_POINT('',(9.08049024641514,21.882038474083,26.6));
#13285=CARTESIAN_POINT('Ctrl Pts',(9.08049024641514,21.882038474083,26.6));
#13286=CARTESIAN_POINT('Ctrl Pts',(8.97012888933166,21.7351894346449,26.6));
#13287=CARTESIAN_POINT('Ctrl Pts',(8.74830751356495,21.4400294545666,26.6));
#13288=CARTESIAN_POINT('Ctrl Pts',(8.42277661215718,21.2656860442281,26.6));
#13289=CARTESIAN_POINT('Ctrl Pts',(8.2592049986124,21.1780825853348,26.6));
#13290=CARTESIAN_POINT('',(9.08049024641514,21.882038474083,27.));
#13291=CARTESIAN_POINT('Ctrl Pts',(9.38335336744785,22.9134157896042,27.));
#13292=CARTESIAN_POINT('Ctrl Pts',(9.38335336744785,22.9134157896042,26.6));
#13293=CARTESIAN_POINT('Ctrl Pts',(9.37081823721359,22.7300549639226,27.));
#13294=CARTESIAN_POINT('Ctrl Pts',(9.37081823721359,22.7300549639226,26.6));
#13295=CARTESIAN_POINT('Ctrl Pts',(9.34578989975996,22.3639465521894,27.));
#13296=CARTESIAN_POINT('Ctrl Pts',(9.34578989975996,22.3639465521894,26.6));
#13297=CARTESIAN_POINT('Ctrl Pts',(9.16882465730757,22.0424950206602,27.));
#13298=CARTESIAN_POINT('Ctrl Pts',(9.16882465730757,22.0424950206602,26.6));
#13299=CARTESIAN_POINT('Ctrl Pts',(9.08049024641514,21.882038474083,27.));
#13300=CARTESIAN_POINT('Ctrl Pts',(9.08049024641514,21.882038474083,26.6));
#13301=CARTESIAN_POINT('',(9.38335336744785,22.9134157896042,27.));
#13302=CARTESIAN_POINT('Ctrl Pts',(9.38335336744785,22.9134157896042,27.));
#13303=CARTESIAN_POINT('Ctrl Pts',(9.37081823721359,22.7300549639226,27.));
#13304=CARTESIAN_POINT('Ctrl Pts',(9.34578989975996,22.3639465521894,27.));
#13305=CARTESIAN_POINT('Ctrl Pts',(9.16882465730757,22.0424950206602,27.));
#13306=CARTESIAN_POINT('Ctrl Pts',(9.08049024641514,21.882038474083,27.));
#13307=CARTESIAN_POINT('',(9.38335336744785,22.9134157896042,26.6));
#13308=CARTESIAN_POINT('Ctrl Pts',(9.38335336744785,22.9134157896042,26.6));
#13309=CARTESIAN_POINT('Ctrl Pts',(9.37081823721359,22.7300549639226,26.6));
#13310=CARTESIAN_POINT('Ctrl Pts',(9.34578989975996,22.3639465521894,26.6));
#13311=CARTESIAN_POINT('Ctrl Pts',(9.16882465730757,22.0424950206602,26.6));
#13312=CARTESIAN_POINT('Ctrl Pts',(9.08049024641514,21.882038474083,26.6));
#13313=CARTESIAN_POINT('',(9.38335336744785,22.9134157896042,27.));
#13314=CARTESIAN_POINT('Ctrl Pts',(9.13778699934483,23.8492963314056,27.));
#13315=CARTESIAN_POINT('Ctrl Pts',(9.13778699934483,23.8492963314056,26.6));
#13316=CARTESIAN_POINT('Ctrl Pts',(9.209403475986,23.7044388214403,27.));
#13317=CARTESIAN_POINT('Ctrl Pts',(9.209403475986,23.7044388214403,26.6));
#13318=CARTESIAN_POINT('Ctrl Pts',(9.35525052712018,23.4094363072989,27.));
#13319=CARTESIAN_POINT('Ctrl Pts',(9.35525052712018,23.4094363072989,26.6));
#13320=CARTESIAN_POINT('Ctrl Pts',(9.37387448481967,23.0807198846201,27.));
#13321=CARTESIAN_POINT('Ctrl Pts',(9.37387448481967,23.0807198846201,26.6));
#13322=CARTESIAN_POINT('Ctrl Pts',(9.38335336744785,22.9134157896042,27.));
#13323=CARTESIAN_POINT('Ctrl Pts',(9.38335336744785,22.9134157896042,26.6));
#13324=CARTESIAN_POINT('',(9.13778699934483,23.8492963314056,27.));
#13325=CARTESIAN_POINT('Ctrl Pts',(9.13778699934483,23.8492963314056,27.));
#13326=CARTESIAN_POINT('Ctrl Pts',(9.209403475986,23.7044388214403,27.));
#13327=CARTESIAN_POINT('Ctrl Pts',(9.35525052712018,23.4094363072989,27.));
#13328=CARTESIAN_POINT('Ctrl Pts',(9.37387448481967,23.0807198846201,27.));
#13329=CARTESIAN_POINT('Ctrl Pts',(9.38335336744785,22.9134157896042,27.));
#13330=CARTESIAN_POINT('',(9.13778699934483,23.8492963314056,26.6));
#13331=CARTESIAN_POINT('Ctrl Pts',(9.13778699934483,23.8492963314056,26.6));
#13332=CARTESIAN_POINT('Ctrl Pts',(9.209403475986,23.7044388214403,26.6));
#13333=CARTESIAN_POINT('Ctrl Pts',(9.35525052712018,23.4094363072989,26.6));
#13334=CARTESIAN_POINT('Ctrl Pts',(9.37387448481967,23.0807198846201,26.6));
#13335=CARTESIAN_POINT('Ctrl Pts',(9.38335336744785,22.9134157896042,26.6));
#13336=CARTESIAN_POINT('',(9.13778699934483,23.8492963314056,27.));
#13337=CARTESIAN_POINT('Ctrl Pts',(8.52386869490147,24.5177820920944,27.));
#13338=CARTESIAN_POINT('Ctrl Pts',(8.52386869490147,24.5177820920944,26.6));
#13339=CARTESIAN_POINT('Ctrl Pts',(8.64237629071512,24.4257330348006,27.));
#13340=CARTESIAN_POINT('Ctrl Pts',(8.64237629071512,24.4257330348006,26.6));
#13341=CARTESIAN_POINT('Ctrl Pts',(8.88460082764096,24.2375886367612,27.));
#13342=CARTESIAN_POINT('Ctrl Pts',(8.88460082764096,24.2375886367612,26.6));
#13343=CARTESIAN_POINT('Ctrl Pts',(9.05219020156435,23.9805696063936,27.));
#13344=CARTESIAN_POINT('Ctrl Pts',(9.05219020156435,23.9805696063936,26.6));
#13345=CARTESIAN_POINT('Ctrl Pts',(9.13778699934483,23.8492963314056,27.));
#13346=CARTESIAN_POINT('Ctrl Pts',(9.13778699934483,23.8492963314056,26.6));
#13347=CARTESIAN_POINT('',(8.52386869490147,24.5177820920944,27.));
#13348=CARTESIAN_POINT('Ctrl Pts',(8.52386869490147,24.5177820920944,27.));
#13349=CARTESIAN_POINT('Ctrl Pts',(8.64237629071512,24.4257330348006,27.));
#13350=CARTESIAN_POINT('Ctrl Pts',(8.88460082764096,24.2375886367612,27.));
#13351=CARTESIAN_POINT('Ctrl Pts',(9.05219020156435,23.9805696063936,27.));
#13352=CARTESIAN_POINT('Ctrl Pts',(9.13778699934483,23.8492963314056,27.));
#13353=CARTESIAN_POINT('',(8.52386869490147,24.5177820920944,26.6));
#13354=CARTESIAN_POINT('Ctrl Pts',(8.52386869490147,24.5177820920944,26.6));
#13355=CARTESIAN_POINT('Ctrl Pts',(8.64237629071512,24.4257330348006,26.6));
#13356=CARTESIAN_POINT('Ctrl Pts',(8.88460082764096,24.2375886367612,26.6));
#13357=CARTESIAN_POINT('Ctrl Pts',(9.05219020156435,23.9805696063936,26.6));
#13358=CARTESIAN_POINT('Ctrl Pts',(9.13778699934483,23.8492963314056,26.6));
#13359=CARTESIAN_POINT('',(8.52386869490147,24.5177820920944,27.));
#13360=CARTESIAN_POINT('Ctrl Pts',(7.68894590437412,24.8479322195053,27.));
#13361=CARTESIAN_POINT('Ctrl Pts',(7.68894590437412,24.8479322195053,26.6));
#13362=CARTESIAN_POINT('Ctrl Pts',(7.83939572606352,24.8150588097902,27.));
#13363=CARTESIAN_POINT('Ctrl Pts',(7.83939572606352,24.8150588097902,26.6));
#13364=CARTESIAN_POINT('Ctrl Pts',(8.13570702180649,24.7503145480902,27.));
#13365=CARTESIAN_POINT('Ctrl Pts',(8.13570702180649,24.7503145480902,26.6));
#13366=CARTESIAN_POINT('Ctrl Pts',(8.39582409858952,24.5944885948771,27.));
#13367=CARTESIAN_POINT('Ctrl Pts',(8.39582409858952,24.5944885948771,26.6));
#13368=CARTESIAN_POINT('Ctrl Pts',(8.52386869490147,24.5177820920944,27.));
#13369=CARTESIAN_POINT('Ctrl Pts',(8.52386869490147,24.5177820920944,26.6));
#13370=CARTESIAN_POINT('',(7.68894590437412,24.8479322195053,27.));
#13371=CARTESIAN_POINT('Ctrl Pts',(7.68894590437412,24.8479322195053,27.));
#13372=CARTESIAN_POINT('Ctrl Pts',(7.83939572606352,24.8150588097902,27.));
#13373=CARTESIAN_POINT('Ctrl Pts',(8.13570702180649,24.7503145480902,27.));
#13374=CARTESIAN_POINT('Ctrl Pts',(8.39582409858952,24.5944885948771,27.));
#13375=CARTESIAN_POINT('Ctrl Pts',(8.52386869490147,24.5177820920944,27.));
#13376=CARTESIAN_POINT('',(7.68894590437412,24.8479322195053,26.6));
#13377=CARTESIAN_POINT('Ctrl Pts',(7.68894590437412,24.8479322195053,26.6));
#13378=CARTESIAN_POINT('Ctrl Pts',(7.83939572606352,24.8150588097902,26.6));
#13379=CARTESIAN_POINT('Ctrl Pts',(8.13570702180649,24.7503145480902,26.6));
#13380=CARTESIAN_POINT('Ctrl Pts',(8.39582409858952,24.5944885948771,26.6));
#13381=CARTESIAN_POINT('Ctrl Pts',(8.52386869490147,24.5177820920944,26.6));
#13382=CARTESIAN_POINT('',(7.68894590437412,24.8479322195053,27.));
#13383=CARTESIAN_POINT('Ctrl Pts',(6.27284921705723,24.927059173584,27.));
#13384=CARTESIAN_POINT('Ctrl Pts',(6.27284921705723,24.927059173584,26.6));
#13385=CARTESIAN_POINT('Ctrl Pts',(6.54949708490782,24.9266531608998,27.));
#13386=CARTESIAN_POINT('Ctrl Pts',(6.54949708490782,24.9266531608998,26.6));
#13387=CARTESIAN_POINT('Ctrl Pts',(7.02313086888759,24.9259580486424,27.));
#13388=CARTESIAN_POINT('Ctrl Pts',(7.02313086888759,24.9259580486424,26.6));
#13389=CARTESIAN_POINT('Ctrl Pts',(7.49337129671408,24.8708513037968,27.));
#13390=CARTESIAN_POINT('Ctrl Pts',(7.49337129671408,24.8708513037968,26.6));
#13391=CARTESIAN_POINT('Ctrl Pts',(7.68894590437412,24.8479322195053,27.));
#13392=CARTESIAN_POINT('Ctrl Pts',(7.68894590437412,24.8479322195053,26.6));
#13393=CARTESIAN_POINT('',(6.27284921705723,24.927059173584,27.));
#13394=CARTESIAN_POINT('Ctrl Pts',(6.27284921705723,24.927059173584,27.));
#13395=CARTESIAN_POINT('Ctrl Pts',(6.54949708490782,24.9266531608998,27.));
#13396=CARTESIAN_POINT('Ctrl Pts',(7.02313086888759,24.9259580486424,27.));
#13397=CARTESIAN_POINT('Ctrl Pts',(7.49337129671408,24.8708513037968,27.));
#13398=CARTESIAN_POINT('Ctrl Pts',(7.68894590437412,24.8479322195053,27.));
#13399=CARTESIAN_POINT('',(6.27284921705723,24.927059173584,26.6));
#13400=CARTESIAN_POINT('Ctrl Pts',(6.27284921705723,24.927059173584,26.6));
#13401=CARTESIAN_POINT('Ctrl Pts',(6.54949708490782,24.9266531608998,26.6));
#13402=CARTESIAN_POINT('Ctrl Pts',(7.02313086888759,24.9259580486424,26.6));
#13403=CARTESIAN_POINT('Ctrl Pts',(7.49337129671408,24.8708513037968,26.6));
#13404=CARTESIAN_POINT('Ctrl Pts',(7.68894590437412,24.8479322195053,26.6));
#13405=CARTESIAN_POINT('',(6.27284921705723,24.927059173584,27.));
#13406=CARTESIAN_POINT('Origin',(3.07503141462803,24.927059173584,27.));
#13407=CARTESIAN_POINT('',(3.07503141462803,24.927059173584,27.));
#13408=CARTESIAN_POINT('',(3.07503141462803,24.927059173584,27.));
#13409=CARTESIAN_POINT('',(3.07503141462803,24.927059173584,26.6));
#13410=CARTESIAN_POINT('',(3.07503141462803,24.927059173584,26.6));
#13411=CARTESIAN_POINT('',(3.07503141462803,24.927059173584,27.));
#13412=CARTESIAN_POINT('Origin',(3.07503141462803,16.9270590543747,27.));
#13413=CARTESIAN_POINT('',(3.07503141462803,16.9270590543747,27.));
#13414=CARTESIAN_POINT('',(3.07503141462803,16.9270590543747,26.6));
#13415=CARTESIAN_POINT('Origin',(-3.72529029846191E-7,20.9243301153183,
27.));
#13416=CARTESIAN_POINT('Origin',(-3.72529029846191E-7,20.9243301153183,
26.6));
#13417=CARTESIAN_POINT('Origin',(23.6425630003214,18.2749441862106,27.));
#13418=CARTESIAN_POINT('',(23.6425630003214,18.2749441862106,27.));
#13419=CARTESIAN_POINT('',(23.6425630003214,16.9270590543747,27.));
#13420=CARTESIAN_POINT('',(23.6425630003214,18.2749441862106,27.));
#13421=CARTESIAN_POINT('',(23.6425630003214,16.9270590543747,26.6));
#13422=CARTESIAN_POINT('',(23.6425630003214,16.9270590543747,27.));
#13423=CARTESIAN_POINT('',(23.6425630003214,18.2749441862106,26.6));
#13424=CARTESIAN_POINT('',(23.6425630003214,18.2749441862106,26.6));
#13425=CARTESIAN_POINT('',(23.6425630003214,18.2749441862106,27.));
#13426=CARTESIAN_POINT('Origin',(19.626192227006,18.2749441862106,27.));
#13427=CARTESIAN_POINT('',(19.626192227006,18.2749441862106,27.));
#13428=CARTESIAN_POINT('',(19.626192227006,18.2749441862106,27.));
#13429=CARTESIAN_POINT('',(19.626192227006,18.2749441862106,26.6));
#13430=CARTESIAN_POINT('',(19.626192227006,18.2749441862106,26.6));
#13431=CARTESIAN_POINT('',(19.626192227006,18.2749441862106,27.));
#13432=CARTESIAN_POINT('Origin',(19.626192227006,24.8615745306015,27.));
#13433=CARTESIAN_POINT('',(19.626192227006,24.8615745306015,27.));
#13434=CARTESIAN_POINT('',(19.626192227006,24.8615745306015,27.));
#13435=CARTESIAN_POINT('',(19.626192227006,24.8615745306015,26.6));
#13436=CARTESIAN_POINT('',(19.626192227006,24.8615745306015,26.6));
#13437=CARTESIAN_POINT('',(19.626192227006,24.8615745306015,27.));
#13438=CARTESIAN_POINT('Origin',(18.0109111219645,24.8615745306015,27.));
#13439=CARTESIAN_POINT('',(18.0109111219645,24.8615745306015,27.));
#13440=CARTESIAN_POINT('',(18.0109111219645,24.8615745306015,27.));
#13441=CARTESIAN_POINT('',(18.0109111219645,24.8615745306015,26.6));
#13442=CARTESIAN_POINT('',(18.0109111219645,24.8615745306015,26.6));
#13443=CARTESIAN_POINT('',(18.0109111219645,24.8615745306015,27.));
#13444=CARTESIAN_POINT('Origin',(18.0109111219645,16.9270590543747,27.));
#13445=CARTESIAN_POINT('',(18.0109111219645,16.9270590543747,27.));
#13446=CARTESIAN_POINT('',(18.0109111219645,16.9270590543747,27.));
#13447=CARTESIAN_POINT('',(18.0109111219645,16.9270590543747,26.6));
#13448=CARTESIAN_POINT('',(18.0109111219645,16.9270590543747,26.6));
#13449=CARTESIAN_POINT('',(18.0109111219645,16.9270590543747,27.));
#13450=CARTESIAN_POINT('Origin',(23.6425630003214,16.9270590543747,27.));
#13451=CARTESIAN_POINT('',(23.6425630003214,16.9270590543747,27.));
#13452=CARTESIAN_POINT('',(23.6425630003214,16.9270590543747,26.6));
#13453=CARTESIAN_POINT('Origin',(-3.72529029846191E-7,20.9243301153183,
27.));
#13454=CARTESIAN_POINT('Origin',(-3.72529029846191E-7,20.9243301153183,
26.6));
#13455=CARTESIAN_POINT('Origin',(14.5566169172525,23.5737166404724,27.));
#13456=CARTESIAN_POINT('',(14.5566169172525,23.5737166404724,27.));
#13457=CARTESIAN_POINT('',(14.5566169172525,16.9270590543747,27.));
#13458=CARTESIAN_POINT('',(14.5566169172525,23.5737166404724,27.));
#13459=CARTESIAN_POINT('',(14.5566169172525,16.9270590543747,26.6));
#13460=CARTESIAN_POINT('',(14.5566169172525,16.9270590543747,27.));
#13461=CARTESIAN_POINT('',(14.5566169172525,23.5737166404724,26.6));
#13462=CARTESIAN_POINT('',(14.5566169172525,23.5737166404724,26.6));
#13463=CARTESIAN_POINT('',(14.5566169172525,23.5737166404724,27.));
#13464=CARTESIAN_POINT('Origin',(16.9249669462442,23.5737166404724,27.));
#13465=CARTESIAN_POINT('',(16.9249669462442,23.5737166404724,27.));
#13466=CARTESIAN_POINT('',(16.9249669462442,23.5737166404724,27.));
#13467=CARTESIAN_POINT('',(16.9249669462442,23.5737166404724,26.6));
#13468=CARTESIAN_POINT('',(16.9249669462442,23.5737166404724,26.6));
#13469=CARTESIAN_POINT('',(16.9249669462442,23.5737166404724,27.));
#13470=CARTESIAN_POINT('Origin',(16.9249669462442,24.927059173584,27.));
#13471=CARTESIAN_POINT('',(16.9249669462442,24.927059173584,27.));
#13472=CARTESIAN_POINT('',(16.9249669462442,24.927059173584,27.));
#13473=CARTESIAN_POINT('',(16.9249669462442,24.927059173584,26.6));
#13474=CARTESIAN_POINT('',(16.9249669462442,24.927059173584,26.6));
#13475=CARTESIAN_POINT('',(16.9249669462442,24.927059173584,27.));
#13476=CARTESIAN_POINT('Origin',(10.5675307661295,24.927059173584,27.));
#13477=CARTESIAN_POINT('',(10.5675307661295,24.927059173584,27.));
#13478=CARTESIAN_POINT('',(10.5675307661295,24.927059173584,27.));
#13479=CARTESIAN_POINT('',(10.5675307661295,24.927059173584,26.6));
#13480=CARTESIAN_POINT('',(10.5675307661295,24.927059173584,26.6));
#13481=CARTESIAN_POINT('',(10.5675307661295,24.927059173584,27.));
#13482=CARTESIAN_POINT('Origin',(10.5675307661295,23.5737166404724,27.));
#13483=CARTESIAN_POINT('',(10.5675307661295,23.5737166404724,27.));
#13484=CARTESIAN_POINT('',(10.5675307661295,23.5737166404724,27.));
#13485=CARTESIAN_POINT('',(10.5675307661295,23.5737166404724,26.6));
#13486=CARTESIAN_POINT('',(10.5675307661295,23.5737166404724,26.6));
#13487=CARTESIAN_POINT('',(10.5675307661295,23.5737166404724,27.));
#13488=CARTESIAN_POINT('Origin',(12.941335812211,23.5737166404724,27.));
#13489=CARTESIAN_POINT('',(12.941335812211,23.5737166404724,27.));
#13490=CARTESIAN_POINT('',(12.941335812211,23.5737166404724,27.));
#13491=CARTESIAN_POINT('',(12.941335812211,23.5737166404724,26.6));
#13492=CARTESIAN_POINT('',(12.941335812211,23.5737166404724,26.6));
#13493=CARTESIAN_POINT('',(12.941335812211,23.5737166404724,27.));
#13494=CARTESIAN_POINT('Origin',(12.941335812211,16.9270590543747,27.));
#13495=CARTESIAN_POINT('',(12.941335812211,16.9270590543747,27.));
#13496=CARTESIAN_POINT('',(12.941335812211,16.9270590543747,27.));
#13497=CARTESIAN_POINT('',(12.941335812211,16.9270590543747,26.6));
#13498=CARTESIAN_POINT('',(12.941335812211,16.9270590543747,26.6));
#13499=CARTESIAN_POINT('',(12.941335812211,16.9270590543747,27.));
#13500=CARTESIAN_POINT('Origin',(14.5566169172525,16.9270590543747,27.));
#13501=CARTESIAN_POINT('',(14.5566169172525,16.9270590543747,27.));
#13502=CARTESIAN_POINT('',(14.5566169172525,16.9270590543747,26.6));
#13503=CARTESIAN_POINT('Origin',(-3.72529029846191E-7,20.9243301153183,
27.));
#13504=CARTESIAN_POINT('Origin',(-3.72529029846191E-7,20.9243301153183,
26.6));
#13505=CARTESIAN_POINT('Origin',(30.8785811811686,18.2749441862106,27.));
#13506=CARTESIAN_POINT('',(30.8785811811686,18.2749441862106,27.));
#13507=CARTESIAN_POINT('',(30.8785811811686,16.9270590543747,27.));
#13508=CARTESIAN_POINT('',(30.8785811811686,18.2749441862106,27.));
#13509=CARTESIAN_POINT('',(30.8785811811686,16.9270590543747,26.6));
#13510=CARTESIAN_POINT('',(30.8785811811686,16.9270590543747,27.));
#13511=CARTESIAN_POINT('',(30.8785811811686,18.2749441862106,26.6));
#13512=CARTESIAN_POINT('',(30.8785811811686,18.2749441862106,26.6));
#13513=CARTESIAN_POINT('',(30.8785811811686,18.2749441862106,27.));
#13514=CARTESIAN_POINT('Origin',(26.4092770963907,18.2749441862106,27.));
#13515=CARTESIAN_POINT('',(26.4092770963907,18.2749441862106,27.));
#13516=CARTESIAN_POINT('',(26.4092770963907,18.2749441862106,27.));
#13517=CARTESIAN_POINT('',(26.4092770963907,18.2749441862106,26.6));
#13518=CARTESIAN_POINT('',(26.4092770963907,18.2749441862106,26.6));
#13519=CARTESIAN_POINT('',(26.4092770963907,18.2749441862106,27.));
#13520=CARTESIAN_POINT('Origin',(26.4092770963907,20.4522970914841,27.));
#13521=CARTESIAN_POINT('',(26.4092770963907,20.4522970914841,27.));
#13522=CARTESIAN_POINT('',(26.4092770963907,20.4522970914841,27.));
#13523=CARTESIAN_POINT('',(26.4092770963907,20.4522970914841,26.6));
#13524=CARTESIAN_POINT('',(26.4092770963907,20.4522970914841,26.6));
#13525=CARTESIAN_POINT('',(26.4092770963907,20.4522970914841,27.));
#13526=CARTESIAN_POINT('Origin',(30.4256478697062,20.4522970914841,27.));
#13527=CARTESIAN_POINT('',(30.4256478697062,20.4522970914841,27.));
#13528=CARTESIAN_POINT('',(30.4256478697062,20.4522970914841,27.));
#13529=CARTESIAN_POINT('',(30.4256478697062,20.4522970914841,26.6));
#13530=CARTESIAN_POINT('',(30.4256478697062,20.4522970914841,26.6));
#13531=CARTESIAN_POINT('',(30.4256478697062,20.4522970914841,27.));
#13532=CARTESIAN_POINT('Origin',(30.4256478697062,21.8001834154129,27.));
#13533=CARTESIAN_POINT('',(30.4256478697062,21.8001834154129,27.));
#13534=CARTESIAN_POINT('',(30.4256478697062,21.8001834154129,27.));
#13535=CARTESIAN_POINT('',(30.4256478697062,21.8001834154129,26.6));
#13536=CARTESIAN_POINT('',(30.4256478697062,21.8001834154129,26.6));
#13537=CARTESIAN_POINT('',(30.4256478697062,21.8001834154129,27.));
#13538=CARTESIAN_POINT('Origin',(26.4092770963907,21.8001834154129,27.));
#13539=CARTESIAN_POINT('',(26.4092770963907,21.8001834154129,27.));
#13540=CARTESIAN_POINT('',(26.4092770963907,21.8001834154129,27.));
#13541=CARTESIAN_POINT('',(26.4092770963907,21.8001834154129,26.6));
#13542=CARTESIAN_POINT('',(26.4092770963907,21.8001834154129,26.6));
#13543=CARTESIAN_POINT('',(26.4092770963907,21.8001834154129,27.));
#13544=CARTESIAN_POINT('Origin',(26.4092770963907,23.5737166404724,27.));
#13545=CARTESIAN_POINT('',(26.4092770963907,23.5737166404724,27.));
#13546=CARTESIAN_POINT('',(26.4092770963907,23.5737166404724,27.));
#13547=CARTESIAN_POINT('',(26.4092770963907,23.5737166404724,26.6));
#13548=CARTESIAN_POINT('',(26.4092770963907,23.5737166404724,26.6));
#13549=CARTESIAN_POINT('',(26.4092770963907,23.5737166404724,27.));
#13550=CARTESIAN_POINT('Origin',(30.7257834821939,23.5737166404724,27.));
#13551=CARTESIAN_POINT('',(30.7257834821939,23.5737166404724,27.));
#13552=CARTESIAN_POINT('',(30.7257834821939,23.5737166404724,27.));
#13553=CARTESIAN_POINT('',(30.7257834821939,23.5737166404724,26.6));
#13554=CARTESIAN_POINT('',(30.7257834821939,23.5737166404724,26.6));
#13555=CARTESIAN_POINT('',(30.7257834821939,23.5737166404724,27.));
#13556=CARTESIAN_POINT('Origin',(30.7257834821939,24.927059173584,27.));
#13557=CARTESIAN_POINT('',(30.7257834821939,24.927059173584,27.));
#13558=CARTESIAN_POINT('',(30.7257834821939,24.927059173584,27.));
#13559=CARTESIAN_POINT('',(30.7257834821939,24.927059173584,26.6));
#13560=CARTESIAN_POINT('',(30.7257834821939,24.927059173584,26.6));
#13561=CARTESIAN_POINT('',(30.7257834821939,24.927059173584,27.));
#13562=CARTESIAN_POINT('Origin',(24.7939959913492,24.927059173584,27.));
#13563=CARTESIAN_POINT('',(24.7939959913492,24.927059173584,27.));
#13564=CARTESIAN_POINT('',(24.7939959913492,24.927059173584,27.));
#13565=CARTESIAN_POINT('',(24.7939959913492,24.927059173584,26.6));
#13566=CARTESIAN_POINT('',(24.7939959913492,24.927059173584,26.6));
#13567=CARTESIAN_POINT('',(24.7939959913492,24.927059173584,27.));
#13568=CARTESIAN_POINT('Origin',(24.7939959913492,16.9270590543747,27.));
#13569=CARTESIAN_POINT('',(24.7939959913492,16.9270590543747,27.));
#13570=CARTESIAN_POINT('',(24.7939959913492,16.9270590543747,27.));
#13571=CARTESIAN_POINT('',(24.7939959913492,16.9270590543747,26.6));
#13572=CARTESIAN_POINT('',(24.7939959913492,16.9270590543747,26.6));
#13573=CARTESIAN_POINT('',(24.7939959913492,16.9270590543747,27.));
#13574=CARTESIAN_POINT('Origin',(30.8785811811686,16.9270590543747,27.));
#13575=CARTESIAN_POINT('',(30.8785811811686,16.9270590543747,27.));
#13576=CARTESIAN_POINT('',(30.8785811811686,16.9270590543747,26.6));
#13577=CARTESIAN_POINT('Origin',(-3.72529029846191E-7,20.9243301153183,
27.));
#13578=CARTESIAN_POINT('Origin',(-3.72529029846191E-7,20.9243301153183,
26.6));
#13579=CARTESIAN_POINT('Origin',(-8.8594826310873,18.2749441862106,27.));
#13580=CARTESIAN_POINT('',(-8.8594826310873,18.2749441862106,27.));
#13581=CARTESIAN_POINT('',(-8.8594826310873,16.9270590543747,27.));
#13582=CARTESIAN_POINT('',(-8.8594826310873,18.2749441862106,27.));
#13583=CARTESIAN_POINT('',(-8.8594826310873,16.9270590543747,26.6));
#13584=CARTESIAN_POINT('',(-8.8594826310873,16.9270590543747,27.));
#13585=CARTESIAN_POINT('',(-8.8594826310873,18.2749441862106,26.6));
#13586=CARTESIAN_POINT('',(-8.8594826310873,18.2749441862106,26.6));
#13587=CARTESIAN_POINT('',(-8.8594826310873,18.2749441862106,27.));
#13588=CARTESIAN_POINT('Origin',(-13.3287867158651,18.2749441862106,27.));
#13589=CARTESIAN_POINT('',(-13.3287867158651,18.2749441862106,27.));
#13590=CARTESIAN_POINT('',(-13.3287867158651,18.2749441862106,27.));
#13591=CARTESIAN_POINT('',(-13.3287867158651,18.2749441862106,26.6));
#13592=CARTESIAN_POINT('',(-13.3287867158651,18.2749441862106,26.6));
#13593=CARTESIAN_POINT('',(-13.3287867158651,18.2749441862106,27.));
#13594=CARTESIAN_POINT('Origin',(-13.3287867158651,20.4522970914841,27.));
#13595=CARTESIAN_POINT('',(-13.3287867158651,20.4522970914841,27.));
#13596=CARTESIAN_POINT('',(-13.3287867158651,20.4522970914841,27.));
#13597=CARTESIAN_POINT('',(-13.3287867158651,20.4522970914841,26.6));
#13598=CARTESIAN_POINT('',(-13.3287867158651,20.4522970914841,26.6));
#13599=CARTESIAN_POINT('',(-13.3287867158651,20.4522970914841,27.));
#13600=CARTESIAN_POINT('Origin',(-9.31241594254971,20.4522970914841,27.));
#13601=CARTESIAN_POINT('',(-9.31241594254971,20.4522970914841,27.));
#13602=CARTESIAN_POINT('',(-9.31241594254971,20.4522970914841,27.));
#13603=CARTESIAN_POINT('',(-9.31241594254971,20.4522970914841,26.6));
#13604=CARTESIAN_POINT('',(-9.31241594254971,20.4522970914841,26.6));
#13605=CARTESIAN_POINT('',(-9.31241594254971,20.4522970914841,27.));
#13606=CARTESIAN_POINT('Origin',(-9.31241594254971,21.8001834154129,27.));
#13607=CARTESIAN_POINT('',(-9.31241594254971,21.8001834154129,27.));
#13608=CARTESIAN_POINT('',(-9.31241594254971,21.8001834154129,27.));
#13609=CARTESIAN_POINT('',(-9.31241594254971,21.8001834154129,26.6));
#13610=CARTESIAN_POINT('',(-9.31241594254971,21.8001834154129,26.6));
#13611=CARTESIAN_POINT('',(-9.31241594254971,21.8001834154129,27.));
#13612=CARTESIAN_POINT('Origin',(-13.3287867158651,21.8001834154129,27.));
#13613=CARTESIAN_POINT('',(-13.3287867158651,21.8001834154129,27.));
#13614=CARTESIAN_POINT('',(-13.3287867158651,21.8001834154129,27.));
#13615=CARTESIAN_POINT('',(-13.3287867158651,21.8001834154129,26.6));
#13616=CARTESIAN_POINT('',(-13.3287867158651,21.8001834154129,26.6));
#13617=CARTESIAN_POINT('',(-13.3287867158651,21.8001834154129,27.));
#13618=CARTESIAN_POINT('Origin',(-13.3287867158651,23.5737166404724,27.));
#13619=CARTESIAN_POINT('',(-13.3287867158651,23.5737166404724,27.));
#13620=CARTESIAN_POINT('',(-13.3287867158651,23.5737166404724,27.));
#13621=CARTESIAN_POINT('',(-13.3287867158651,23.5737166404724,26.6));
#13622=CARTESIAN_POINT('',(-13.3287867158651,23.5737166404724,26.6));
#13623=CARTESIAN_POINT('',(-13.3287867158651,23.5737166404724,27.));
#13624=CARTESIAN_POINT('Origin',(-9.01228033006191,23.5737166404724,27.));
#13625=CARTESIAN_POINT('',(-9.01228033006191,23.5737166404724,27.));
#13626=CARTESIAN_POINT('',(-9.01228033006191,23.5737166404724,27.));
#13627=CARTESIAN_POINT('',(-9.01228033006191,23.5737166404724,26.6));
#13628=CARTESIAN_POINT('',(-9.01228033006191,23.5737166404724,26.6));
#13629=CARTESIAN_POINT('',(-9.01228033006191,23.5737166404724,27.));
#13630=CARTESIAN_POINT('Origin',(-9.01228033006191,24.927059173584,27.));
#13631=CARTESIAN_POINT('',(-9.01228033006191,24.927059173584,27.));
#13632=CARTESIAN_POINT('',(-9.01228033006191,24.927059173584,27.));
#13633=CARTESIAN_POINT('',(-9.01228033006191,24.927059173584,26.6));
#13634=CARTESIAN_POINT('',(-9.01228033006191,24.927059173584,26.6));
#13635=CARTESIAN_POINT('',(-9.01228033006191,24.927059173584,27.));
#13636=CARTESIAN_POINT('Origin',(-14.9440678209066,24.927059173584,27.));
#13637=CARTESIAN_POINT('',(-14.9440678209066,24.927059173584,27.));
#13638=CARTESIAN_POINT('',(-14.9440678209066,24.927059173584,27.));
#13639=CARTESIAN_POINT('',(-14.9440678209066,24.927059173584,26.6));
#13640=CARTESIAN_POINT('',(-14.9440678209066,24.927059173584,26.6));
#13641=CARTESIAN_POINT('',(-14.9440678209066,24.927059173584,27.));
#13642=CARTESIAN_POINT('Origin',(-14.9440678209066,16.9270590543747,27.));
#13643=CARTESIAN_POINT('',(-14.9440678209066,16.9270590543747,27.));
#13644=CARTESIAN_POINT('',(-14.9440678209066,16.9270590543747,27.));
#13645=CARTESIAN_POINT('',(-14.9440678209066,16.9270590543747,26.6));
#13646=CARTESIAN_POINT('',(-14.9440678209066,16.9270590543747,26.6));
#13647=CARTESIAN_POINT('',(-14.9440678209066,16.9270590543747,27.));
#13648=CARTESIAN_POINT('Origin',(-8.8594826310873,16.9270590543747,27.));
#13649=CARTESIAN_POINT('',(-8.8594826310873,16.9270590543747,27.));
#13650=CARTESIAN_POINT('',(-8.8594826310873,16.9270590543747,26.6));
#13651=CARTESIAN_POINT('Origin',(-3.72529029846191E-7,20.9243301153183,
27.));
#13652=CARTESIAN_POINT('Origin',(-3.72529029846191E-7,20.9243301153183,
26.6));
#13653=CARTESIAN_POINT('Ctrl Pts',(-27.5770815461874,16.7851761579514,27.));
#13654=CARTESIAN_POINT('Ctrl Pts',(-27.5770815461874,16.7851761579514,26.6));
#13655=CARTESIAN_POINT('Ctrl Pts',(-28.0374951340299,16.8017092207472,27.));
#13656=CARTESIAN_POINT('Ctrl Pts',(-28.0374951340299,16.8017092207472,26.6));
#13657=CARTESIAN_POINT('Ctrl Pts',(-28.8792564993234,16.8319361599146,27.));
#13658=CARTESIAN_POINT('Ctrl Pts',(-28.8792564993234,16.8319361599146,26.6));
#13659=CARTESIAN_POINT('Ctrl Pts',(-29.5867237690864,17.282350743827,27.));
#13660=CARTESIAN_POINT('Ctrl Pts',(-29.5867237690864,17.282350743827,26.6));
#13661=CARTESIAN_POINT('Ctrl Pts',(-29.907231554389,17.4864045381546,27.));
#13662=CARTESIAN_POINT('Ctrl Pts',(-29.907231554389,17.4864045381546,26.6));
#13663=CARTESIAN_POINT('',(-27.5770815461874,16.7851761579514,27.));
#13664=CARTESIAN_POINT('',(-29.907231554389,17.4864045381546,27.));
#13665=CARTESIAN_POINT('Ctrl Pts',(-27.5770815461874,16.7851761579514,27.));
#13666=CARTESIAN_POINT('Ctrl Pts',(-28.0374951340299,16.8017092207472,27.));
#13667=CARTESIAN_POINT('Ctrl Pts',(-28.8792564993234,16.8319361599146,27.));
#13668=CARTESIAN_POINT('Ctrl Pts',(-29.5867237690864,17.282350743827,27.));
#13669=CARTESIAN_POINT('Ctrl Pts',(-29.907231554389,17.4864045381546,27.));
#13670=CARTESIAN_POINT('',(-29.907231554389,17.4864045381546,26.6));
#13671=CARTESIAN_POINT('',(-29.907231554389,17.4864045381546,27.));
#13672=CARTESIAN_POINT('',(-27.5770815461874,16.7851761579514,26.6));
#13673=CARTESIAN_POINT('Ctrl Pts',(-27.5770815461874,16.7851761579514,26.6));
#13674=CARTESIAN_POINT('Ctrl Pts',(-28.0374951340299,16.8017092207472,26.6));
#13675=CARTESIAN_POINT('Ctrl Pts',(-28.8792564993234,16.8319361599146,26.6));
#13676=CARTESIAN_POINT('Ctrl Pts',(-29.5867237690864,17.282350743827,26.6));
#13677=CARTESIAN_POINT('Ctrl Pts',(-29.907231554389,17.4864045381546,26.6));
#13678=CARTESIAN_POINT('',(-27.5770815461874,16.7851761579514,27.));
#13679=CARTESIAN_POINT('Ctrl Pts',(-25.8362903445959,17.0771268606186,27.));
#13680=CARTESIAN_POINT('Ctrl Pts',(-25.8362903445959,17.0771268606186,26.6));
#13681=CARTESIAN_POINT('Ctrl Pts',(-26.095658461843,16.9921240031952,27.));
#13682=CARTESIAN_POINT('Ctrl Pts',(-26.095658461843,16.9921240031952,26.6));
#13683=CARTESIAN_POINT('Ctrl Pts',(-26.6604737057914,16.8070167889334,27.));
#13684=CARTESIAN_POINT('Ctrl Pts',(-26.6604737057914,16.8070167889334,26.6));
#13685=CARTESIAN_POINT('Ctrl Pts',(-27.2553679565813,16.7928418438454,27.));
#13686=CARTESIAN_POINT('Ctrl Pts',(-27.2553679565813,16.7928418438454,26.6));
#13687=CARTESIAN_POINT('Ctrl Pts',(-27.5770815461874,16.7851761579514,27.));
#13688=CARTESIAN_POINT('Ctrl Pts',(-27.5770815461874,16.7851761579514,26.6));
#13689=CARTESIAN_POINT('',(-25.8362903445959,17.0771268606186,27.));
#13690=CARTESIAN_POINT('Ctrl Pts',(-25.8362903445959,17.0771268606186,27.));
#13691=CARTESIAN_POINT('Ctrl Pts',(-26.095658461843,16.9921240031952,27.));
#13692=CARTESIAN_POINT('Ctrl Pts',(-26.6604737057914,16.8070167889334,27.));
#13693=CARTESIAN_POINT('Ctrl Pts',(-27.2553679565813,16.7928418438454,27.));
#13694=CARTESIAN_POINT('Ctrl Pts',(-27.5770815461874,16.7851761579514,27.));
#13695=CARTESIAN_POINT('',(-25.8362903445959,17.0771268606186,26.6));
#13696=CARTESIAN_POINT('Ctrl Pts',(-25.8362903445959,17.0771268606186,26.6));
#13697=CARTESIAN_POINT('Ctrl Pts',(-26.095658461843,16.9921240031952,26.6));
#13698=CARTESIAN_POINT('Ctrl Pts',(-26.6604737057914,16.8070167889334,26.6));
#13699=CARTESIAN_POINT('Ctrl Pts',(-27.2553679565813,16.7928418438454,26.6));
#13700=CARTESIAN_POINT('Ctrl Pts',(-27.5770815461874,16.7851761579514,26.6));
#13701=CARTESIAN_POINT('',(-25.8362903445959,17.0771268606186,27.));
#13702=CARTESIAN_POINT('Ctrl Pts',(-24.7557993978262,17.9693511724472,27.));
#13703=CARTESIAN_POINT('Ctrl Pts',(-24.7557993978262,17.9693511724472,26.6));
#13704=CARTESIAN_POINT('Ctrl Pts',(-24.8981973504913,17.7813313073354,27.));
#13705=CARTESIAN_POINT('Ctrl Pts',(-24.8981973504913,17.7813313073354,26.6));
#13706=CARTESIAN_POINT('Ctrl Pts',(-25.1878076776786,17.3989346953503,27.));
#13707=CARTESIAN_POINT('Ctrl Pts',(-25.1878076776786,17.3989346953503,26.6));
#13708=CARTESIAN_POINT('Ctrl Pts',(-25.6177470480598,17.1855784024119,27.));
#13709=CARTESIAN_POINT('Ctrl Pts',(-25.6177470480598,17.1855784024119,26.6));
#13710=CARTESIAN_POINT('Ctrl Pts',(-25.8362903445959,17.0771268606186,27.));
#13711=CARTESIAN_POINT('Ctrl Pts',(-25.8362903445959,17.0771268606186,26.6));
#13712=CARTESIAN_POINT('',(-24.7557993978262,17.9693511724472,27.));
#13713=CARTESIAN_POINT('Ctrl Pts',(-24.7557993978262,17.9693511724472,27.));
#13714=CARTESIAN_POINT('Ctrl Pts',(-24.8981973504913,17.7813313073354,27.));
#13715=CARTESIAN_POINT('Ctrl Pts',(-25.1878076776786,17.3989346953503,27.));
#13716=CARTESIAN_POINT('Ctrl Pts',(-25.6177470480598,17.1855784024119,27.));
#13717=CARTESIAN_POINT('Ctrl Pts',(-25.8362903445959,17.0771268606186,27.));
#13718=CARTESIAN_POINT('',(-24.7557993978262,17.9693511724472,26.6));
#13719=CARTESIAN_POINT('Ctrl Pts',(-24.7557993978262,17.9693511724472,26.6));
#13720=CARTESIAN_POINT('Ctrl Pts',(-24.8981973504913,17.7813313073354,26.6));
#13721=CARTESIAN_POINT('Ctrl Pts',(-25.1878076776786,17.3989346953503,26.6));
#13722=CARTESIAN_POINT('Ctrl Pts',(-25.6177470480598,17.1855784024119,26.6));
#13723=CARTESIAN_POINT('Ctrl Pts',(-25.8362903445959,17.0771268606186,26.6));
#13724=CARTESIAN_POINT('',(-24.7557993978262,17.9693511724472,27.));
#13725=CARTESIAN_POINT('Ctrl Pts',(-24.3738075345755,19.2572096586227,27.));
#13726=CARTESIAN_POINT('Ctrl Pts',(-24.3738075345755,19.2572096586227,26.6));
#13727=CARTESIAN_POINT('Ctrl Pts',(-24.3902939632287,19.0307607168552,27.));
#13728=CARTESIAN_POINT('Ctrl Pts',(-24.3902939632287,19.0307607168552,26.6));
#13729=CARTESIAN_POINT('Ctrl Pts',(-24.4235690219005,18.5737119537796,27.));
#13730=CARTESIAN_POINT('Ctrl Pts',(-24.4235690219005,18.5737119537796,26.6));
#13731=CARTESIAN_POINT('Ctrl Pts',(-24.6443874541948,18.1720208082842,27.));
#13732=CARTESIAN_POINT('Ctrl Pts',(-24.6443874541948,18.1720208082842,26.6));
#13733=CARTESIAN_POINT('Ctrl Pts',(-24.7557993978262,17.9693511724472,27.));
#13734=CARTESIAN_POINT('Ctrl Pts',(-24.7557993978262,17.9693511724472,26.6));
#13735=CARTESIAN_POINT('',(-24.3738075345755,19.2572096586227,27.));
#13736=CARTESIAN_POINT('Ctrl Pts',(-24.3738075345755,19.2572096586227,27.));
#13737=CARTESIAN_POINT('Ctrl Pts',(-24.3902939632287,19.0307607168552,27.));
#13738=CARTESIAN_POINT('Ctrl Pts',(-24.4235690219005,18.5737119537796,27.));
#13739=CARTESIAN_POINT('Ctrl Pts',(-24.6443874541948,18.1720208082842,27.));
#13740=CARTESIAN_POINT('Ctrl Pts',(-24.7557993978262,17.9693511724472,27.));
#13741=CARTESIAN_POINT('',(-24.3738075345755,19.2572096586227,26.6));
#13742=CARTESIAN_POINT('Ctrl Pts',(-24.3738075345755,19.2572096586227,26.6));
#13743=CARTESIAN_POINT('Ctrl Pts',(-24.3902939632287,19.0307607168552,26.6));
#13744=CARTESIAN_POINT('Ctrl Pts',(-24.4235690219005,18.5737119537796,26.6));
#13745=CARTESIAN_POINT('Ctrl Pts',(-24.6443874541948,18.1720208082842,26.6));
#13746=CARTESIAN_POINT('Ctrl Pts',(-24.7557993978262,17.9693511724472,26.6));
#13747=CARTESIAN_POINT('',(-24.3738075345755,19.2572096586227,27.));
#13748=CARTESIAN_POINT('Ctrl Pts',(-24.693044051528,20.5314246416092,27.));
#13749=CARTESIAN_POINT('Ctrl Pts',(-24.693044051528,20.5314246416092,26.6));
#13750=CARTESIAN_POINT('Ctrl Pts',(-24.60002088945,20.3427193272535,27.));
#13751=CARTESIAN_POINT('Ctrl Pts',(-24.60002088945,20.3427193272535,26.6));
#13752=CARTESIAN_POINT('Ctrl Pts',(-24.4023169405662,19.9416602255194,27.));
#13753=CARTESIAN_POINT('Ctrl Pts',(-24.4023169405662,19.9416602255194,26.6));
#13754=CARTESIAN_POINT('Ctrl Pts',(-24.383677037557,19.4941555603695,27.));
#13755=CARTESIAN_POINT('Ctrl Pts',(-24.383677037557,19.4941555603695,26.6));
#13756=CARTESIAN_POINT('Ctrl Pts',(-24.3738075345755,19.2572096586227,27.));
#13757=CARTESIAN_POINT('Ctrl Pts',(-24.3738075345755,19.2572096586227,26.6));
#13758=CARTESIAN_POINT('',(-24.693044051528,20.5314246416092,27.));
#13759=CARTESIAN_POINT('Ctrl Pts',(-24.693044051528,20.5314246416092,27.));
#13760=CARTESIAN_POINT('Ctrl Pts',(-24.60002088945,20.3427193272535,27.));
#13761=CARTESIAN_POINT('Ctrl Pts',(-24.4023169405662,19.9416602255194,27.));
#13762=CARTESIAN_POINT('Ctrl Pts',(-24.383677037557,19.4941555603695,27.));
#13763=CARTESIAN_POINT('Ctrl Pts',(-24.3738075345755,19.2572096586227,27.));
#13764=CARTESIAN_POINT('',(-24.693044051528,20.5314246416092,26.6));
#13765=CARTESIAN_POINT('Ctrl Pts',(-24.693044051528,20.5314246416092,26.6));
#13766=CARTESIAN_POINT('Ctrl Pts',(-24.60002088945,20.3427193272535,26.6));
#13767=CARTESIAN_POINT('Ctrl Pts',(-24.4023169405662,19.9416602255194,26.6));
#13768=CARTESIAN_POINT('Ctrl Pts',(-24.383677037557,19.4941555603695,26.6));
#13769=CARTESIAN_POINT('Ctrl Pts',(-24.3738075345755,19.2572096586227,26.6));
#13770=CARTESIAN_POINT('',(-24.693044051528,20.5314246416092,27.));
#13771=CARTESIAN_POINT('Ctrl Pts',(-25.5770816653967,21.3445214033127,27.));
#13772=CARTESIAN_POINT('Ctrl Pts',(-25.5770816653967,21.3445214033127,26.6));
#13773=CARTESIAN_POINT('Ctrl Pts',(-25.3997865967312,21.2374769193208,27.));
#13774=CARTESIAN_POINT('Ctrl Pts',(-25.3997865967312,21.2374769193208,26.6));
#13775=CARTESIAN_POINT('Ctrl Pts',(-25.0499121153262,21.0262350973916,27.));
#13776=CARTESIAN_POINT('Ctrl Pts',(-25.0499121153262,21.0262350973916,26.6));
#13777=CARTESIAN_POINT('Ctrl Pts',(-24.8109263786884,20.6948727445584,27.));
#13778=CARTESIAN_POINT('Ctrl Pts',(-24.8109263786884,20.6948727445584,26.6));
#13779=CARTESIAN_POINT('Ctrl Pts',(-24.693044051528,20.5314246416092,27.));
#13780=CARTESIAN_POINT('Ctrl Pts',(-24.693044051528,20.5314246416092,26.6));
#13781=CARTESIAN_POINT('',(-25.5770816653967,21.3445214033127,27.));
#13782=CARTESIAN_POINT('Ctrl Pts',(-25.5770816653967,21.3445214033127,27.));
#13783=CARTESIAN_POINT('Ctrl Pts',(-25.3997865967312,21.2374769193208,27.));
#13784=CARTESIAN_POINT('Ctrl Pts',(-25.0499121153262,21.0262350973916,27.));
#13785=CARTESIAN_POINT('Ctrl Pts',(-24.8109263786884,20.6948727445584,27.));
#13786=CARTESIAN_POINT('Ctrl Pts',(-24.693044051528,20.5314246416092,27.));
#13787=CARTESIAN_POINT('',(-25.5770816653967,21.3445214033127,26.6));
#13788=CARTESIAN_POINT('Ctrl Pts',(-25.5770816653967,21.3445214033127,26.6));
#13789=CARTESIAN_POINT('Ctrl Pts',(-25.3997865967312,21.2374769193208,26.6));
#13790=CARTESIAN_POINT('Ctrl Pts',(-25.0499121153262,21.0262350973916,26.6));
#13791=CARTESIAN_POINT('Ctrl Pts',(-24.8109263786884,20.6948727445584,26.6));
#13792=CARTESIAN_POINT('Ctrl Pts',(-24.693044051528,20.5314246416092,26.6));
#13793=CARTESIAN_POINT('',(-25.5770816653967,21.3445214033127,27.));
#13794=CARTESIAN_POINT('Ctrl Pts',(-27.3206009715796,21.9202378988266,27.));
#13795=CARTESIAN_POINT('Ctrl Pts',(-27.3206009715796,21.9202378988266,26.6));
#13796=CARTESIAN_POINT('Ctrl Pts',(-26.9749759339552,21.8372699325168,27.));
#13797=CARTESIAN_POINT('Ctrl Pts',(-26.9749759339552,21.8372699325168,26.6));
#13798=CARTESIAN_POINT('Ctrl Pts',(-26.3773131583218,21.6937998142228,27.));
#13799=CARTESIAN_POINT('Ctrl Pts',(-26.3773131583218,21.6937998142228,26.6));
#13800=CARTESIAN_POINT('Ctrl Pts',(-25.8144459274187,21.44812418948,27.));
#13801=CARTESIAN_POINT('Ctrl Pts',(-25.8144459274187,21.44812418948,26.6));
#13802=CARTESIAN_POINT('Ctrl Pts',(-25.5770816653967,21.3445214033127,27.));
#13803=CARTESIAN_POINT('Ctrl Pts',(-25.5770816653967,21.3445214033127,26.6));
#13804=CARTESIAN_POINT('',(-27.3206009715796,21.9202378988266,27.));
#13805=CARTESIAN_POINT('Ctrl Pts',(-27.3206009715796,21.9202378988266,27.));
#13806=CARTESIAN_POINT('Ctrl Pts',(-26.9749759339552,21.8372699325168,27.));
#13807=CARTESIAN_POINT('Ctrl Pts',(-26.3773131583218,21.6937998142228,27.));
#13808=CARTESIAN_POINT('Ctrl Pts',(-25.8144459274187,21.44812418948,27.));
#13809=CARTESIAN_POINT('Ctrl Pts',(-25.5770816653967,21.3445214033127,27.));
#13810=CARTESIAN_POINT('',(-27.3206009715796,21.9202378988266,26.6));
#13811=CARTESIAN_POINT('Ctrl Pts',(-27.3206009715796,21.9202378988266,26.6));
#13812=CARTESIAN_POINT('Ctrl Pts',(-26.9749759339552,21.8372699325168,26.6));
#13813=CARTESIAN_POINT('Ctrl Pts',(-26.3773131583218,21.6937998142228,26.6));
#13814=CARTESIAN_POINT('Ctrl Pts',(-25.8144459274187,21.44812418948,26.6));
#13815=CARTESIAN_POINT('Ctrl Pts',(-25.5770816653967,21.3445214033127,26.6));
#13816=CARTESIAN_POINT('',(-27.3206009715796,21.9202378988266,27.));
#13817=CARTESIAN_POINT('Ctrl Pts',(-28.8049121946096,22.4550262689591,27.));
#13818=CARTESIAN_POINT('Ctrl Pts',(-28.8049121946096,22.4550262689591,26.6));
#13819=CARTESIAN_POINT('Ctrl Pts',(-28.6327238160386,22.3614359959362,27.));
#13820=CARTESIAN_POINT('Ctrl Pts',(-28.6327238160386,22.3614359959362,26.6));
#13821=CARTESIAN_POINT('Ctrl Pts',(-28.1670111286973,22.1083052218376,27.));
#13822=CARTESIAN_POINT('Ctrl Pts',(-28.1670111286973,22.1083052218376,26.6));
#13823=CARTESIAN_POINT('Ctrl Pts',(-27.6478268016912,21.9929455398818,27.));
#13824=CARTESIAN_POINT('Ctrl Pts',(-27.6478268016912,21.9929455398818,26.6));
#13825=CARTESIAN_POINT('Ctrl Pts',(-27.3206009715796,21.9202378988266,27.));
#13826=CARTESIAN_POINT('Ctrl Pts',(-27.3206009715796,21.9202378988266,26.6));
#13827=CARTESIAN_POINT('',(-28.8049121946096,22.4550262689591,27.));
#13828=CARTESIAN_POINT('Ctrl Pts',(-28.8049121946096,22.4550262689591,27.));
#13829=CARTESIAN_POINT('Ctrl Pts',(-28.6327238160386,22.3614359959362,27.));
#13830=CARTESIAN_POINT('Ctrl Pts',(-28.1670111286973,22.1083052218376,27.));
#13831=CARTESIAN_POINT('Ctrl Pts',(-27.6478268016912,21.9929455398818,27.));
#13832=CARTESIAN_POINT('Ctrl Pts',(-27.3206009715796,21.9202378988266,27.));
#13833=CARTESIAN_POINT('',(-28.8049121946096,22.4550262689591,26.6));
#13834=CARTESIAN_POINT('Ctrl Pts',(-28.8049121946096,22.4550262689591,26.6));
#13835=CARTESIAN_POINT('Ctrl Pts',(-28.6327238160386,22.3614359959362,26.6));
#13836=CARTESIAN_POINT('Ctrl Pts',(-28.1670111286973,22.1083052218376,26.6));
#13837=CARTESIAN_POINT('Ctrl Pts',(-27.6478268016912,21.9929455398818,26.6));
#13838=CARTESIAN_POINT('Ctrl Pts',(-27.3206009715796,21.9202378988266,26.6));
#13839=CARTESIAN_POINT('',(-28.8049121946096,22.4550262689591,27.));
#13840=CARTESIAN_POINT('Ctrl Pts',(-29.045021161437,22.9407004117966,27.));
#13841=CARTESIAN_POINT('Ctrl Pts',(-29.045021161437,22.9407004117966,26.6));
#13842=CARTESIAN_POINT('Ctrl Pts',(-29.0339078874378,22.8486095786899,27.));
#13843=CARTESIAN_POINT('Ctrl Pts',(-29.0339078874378,22.8486095786899,26.6));
#13844=CARTESIAN_POINT('Ctrl Pts',(-29.0110192746518,22.6589416716201,27.));
#13845=CARTESIAN_POINT('Ctrl Pts',(-29.0110192746518,22.6589416716201,26.6));
#13846=CARTESIAN_POINT('Ctrl Pts',(-28.8749267366263,22.524296298521,27.));
#13847=CARTESIAN_POINT('Ctrl Pts',(-28.8749267366263,22.524296298521,26.6));
#13848=CARTESIAN_POINT('Ctrl Pts',(-28.8049121946096,22.4550262689591,27.));
#13849=CARTESIAN_POINT('Ctrl Pts',(-28.8049121946096,22.4550262689591,26.6));
#13850=CARTESIAN_POINT('',(-29.045021161437,22.9407004117966,27.));
#13851=CARTESIAN_POINT('Ctrl Pts',(-29.045021161437,22.9407004117966,27.));
#13852=CARTESIAN_POINT('Ctrl Pts',(-29.0339078874378,22.8486095786899,27.));
#13853=CARTESIAN_POINT('Ctrl Pts',(-29.0110192746518,22.6589416716201,27.));
#13854=CARTESIAN_POINT('Ctrl Pts',(-28.8749267366263,22.524296298521,27.));
#13855=CARTESIAN_POINT('Ctrl Pts',(-28.8049121946096,22.4550262689591,27.));
#13856=CARTESIAN_POINT('',(-29.045021161437,22.9407004117966,26.6));
#13857=CARTESIAN_POINT('Ctrl Pts',(-29.045021161437,22.9407004117966,26.6));
#13858=CARTESIAN_POINT('Ctrl Pts',(-29.0339078874378,22.8486095786899,26.6));
#13859=CARTESIAN_POINT('Ctrl Pts',(-29.0110192746518,22.6589416716201,26.6));
#13860=CARTESIAN_POINT('Ctrl Pts',(-28.8749267366263,22.524296298521,26.6));
#13861=CARTESIAN_POINT('Ctrl Pts',(-28.8049121946096,22.4550262689591,26.6));
#13862=CARTESIAN_POINT('',(-29.045021161437,22.9407004117966,27.));
#13863=CARTESIAN_POINT('Ctrl Pts',(-28.7885411828756,23.4372905492783,27.));
#13864=CARTESIAN_POINT('Ctrl Pts',(-28.7885411828756,23.4372905492783,26.6));
#13865=CARTESIAN_POINT('Ctrl Pts',(-28.8633471153495,23.3704861721308,27.));
#13866=CARTESIAN_POINT('Ctrl Pts',(-28.8633471153495,23.3704861721308,26.6));
#13867=CARTESIAN_POINT('Ctrl Pts',(-29.0121867076143,23.2375670850034,27.));
#13868=CARTESIAN_POINT('Ctrl Pts',(-29.0121867076143,23.2375670850034,26.6));
#13869=CARTESIAN_POINT('Ctrl Pts',(-29.0341142681185,23.0393130810368,27.));
#13870=CARTESIAN_POINT('Ctrl Pts',(-29.0341142681185,23.0393130810368,26.6));
#13871=CARTESIAN_POINT('Ctrl Pts',(-29.045021161437,22.9407004117966,27.));
#13872=CARTESIAN_POINT('Ctrl Pts',(-29.045021161437,22.9407004117966,26.6));
#13873=CARTESIAN_POINT('',(-28.7885411828756,23.4372905492783,27.));
#13874=CARTESIAN_POINT('Ctrl Pts',(-28.7885411828756,23.4372905492783,27.));
#13875=CARTESIAN_POINT('Ctrl Pts',(-28.8633471153495,23.3704861721308,27.));
#13876=CARTESIAN_POINT('Ctrl Pts',(-29.0121867076143,23.2375670850034,27.));
#13877=CARTESIAN_POINT('Ctrl Pts',(-29.0341142681185,23.0393130810368,27.));
#13878=CARTESIAN_POINT('Ctrl Pts',(-29.045021161437,22.9407004117966,27.));
#13879=CARTESIAN_POINT('',(-28.7885411828756,23.4372905492783,26.6));
#13880=CARTESIAN_POINT('Ctrl Pts',(-28.7885411828756,23.4372905492783,26.6));
#13881=CARTESIAN_POINT('Ctrl Pts',(-28.8633471153495,23.3704861721308,26.6));
#13882=CARTESIAN_POINT('Ctrl Pts',(-29.0121867076143,23.2375670850034,26.6));
#13883=CARTESIAN_POINT('Ctrl Pts',(-29.0341142681185,23.0393130810368,26.6));
#13884=CARTESIAN_POINT('Ctrl Pts',(-29.045021161437,22.9407004117966,26.6));
#13885=CARTESIAN_POINT('',(-28.7885411828756,23.4372905492783,27.));
#13886=CARTESIAN_POINT('Ctrl Pts',(-27.6862218230963,23.7265131473541,27.));
#13887=CARTESIAN_POINT('Ctrl Pts',(-27.6862218230963,23.7265131473541,26.6));
#13888=CARTESIAN_POINT('Ctrl Pts',(-27.9002429319073,23.7197704491138,27.));
#13889=CARTESIAN_POINT('Ctrl Pts',(-27.9002429319073,23.7197704491138,26.6));
#13890=CARTESIAN_POINT('Ctrl Pts',(-28.2911051034703,23.7074564035925,27.));
#13891=CARTESIAN_POINT('Ctrl Pts',(-28.2911051034703,23.7074564035925,26.6));
#13892=CARTESIAN_POINT('Ctrl Pts',(-28.6335885251911,23.5214479292408,27.));
#13893=CARTESIAN_POINT('Ctrl Pts',(-28.6335885251911,23.5214479292408,26.6));
#13894=CARTESIAN_POINT('Ctrl Pts',(-28.7885411828756,23.4372905492783,27.));
#13895=CARTESIAN_POINT('Ctrl Pts',(-28.7885411828756,23.4372905492783,26.6));
#13896=CARTESIAN_POINT('',(-27.6862218230963,23.7265131473541,27.));
#13897=CARTESIAN_POINT('Ctrl Pts',(-27.6862218230963,23.7265131473541,27.));
#13898=CARTESIAN_POINT('Ctrl Pts',(-27.9002429319073,23.7197704491138,27.));
#13899=CARTESIAN_POINT('Ctrl Pts',(-28.2911051034703,23.7074564035925,27.));
#13900=CARTESIAN_POINT('Ctrl Pts',(-28.6335885251911,23.5214479292408,27.));
#13901=CARTESIAN_POINT('Ctrl Pts',(-28.7885411828756,23.4372905492783,27.));
#13902=CARTESIAN_POINT('',(-27.6862218230963,23.7265131473541,26.6));
#13903=CARTESIAN_POINT('Ctrl Pts',(-27.6862218230963,23.7265131473541,26.6));
#13904=CARTESIAN_POINT('Ctrl Pts',(-27.9002429319073,23.7197704491138,26.6));
#13905=CARTESIAN_POINT('Ctrl Pts',(-28.2911051034703,23.7074564035925,26.6));
#13906=CARTESIAN_POINT('Ctrl Pts',(-28.6335885251911,23.5214479292408,26.6));
#13907=CARTESIAN_POINT('Ctrl Pts',(-28.7885411828756,23.4372905492783,26.6));
#13908=CARTESIAN_POINT('',(-27.6862218230963,23.7265131473541,27.));
#13909=CARTESIAN_POINT('Ctrl Pts',(-26.6630294173956,23.4563902616501,27.));
#13910=CARTESIAN_POINT('Ctrl Pts',(-26.6630294173956,23.4563902616501,26.6));
#13911=CARTESIAN_POINT('Ctrl Pts',(-26.8020083668089,23.534887196547,27.));
#13912=CARTESIAN_POINT('Ctrl Pts',(-26.8020083668089,23.534887196547,26.6));
#13913=CARTESIAN_POINT('Ctrl Pts',(-27.117845784782,23.7132758614586,27.));
#13914=CARTESIAN_POINT('Ctrl Pts',(-27.117845784782,23.7132758614586,26.6));
#13915=CARTESIAN_POINT('Ctrl Pts',(-27.4821971530108,23.7217614817215,27.));
#13916=CARTESIAN_POINT('Ctrl Pts',(-27.4821971530108,23.7217614817215,26.6));
#13917=CARTESIAN_POINT('Ctrl Pts',(-27.6862218230963,23.7265131473541,27.));
#13918=CARTESIAN_POINT('Ctrl Pts',(-27.6862218230963,23.7265131473541,26.6));
#13919=CARTESIAN_POINT('',(-26.6630294173956,23.4563902616501,27.));
#13920=CARTESIAN_POINT('Ctrl Pts',(-26.6630294173956,23.4563902616501,27.));
#13921=CARTESIAN_POINT('Ctrl Pts',(-26.8020083668089,23.534887196547,27.));
#13922=CARTESIAN_POINT('Ctrl Pts',(-27.117845784782,23.7132758614586,27.));
#13923=CARTESIAN_POINT('Ctrl Pts',(-27.4821971530108,23.7217614817215,27.));
#13924=CARTESIAN_POINT('Ctrl Pts',(-27.6862218230963,23.7265131473541,27.));
#13925=CARTESIAN_POINT('',(-26.6630294173956,23.4563902616501,26.6));
#13926=CARTESIAN_POINT('Ctrl Pts',(-26.6630294173956,23.4563902616501,26.6));
#13927=CARTESIAN_POINT('Ctrl Pts',(-26.8020083668089,23.534887196547,26.6));
#13928=CARTESIAN_POINT('Ctrl Pts',(-27.117845784782,23.7132758614586,26.6));
#13929=CARTESIAN_POINT('Ctrl Pts',(-27.4821971530108,23.7217614817215,26.6));
#13930=CARTESIAN_POINT('Ctrl Pts',(-27.6862218230963,23.7265131473541,26.6));
#13931=CARTESIAN_POINT('',(-26.6630294173956,23.4563902616501,27.));
#13932=CARTESIAN_POINT('Ctrl Pts',(-26.2182822078466,22.5696233510971,27.));
#13933=CARTESIAN_POINT('Ctrl Pts',(-26.2182822078466,22.5696233510971,26.6));
#13934=CARTESIAN_POINT('Ctrl Pts',(-26.2560814553705,22.7549792665769,27.));
#13935=CARTESIAN_POINT('Ctrl Pts',(-26.2560814553705,22.7549792665769,26.6));
#13936=CARTESIAN_POINT('Ctrl Pts',(-26.3248670777094,23.0922828595231,27.));
#13937=CARTESIAN_POINT('Ctrl Pts',(-26.3248670777094,23.0922828595231,26.6));
#13938=CARTESIAN_POINT('Ctrl Pts',(-26.558005710296,23.3433087482289,27.));
#13939=CARTESIAN_POINT('Ctrl Pts',(-26.558005710296,23.3433087482289,26.6));
#13940=CARTESIAN_POINT('Ctrl Pts',(-26.6630294173956,23.4563902616501,27.));
#13941=CARTESIAN_POINT('Ctrl Pts',(-26.6630294173956,23.4563902616501,26.6));
#13942=CARTESIAN_POINT('',(-26.2182822078466,22.5696233510971,27.));
#13943=CARTESIAN_POINT('Ctrl Pts',(-26.2182822078466,22.5696233510971,27.));
#13944=CARTESIAN_POINT('Ctrl Pts',(-26.2560814553705,22.7549792665769,27.));
#13945=CARTESIAN_POINT('Ctrl Pts',(-26.3248670777094,23.0922828595231,27.));
#13946=CARTESIAN_POINT('Ctrl Pts',(-26.558005710296,23.3433087482289,27.));
#13947=CARTESIAN_POINT('Ctrl Pts',(-26.6630294173956,23.4563902616501,27.));
#13948=CARTESIAN_POINT('',(-26.2182822078466,22.5696233510971,26.6));
#13949=CARTESIAN_POINT('Ctrl Pts',(-26.2182822078466,22.5696233510971,26.6));
#13950=CARTESIAN_POINT('Ctrl Pts',(-26.2560814553705,22.7549792665769,26.6));
#13951=CARTESIAN_POINT('Ctrl Pts',(-26.3248670777094,23.0922828595231,26.6));
#13952=CARTESIAN_POINT('Ctrl Pts',(-26.558005710296,23.3433087482289,26.6));
#13953=CARTESIAN_POINT('Ctrl Pts',(-26.6630294173956,23.4563902616501,26.6));
#13954=CARTESIAN_POINT('',(-26.2182822078466,22.5696233510971,27.));
#13955=CARTESIAN_POINT('Origin',(-24.6030028909445,22.6405647993088,27.));
#13956=CARTESIAN_POINT('',(-24.6030028909445,22.6405647993088,27.));
#13957=CARTESIAN_POINT('',(-24.6030028909445,22.6405647993088,27.));
#13958=CARTESIAN_POINT('',(-24.6030028909445,22.6405647993088,26.6));
#13959=CARTESIAN_POINT('',(-24.6030028909445,22.6405647993088,26.6));
#13960=CARTESIAN_POINT('',(-24.6030028909445,22.6405647993088,27.));
#13961=CARTESIAN_POINT('Ctrl Pts',(-25.4024561494589,24.4031844139099,27.));
#13962=CARTESIAN_POINT('Ctrl Pts',(-25.4024561494589,24.4031844139099,26.6));
#13963=CARTESIAN_POINT('Ctrl Pts',(-25.1787160116926,24.1601704305084,27.));
#13964=CARTESIAN_POINT('Ctrl Pts',(-25.1787160116926,24.1601704305084,26.6));
#13965=CARTESIAN_POINT('Ctrl Pts',(-24.7194665034234,23.6613593834883,27.));
#13966=CARTESIAN_POINT('Ctrl Pts',(-24.7194665034234,23.6613593834883,26.6));
#13967=CARTESIAN_POINT('Ctrl Pts',(-24.642481727271,22.9865937559415,27.));
#13968=CARTESIAN_POINT('Ctrl Pts',(-24.642481727271,22.9865937559415,26.6));
#13969=CARTESIAN_POINT('Ctrl Pts',(-24.6030028909445,22.6405647993088,27.));
#13970=CARTESIAN_POINT('Ctrl Pts',(-24.6030028909445,22.6405647993088,26.6));
#13971=CARTESIAN_POINT('',(-25.4024561494589,24.4031844139099,27.));
#13972=CARTESIAN_POINT('Ctrl Pts',(-25.4024561494589,24.4031844139099,27.));
#13973=CARTESIAN_POINT('Ctrl Pts',(-25.1787160116926,24.1601704305084,27.));
#13974=CARTESIAN_POINT('Ctrl Pts',(-24.7194665034234,23.6613593834883,27.));
#13975=CARTESIAN_POINT('Ctrl Pts',(-24.642481727271,22.9865937559415,27.));
#13976=CARTESIAN_POINT('Ctrl Pts',(-24.6030028909445,22.6405647993088,27.));
#13977=CARTESIAN_POINT('',(-25.4024561494589,24.4031844139099,26.6));
#13978=CARTESIAN_POINT('Ctrl Pts',(-25.4024561494589,24.4031844139099,26.6));
#13979=CARTESIAN_POINT('Ctrl Pts',(-25.1787160116926,24.1601704305084,26.6));
#13980=CARTESIAN_POINT('Ctrl Pts',(-24.7194665034234,23.6613593834883,26.6));
#13981=CARTESIAN_POINT('Ctrl Pts',(-24.642481727271,22.9865937559415,26.6));
#13982=CARTESIAN_POINT('Ctrl Pts',(-24.6030028909445,22.6405647993088,26.6));
#13983=CARTESIAN_POINT('',(-25.4024561494589,24.4031844139099,27.));
#13984=CARTESIAN_POINT('Ctrl Pts',(-27.6698508113623,25.0634840726852,27.));
#13985=CARTESIAN_POINT('Ctrl Pts',(-27.6698508113623,25.0634840726852,26.6));
#13986=CARTESIAN_POINT('Ctrl Pts',(-27.2168460573183,25.0501416783445,27.));
#13987=CARTESIAN_POINT('Ctrl Pts',(-27.2168460573183,25.0501416783445,26.6));
#13988=CARTESIAN_POINT('Ctrl Pts',(-26.3997577653113,25.0260758951362,27.));
#13989=CARTESIAN_POINT('Ctrl Pts',(-26.3997577653113,25.0260758951362,26.6));
#13990=CARTESIAN_POINT('Ctrl Pts',(-25.7098636675717,24.5951840269194,27.));
#13991=CARTESIAN_POINT('Ctrl Pts',(-25.7098636675717,24.5951840269194,26.6));
#13992=CARTESIAN_POINT('Ctrl Pts',(-25.4024561494589,24.4031844139099,27.));
#13993=CARTESIAN_POINT('Ctrl Pts',(-25.4024561494589,24.4031844139099,26.6));
#13994=CARTESIAN_POINT('',(-27.6698508113623,25.0634840726852,27.));
#13995=CARTESIAN_POINT('Ctrl Pts',(-27.6698508113623,25.0634840726852,27.));
#13996=CARTESIAN_POINT('Ctrl Pts',(-27.2168460573183,25.0501416783445,27.));
#13997=CARTESIAN_POINT('Ctrl Pts',(-26.3997577653113,25.0260758951362,27.));
#13998=CARTESIAN_POINT('Ctrl Pts',(-25.7098636675717,24.5951840269194,27.));
#13999=CARTESIAN_POINT('Ctrl Pts',(-25.4024561494589,24.4031844139099,27.));
#14000=CARTESIAN_POINT('',(-27.6698508113623,25.0634840726852,26.6));
#14001=CARTESIAN_POINT('Ctrl Pts',(-27.6698508113623,25.0634840726852,26.6));
#14002=CARTESIAN_POINT('Ctrl Pts',(-27.2168460573183,25.0501416783445,26.6));
#14003=CARTESIAN_POINT('Ctrl Pts',(-26.3997577653113,25.0260758951362,26.6));
#14004=CARTESIAN_POINT('Ctrl Pts',(-25.7098636675717,24.5951840269194,26.6));
#14005=CARTESIAN_POINT('Ctrl Pts',(-25.4024561494589,24.4031844139099,26.6));
#14006=CARTESIAN_POINT('',(-27.6698508113623,25.0634840726852,27.));
#14007=CARTESIAN_POINT('Ctrl Pts',(-29.2442031949759,24.7851762771607,27.));
#14008=CARTESIAN_POINT('Ctrl Pts',(-29.2442031949759,24.7851762771607,26.6));
#14009=CARTESIAN_POINT('Ctrl Pts',(-29.0064344746024,24.8662507357019,27.));
#14010=CARTESIAN_POINT('Ctrl Pts',(-29.0064344746024,24.8662507357019,26.6));
#14011=CARTESIAN_POINT('Ctrl Pts',(-28.4965539849602,25.0401099571905,27.));
#14012=CARTESIAN_POINT('Ctrl Pts',(-28.4965539849602,25.0401099571905,26.6));
#14013=CARTESIAN_POINT('Ctrl Pts',(-27.9575207475597,25.0553505242391,27.));
#14014=CARTESIAN_POINT('Ctrl Pts',(-27.9575207475597,25.0553505242391,26.6));
#14015=CARTESIAN_POINT('Ctrl Pts',(-27.6698508113623,25.0634840726852,27.));
#14016=CARTESIAN_POINT('Ctrl Pts',(-27.6698508113623,25.0634840726852,26.6));
#14017=CARTESIAN_POINT('',(-29.2442031949759,24.7851762771607,27.));
#14018=CARTESIAN_POINT('Ctrl Pts',(-29.2442031949759,24.7851762771607,27.));
#14019=CARTESIAN_POINT('Ctrl Pts',(-29.0064344746024,24.8662507357019,27.));
#14020=CARTESIAN_POINT('Ctrl Pts',(-28.4965539849602,25.0401099571905,27.));
#14021=CARTESIAN_POINT('Ctrl Pts',(-27.9575207475597,25.0553505242391,27.));
#14022=CARTESIAN_POINT('Ctrl Pts',(-27.6698508113623,25.0634840726852,27.));
#14023=CARTESIAN_POINT('',(-29.2442031949759,24.7851762771607,26.6));
#14024=CARTESIAN_POINT('Ctrl Pts',(-29.2442031949759,24.7851762771607,26.6));
#14025=CARTESIAN_POINT('Ctrl Pts',(-29.0064344746024,24.8662507357019,26.6));
#14026=CARTESIAN_POINT('Ctrl Pts',(-28.4965539849602,25.0401099571905,26.6));
#14027=CARTESIAN_POINT('Ctrl Pts',(-27.9575207475597,25.0553505242391,26.6));
#14028=CARTESIAN_POINT('Ctrl Pts',(-27.6698508113623,25.0634840726852,26.6));
#14029=CARTESIAN_POINT('',(-29.2442031949759,24.7851762771607,27.));
#14030=CARTESIAN_POINT('Ctrl Pts',(-30.2428384870291,23.9748076200485,27.));
#14031=CARTESIAN_POINT('Ctrl Pts',(-30.2428384870291,23.9748076200485,26.6));
#14032=CARTESIAN_POINT('Ctrl Pts',(-30.1115624931657,24.1428565747607,27.));
#14033=CARTESIAN_POINT('Ctrl Pts',(-30.1115624931657,24.1428565747607,26.6));
#14034=CARTESIAN_POINT('Ctrl Pts',(-29.8410528691367,24.4891412092916,27.));
#14035=CARTESIAN_POINT('Ctrl Pts',(-29.8410528691367,24.4891412092916,26.6));
#14036=CARTESIAN_POINT('Ctrl Pts',(-29.4470168983031,24.6845814858279,27.));
#14037=CARTESIAN_POINT('Ctrl Pts',(-29.4470168983031,24.6845814858279,26.6));
#14038=CARTESIAN_POINT('Ctrl Pts',(-29.2442031949759,24.7851762771607,27.));
#14039=CARTESIAN_POINT('Ctrl Pts',(-29.2442031949759,24.7851762771607,26.6));
#14040=CARTESIAN_POINT('',(-30.2428384870291,23.9748076200485,27.));
#14041=CARTESIAN_POINT('Ctrl Pts',(-30.2428384870291,23.9748076200485,27.));
#14042=CARTESIAN_POINT('Ctrl Pts',(-30.1115624931657,24.1428565747607,27.));
#14043=CARTESIAN_POINT('Ctrl Pts',(-29.8410528691367,24.4891412092916,27.));
#14044=CARTESIAN_POINT('Ctrl Pts',(-29.4470168983031,24.6845814858279,27.));
#14045=CARTESIAN_POINT('Ctrl Pts',(-29.2442031949759,24.7851762771607,27.));
#14046=CARTESIAN_POINT('',(-30.2428384870291,23.9748076200485,26.6));
#14047=CARTESIAN_POINT('Ctrl Pts',(-30.2428384870291,23.9748076200485,26.6));
#14048=CARTESIAN_POINT('Ctrl Pts',(-30.1115624931657,24.1428565747607,26.6));
#14049=CARTESIAN_POINT('Ctrl Pts',(-29.8410528691367,24.4891412092916,26.6));
#14050=CARTESIAN_POINT('Ctrl Pts',(-29.4470168983031,24.6845814858279,26.6));
#14051=CARTESIAN_POINT('Ctrl Pts',(-29.2442031949759,24.7851762771607,26.6));
#14052=CARTESIAN_POINT('',(-30.2428384870291,23.9748076200485,27.));
#14053=CARTESIAN_POINT('Ctrl Pts',(-30.589359626174,22.8315607309342,27.));
#14054=CARTESIAN_POINT('Ctrl Pts',(-30.589359626174,22.8315607309342,26.6));
#14055=CARTESIAN_POINT('Ctrl Pts',(-30.5743437831703,23.0328744286399,27.));
#14056=CARTESIAN_POINT('Ctrl Pts',(-30.5743437831703,23.0328744286399,26.6));
#14057=CARTESIAN_POINT('Ctrl Pts',(-30.5440040956445,23.4396311243222,27.));
#14058=CARTESIAN_POINT('Ctrl Pts',(-30.5440040956445,23.4396311243222,26.6));
#14059=CARTESIAN_POINT('Ctrl Pts',(-30.3439041460979,23.7952121957655,27.));
#14060=CARTESIAN_POINT('Ctrl Pts',(-30.3439041460979,23.7952121957655,26.6));
#14061=CARTESIAN_POINT('Ctrl Pts',(-30.2428384870291,23.9748076200485,27.));
#14062=CARTESIAN_POINT('Ctrl Pts',(-30.2428384870291,23.9748076200485,26.6));
#14063=CARTESIAN_POINT('',(-30.589359626174,22.8315607309342,27.));
#14064=CARTESIAN_POINT('Ctrl Pts',(-30.589359626174,22.8315607309342,27.));
#14065=CARTESIAN_POINT('Ctrl Pts',(-30.5743437831703,23.0328744286399,27.));
#14066=CARTESIAN_POINT('Ctrl Pts',(-30.5440040956445,23.4396311243222,27.));
#14067=CARTESIAN_POINT('Ctrl Pts',(-30.3439041460979,23.7952121957655,27.));
#14068=CARTESIAN_POINT('Ctrl Pts',(-30.2428384870291,23.9748076200485,27.));
#14069=CARTESIAN_POINT('',(-30.589359626174,22.8315607309342,26.6));
#14070=CARTESIAN_POINT('Ctrl Pts',(-30.589359626174,22.8315607309342,26.6));
#14071=CARTESIAN_POINT('Ctrl Pts',(-30.5743437831703,23.0328744286399,26.6));
#14072=CARTESIAN_POINT('Ctrl Pts',(-30.5440040956445,23.4396311243222,26.6));
#14073=CARTESIAN_POINT('Ctrl Pts',(-30.3439041460979,23.7952121957655,26.6));
#14074=CARTESIAN_POINT('Ctrl Pts',(-30.2428384870291,23.9748076200485,26.6));
#14075=CARTESIAN_POINT('',(-30.589359626174,22.8315607309342,27.));
#14076=CARTESIAN_POINT('Ctrl Pts',(-29.8526611179113,21.2217382192612,27.));
#14077=CARTESIAN_POINT('Ctrl Pts',(-29.8526611179113,21.2217382192612,26.6));
#14078=CARTESIAN_POINT('Ctrl Pts',(-30.0675229085485,21.4519937118848,27.));
#14079=CARTESIAN_POINT('Ctrl Pts',(-30.0675229085485,21.4519937118848,26.6));
#14080=CARTESIAN_POINT('Ctrl Pts',(-30.4922685106165,21.9071700722507,27.));
#14081=CARTESIAN_POINT('Ctrl Pts',(-30.4922685106165,21.9071700722507,26.6));
#14082=CARTESIAN_POINT('Ctrl Pts',(-30.5572497791423,22.5258474586389,27.));
#14083=CARTESIAN_POINT('Ctrl Pts',(-30.5572497791423,22.5258474586389,26.6));
#14084=CARTESIAN_POINT('Ctrl Pts',(-30.589359626174,22.8315607309342,27.));
#14085=CARTESIAN_POINT('Ctrl Pts',(-30.589359626174,22.8315607309342,26.6));
#14086=CARTESIAN_POINT('',(-29.8526611179113,21.2217382192612,27.));
#14087=CARTESIAN_POINT('Ctrl Pts',(-29.8526611179113,21.2217382192612,27.));
#14088=CARTESIAN_POINT('Ctrl Pts',(-30.0675229085485,21.4519937118848,27.));
#14089=CARTESIAN_POINT('Ctrl Pts',(-30.4922685106165,21.9071700722507,27.));
#14090=CARTESIAN_POINT('Ctrl Pts',(-30.5572497791423,22.5258474586389,27.));
#14091=CARTESIAN_POINT('Ctrl Pts',(-30.589359626174,22.8315607309342,27.));
#14092=CARTESIAN_POINT('',(-29.8526611179113,21.2217382192612,26.6));
#14093=CARTESIAN_POINT('Ctrl Pts',(-29.8526611179113,21.2217382192612,26.6));
#14094=CARTESIAN_POINT('Ctrl Pts',(-30.0675229085485,21.4519937118848,26.6));
#14095=CARTESIAN_POINT('Ctrl Pts',(-30.4922685106165,21.9071700722507,26.6));
#14096=CARTESIAN_POINT('Ctrl Pts',(-30.5572497791423,22.5258474586389,26.6));
#14097=CARTESIAN_POINT('Ctrl Pts',(-30.589359626174,22.8315607309342,26.6));
#14098=CARTESIAN_POINT('',(-29.8526611179113,21.2217382192612,27.));
#14099=CARTESIAN_POINT('Ctrl Pts',(-28.0300148576498,20.4304698705673,27.));
#14100=CARTESIAN_POINT('Ctrl Pts',(-28.0300148576498,20.4304698705673,26.6));
#14101=CARTESIAN_POINT('Ctrl Pts',(-28.4090111373343,20.5267408800039,27.));
#14102=CARTESIAN_POINT('Ctrl Pts',(-28.4090111373343,20.5267408800039,26.6));
#14103=CARTESIAN_POINT('Ctrl Pts',(-29.0613148147728,20.6924362623927,27.));
#14104=CARTESIAN_POINT('Ctrl Pts',(-29.0613148147728,20.6924362623927,26.6));
#14105=CARTESIAN_POINT('Ctrl Pts',(-29.6189984007835,21.065449963497,27.));
#14106=CARTESIAN_POINT('Ctrl Pts',(-29.6189984007835,21.065449963497,26.6));
#14107=CARTESIAN_POINT('Ctrl Pts',(-29.8526611179113,21.2217382192612,27.));
#14108=CARTESIAN_POINT('Ctrl Pts',(-29.8526611179113,21.2217382192612,26.6));
#14109=CARTESIAN_POINT('',(-28.0300148576498,20.4304698705673,27.));
#14110=CARTESIAN_POINT('Ctrl Pts',(-28.0300148576498,20.4304698705673,27.));
#14111=CARTESIAN_POINT('Ctrl Pts',(-28.4090111373343,20.5267408800039,27.));
#14112=CARTESIAN_POINT('Ctrl Pts',(-29.0613148147728,20.6924362623927,27.));
#14113=CARTESIAN_POINT('Ctrl Pts',(-29.6189984007835,21.065449963497,27.));
#14114=CARTESIAN_POINT('Ctrl Pts',(-29.8526611179113,21.2217382192612,27.));
#14115=CARTESIAN_POINT('',(-28.0300148576498,20.4304698705673,26.6));
#14116=CARTESIAN_POINT('Ctrl Pts',(-28.0300148576498,20.4304698705673,26.6));
#14117=CARTESIAN_POINT('Ctrl Pts',(-28.4090111373343,20.5267408800039,26.6));
#14118=CARTESIAN_POINT('Ctrl Pts',(-29.0613148147728,20.6924362623927,26.6));
#14119=CARTESIAN_POINT('Ctrl Pts',(-29.6189984007835,21.065449963497,26.6));
#14120=CARTESIAN_POINT('Ctrl Pts',(-29.8526611179113,21.2217382192612,26.6));
#14121=CARTESIAN_POINT('',(-28.0300148576498,20.4304698705673,27.));
#14122=CARTESIAN_POINT('Ctrl Pts',(-26.7366989701986,20.0812200307846,27.));
#14123=CARTESIAN_POINT('Ctrl Pts',(-26.7366989701986,20.0812200307846,26.6));
#14124=CARTESIAN_POINT('Ctrl Pts',(-26.891508317695,20.12764513491,27.));
#14125=CARTESIAN_POINT('Ctrl Pts',(-26.891508317695,20.12764513491,26.6));
#14126=CARTESIAN_POINT('Ctrl Pts',(-27.3193446140507,20.2559471071626,27.));
#14127=CARTESIAN_POINT('Ctrl Pts',(-27.3193446140507,20.2559471071626,26.6));
#14128=CARTESIAN_POINT('Ctrl Pts',(-27.7531675132075,20.36248311577,27.));
#14129=CARTESIAN_POINT('Ctrl Pts',(-27.7531675132075,20.36248311577,26.6));
#14130=CARTESIAN_POINT('Ctrl Pts',(-28.0300148576498,20.4304698705673,27.));
#14131=CARTESIAN_POINT('Ctrl Pts',(-28.0300148576498,20.4304698705673,26.6));
#14132=CARTESIAN_POINT('',(-26.7366989701986,20.0812200307846,27.));
#14133=CARTESIAN_POINT('Ctrl Pts',(-26.7366989701986,20.0812200307846,27.));
#14134=CARTESIAN_POINT('Ctrl Pts',(-26.891508317695,20.12764513491,27.));
#14135=CARTESIAN_POINT('Ctrl Pts',(-27.3193446140507,20.2559471071626,27.));
#14136=CARTESIAN_POINT('Ctrl Pts',(-27.7531675132075,20.36248311577,27.));
#14137=CARTESIAN_POINT('Ctrl Pts',(-28.0300148576498,20.4304698705673,27.));
#14138=CARTESIAN_POINT('',(-26.7366989701986,20.0812200307846,26.6));
#14139=CARTESIAN_POINT('Ctrl Pts',(-26.7366989701986,20.0812200307846,26.6));
#14140=CARTESIAN_POINT('Ctrl Pts',(-26.891508317695,20.12764513491,26.6));
#14141=CARTESIAN_POINT('Ctrl Pts',(-27.3193446140507,20.2559471071626,26.6));
#14142=CARTESIAN_POINT('Ctrl Pts',(-27.7531675132075,20.36248311577,26.6));
#14143=CARTESIAN_POINT('Ctrl Pts',(-28.0300148576498,20.4304698705673,26.6));
#14144=CARTESIAN_POINT('',(-26.7366989701986,20.0812200307846,27.));
#14145=CARTESIAN_POINT('Ctrl Pts',(-26.155526265502,19.7346988916397,27.));
#14146=CARTESIAN_POINT('Ctrl Pts',(-26.155526265502,19.7346988916397,26.6));
#14147=CARTESIAN_POINT('Ctrl Pts',(-26.2288272481308,19.8013989046657,27.));
#14148=CARTESIAN_POINT('Ctrl Pts',(-26.2288272481308,19.8013989046657,26.6));
#14149=CARTESIAN_POINT('Ctrl Pts',(-26.3984558554723,19.9557519557912,27.));
#14150=CARTESIAN_POINT('Ctrl Pts',(-26.3984558554723,19.9557519557912,26.6));
#14151=CARTESIAN_POINT('Ctrl Pts',(-26.6141895047676,20.0357763066499,27.));
#14152=CARTESIAN_POINT('Ctrl Pts',(-26.6141895047676,20.0357763066499,26.6));
#14153=CARTESIAN_POINT('Ctrl Pts',(-26.7366989701986,20.0812200307846,27.));
#14154=CARTESIAN_POINT('Ctrl Pts',(-26.7366989701986,20.0812200307846,26.6));
#14155=CARTESIAN_POINT('',(-26.155526265502,19.7346988916397,27.));
#14156=CARTESIAN_POINT('Ctrl Pts',(-26.155526265502,19.7346988916397,27.));
#14157=CARTESIAN_POINT('Ctrl Pts',(-26.2288272481308,19.8013989046657,27.));
#14158=CARTESIAN_POINT('Ctrl Pts',(-26.3984558554723,19.9557519557912,27.));
#14159=CARTESIAN_POINT('Ctrl Pts',(-26.6141895047676,20.0357763066499,27.));
#14160=CARTESIAN_POINT('Ctrl Pts',(-26.7366989701986,20.0812200307846,27.));
#14161=CARTESIAN_POINT('',(-26.155526265502,19.7346988916397,26.6));
#14162=CARTESIAN_POINT('Ctrl Pts',(-26.155526265502,19.7346988916397,26.6));
#14163=CARTESIAN_POINT('Ctrl Pts',(-26.2288272481308,19.8013989046657,26.6));
#14164=CARTESIAN_POINT('Ctrl Pts',(-26.3984558554723,19.9557519557912,26.6));
#14165=CARTESIAN_POINT('Ctrl Pts',(-26.6141895047676,20.0357763066499,26.6));
#14166=CARTESIAN_POINT('Ctrl Pts',(-26.7366989701986,20.0812200307846,26.6));
#14167=CARTESIAN_POINT('',(-26.155526265502,19.7346988916397,27.));
#14168=CARTESIAN_POINT('Ctrl Pts',(-25.9890868514776,19.2517522573471,27.));
#14169=CARTESIAN_POINT('Ctrl Pts',(-25.9890868514776,19.2517522573471,26.6));
#14170=CARTESIAN_POINT('Ctrl Pts',(-25.9953194600682,19.3419622476355,27.));
#14171=CARTESIAN_POINT('Ctrl Pts',(-25.9953194600682,19.3419622476355,26.6));
#14172=CARTESIAN_POINT('Ctrl Pts',(-26.0074878127744,19.5180854492602,27.));
#14173=CARTESIAN_POINT('Ctrl Pts',(-26.0074878127744,19.5180854492602,26.6));
#14174=CARTESIAN_POINT('Ctrl Pts',(-26.1069892750457,19.6636783939801,27.));
#14175=CARTESIAN_POINT('Ctrl Pts',(-26.1069892750457,19.6636783939801,26.6));
#14176=CARTESIAN_POINT('Ctrl Pts',(-26.155526265502,19.7346988916397,27.));
#14177=CARTESIAN_POINT('Ctrl Pts',(-26.155526265502,19.7346988916397,26.6));
#14178=CARTESIAN_POINT('',(-25.9890868514776,19.2517522573471,27.));
#14179=CARTESIAN_POINT('Ctrl Pts',(-25.9890868514776,19.2517522573471,27.));
#14180=CARTESIAN_POINT('Ctrl Pts',(-25.9953194600682,19.3419622476355,27.));
#14181=CARTESIAN_POINT('Ctrl Pts',(-26.0074878127744,19.5180854492602,27.));
#14182=CARTESIAN_POINT('Ctrl Pts',(-26.1069892750457,19.6636783939801,27.));
#14183=CARTESIAN_POINT('Ctrl Pts',(-26.155526265502,19.7346988916397,27.));
#14184=CARTESIAN_POINT('',(-25.9890868514776,19.2517522573471,26.6));
#14185=CARTESIAN_POINT('Ctrl Pts',(-25.9890868514776,19.2517522573471,26.6));
#14186=CARTESIAN_POINT('Ctrl Pts',(-25.9953194600682,19.3419622476355,26.6));
#14187=CARTESIAN_POINT('Ctrl Pts',(-26.0074878127744,19.5180854492602,26.6));
#14188=CARTESIAN_POINT('Ctrl Pts',(-26.1069892750457,19.6636783939801,26.6));
#14189=CARTESIAN_POINT('Ctrl Pts',(-26.155526265502,19.7346988916397,26.6));
#14190=CARTESIAN_POINT('',(-25.9890868514776,19.2517522573471,27.));
#14191=CARTESIAN_POINT('Ctrl Pts',(-26.3847210258245,18.4795836210251,27.));
#14192=CARTESIAN_POINT('Ctrl Pts',(-26.3847210258245,18.4795836210251,26.6));
#14193=CARTESIAN_POINT('Ctrl Pts',(-26.2693951133147,18.5907562538484,27.));
#14194=CARTESIAN_POINT('Ctrl Pts',(-26.2693951133147,18.5907562538484,26.6));
#14195=CARTESIAN_POINT('Ctrl Pts',(-26.0485065065146,18.8036899080831,27.));
#14196=CARTESIAN_POINT('Ctrl Pts',(-26.0485065065146,18.8036899080831,26.6));
#14197=CARTESIAN_POINT('Ctrl Pts',(-26.0083010462398,19.1068648924006,27.));
#14198=CARTESIAN_POINT('Ctrl Pts',(-26.0083010462398,19.1068648924006,26.6));
#14199=CARTESIAN_POINT('Ctrl Pts',(-25.9890868514776,19.2517522573471,27.));
#14200=CARTESIAN_POINT('Ctrl Pts',(-25.9890868514776,19.2517522573471,26.6));
#14201=CARTESIAN_POINT('',(-26.3847210258245,18.4795836210251,27.));
#14202=CARTESIAN_POINT('Ctrl Pts',(-26.3847210258245,18.4795836210251,27.));
#14203=CARTESIAN_POINT('Ctrl Pts',(-26.2693951133147,18.5907562538484,27.));
#14204=CARTESIAN_POINT('Ctrl Pts',(-26.0485065065146,18.8036899080831,27.));
#14205=CARTESIAN_POINT('Ctrl Pts',(-26.0083010462398,19.1068648924006,27.));
#14206=CARTESIAN_POINT('Ctrl Pts',(-25.9890868514776,19.2517522573471,27.));
#14207=CARTESIAN_POINT('',(-26.3847210258245,18.4795836210251,26.6));
#14208=CARTESIAN_POINT('Ctrl Pts',(-26.3847210258245,18.4795836210251,26.6));
#14209=CARTESIAN_POINT('Ctrl Pts',(-26.2693951133147,18.5907562538484,26.6));
#14210=CARTESIAN_POINT('Ctrl Pts',(-26.0485065065146,18.8036899080831,26.6));
#14211=CARTESIAN_POINT('Ctrl Pts',(-26.0083010462398,19.1068648924006,26.6));
#14212=CARTESIAN_POINT('Ctrl Pts',(-25.9890868514776,19.2517522573471,26.6));
#14213=CARTESIAN_POINT('',(-26.3847210258245,18.4795836210251,27.));
#14214=CARTESIAN_POINT('Ctrl Pts',(-27.5607105344534,18.1494323015213,27.));
#14215=CARTESIAN_POINT('Ctrl Pts',(-27.5607105344534,18.1494323015213,26.6));
#14216=CARTESIAN_POINT('Ctrl Pts',(-27.3262925334903,18.1558817650197,27.));
#14217=CARTESIAN_POINT('Ctrl Pts',(-27.3262925334903,18.1558817650197,26.6));
#14218=CARTESIAN_POINT('Ctrl Pts',(-26.904570416836,18.167484463561,27.));
#14219=CARTESIAN_POINT('Ctrl Pts',(-26.904570416836,18.167484463561,26.6));
#14220=CARTESIAN_POINT('Ctrl Pts',(-26.5445990824741,18.3835984998725,27.));
#14221=CARTESIAN_POINT('Ctrl Pts',(-26.5445990824741,18.3835984998725,26.6));
#14222=CARTESIAN_POINT('Ctrl Pts',(-26.3847210258245,18.4795836210251,27.));
#14223=CARTESIAN_POINT('Ctrl Pts',(-26.3847210258245,18.4795836210251,26.6));
#14224=CARTESIAN_POINT('',(-27.5607105344534,18.1494323015213,27.));
#14225=CARTESIAN_POINT('Ctrl Pts',(-27.5607105344534,18.1494323015213,27.));
#14226=CARTESIAN_POINT('Ctrl Pts',(-27.3262925334903,18.1558817650197,27.));
#14227=CARTESIAN_POINT('Ctrl Pts',(-26.904570416836,18.167484463561,27.));
#14228=CARTESIAN_POINT('Ctrl Pts',(-26.5445990824741,18.3835984998725,27.));
#14229=CARTESIAN_POINT('Ctrl Pts',(-26.3847210258245,18.4795836210251,27.));
#14230=CARTESIAN_POINT('',(-27.5607105344534,18.1494323015213,26.6));
#14231=CARTESIAN_POINT('Ctrl Pts',(-27.5607105344534,18.1494323015213,26.6));
#14232=CARTESIAN_POINT('Ctrl Pts',(-27.3262925334903,18.1558817650197,26.6));
#14233=CARTESIAN_POINT('Ctrl Pts',(-26.904570416836,18.167484463561,26.6));
#14234=CARTESIAN_POINT('Ctrl Pts',(-26.5445990824741,18.3835984998725,26.6));
#14235=CARTESIAN_POINT('Ctrl Pts',(-26.3847210258245,18.4795836210251,26.6));
#14236=CARTESIAN_POINT('',(-27.5607105344534,18.1494323015213,27.));
#14237=CARTESIAN_POINT('Ctrl Pts',(-28.7312420457602,18.5205105543137,27.));
#14238=CARTESIAN_POINT('Ctrl Pts',(-28.7312420457602,18.5205105543137,26.6));
#14239=CARTESIAN_POINT('Ctrl Pts',(-28.5664641767047,18.4124190034666,27.));
#14240=CARTESIAN_POINT('Ctrl Pts',(-28.5664641767047,18.4124190034666,26.6));
#14241=CARTESIAN_POINT('Ctrl Pts',(-28.2122570381003,18.1800649916546,27.));
#14242=CARTESIAN_POINT('Ctrl Pts',(-28.2122570381003,18.1800649916546,26.6));
#14243=CARTESIAN_POINT('Ctrl Pts',(-27.7877409106607,18.1601062152424,27.));
#14244=CARTESIAN_POINT('Ctrl Pts',(-27.7877409106607,18.1601062152424,26.6));
#14245=CARTESIAN_POINT('Ctrl Pts',(-27.5607105344534,18.1494323015213,27.));
#14246=CARTESIAN_POINT('Ctrl Pts',(-27.5607105344534,18.1494323015213,26.6));
#14247=CARTESIAN_POINT('',(-28.7312420457602,18.5205105543137,27.));
#14248=CARTESIAN_POINT('Ctrl Pts',(-28.7312420457602,18.5205105543137,27.));
#14249=CARTESIAN_POINT('Ctrl Pts',(-28.5664641767047,18.4124190034666,27.));
#14250=CARTESIAN_POINT('Ctrl Pts',(-28.2122570381003,18.1800649916546,27.));
#14251=CARTESIAN_POINT('Ctrl Pts',(-27.7877409106607,18.1601062152424,27.));
#14252=CARTESIAN_POINT('Ctrl Pts',(-27.5607105344534,18.1494323015213,27.));
#14253=CARTESIAN_POINT('',(-28.7312420457602,18.5205105543137,26.6));
#14254=CARTESIAN_POINT('Ctrl Pts',(-28.7312420457602,18.5205105543137,26.6));
#14255=CARTESIAN_POINT('Ctrl Pts',(-28.5664641767047,18.4124190034666,26.6));
#14256=CARTESIAN_POINT('Ctrl Pts',(-28.2122570381003,18.1800649916546,26.6));
#14257=CARTESIAN_POINT('Ctrl Pts',(-27.7877409106607,18.1601062152424,26.6));
#14258=CARTESIAN_POINT('Ctrl Pts',(-27.5607105344534,18.1494323015213,26.6));
#14259=CARTESIAN_POINT('',(-28.7312420457602,18.5205105543137,27.));
#14260=CARTESIAN_POINT('Ctrl Pts',(-29.3069585412741,19.6828571557999,27.));
#14261=CARTESIAN_POINT('Ctrl Pts',(-29.3069585412741,19.6828571557999,26.6));
#14262=CARTESIAN_POINT('Ctrl Pts',(-29.2553133293593,19.4438175192891,27.));
#14263=CARTESIAN_POINT('Ctrl Pts',(-29.2553133293593,19.4438175192891,26.6));
#14264=CARTESIAN_POINT('Ctrl Pts',(-29.160760700556,19.0061810921682,27.));
#14265=CARTESIAN_POINT('Ctrl Pts',(-29.160760700556,19.0061810921682,26.6));
#14266=CARTESIAN_POINT('Ctrl Pts',(-28.865313992921,18.6721100109654,27.));
#14267=CARTESIAN_POINT('Ctrl Pts',(-28.865313992921,18.6721100109654,26.6));
#14268=CARTESIAN_POINT('Ctrl Pts',(-28.7312420457602,18.5205105543137,27.));
#14269=CARTESIAN_POINT('Ctrl Pts',(-28.7312420457602,18.5205105543137,26.6));
#14270=CARTESIAN_POINT('',(-29.3069585412741,19.6828571557999,27.));
#14271=CARTESIAN_POINT('Ctrl Pts',(-29.3069585412741,19.6828571557999,27.));
#14272=CARTESIAN_POINT('Ctrl Pts',(-29.2553133293593,19.4438175192891,27.));
#14273=CARTESIAN_POINT('Ctrl Pts',(-29.160760700556,19.0061810921682,27.));
#14274=CARTESIAN_POINT('Ctrl Pts',(-28.865313992921,18.6721100109654,27.));
#14275=CARTESIAN_POINT('Ctrl Pts',(-28.7312420457602,18.5205105543137,27.));
#14276=CARTESIAN_POINT('',(-29.3069585412741,19.6828571557999,26.6));
#14277=CARTESIAN_POINT('Ctrl Pts',(-29.3069585412741,19.6828571557999,26.6));
#14278=CARTESIAN_POINT('Ctrl Pts',(-29.2553133293593,19.4438175192891,26.6));
#14279=CARTESIAN_POINT('Ctrl Pts',(-29.160760700556,19.0061810921682,26.6));
#14280=CARTESIAN_POINT('Ctrl Pts',(-28.865313992921,18.6721100109654,26.6));
#14281=CARTESIAN_POINT('Ctrl Pts',(-28.7312420457602,18.5205105543137,26.6));
#14282=CARTESIAN_POINT('',(-29.3069585412741,19.6828571557999,27.));
#14283=CARTESIAN_POINT('Origin',(-30.8785819262266,19.5300606489182,27.));
#14284=CARTESIAN_POINT('',(-30.8785819262266,19.5300606489182,27.));
#14285=CARTESIAN_POINT('',(-30.8785819262266,19.5300606489182,27.));
#14286=CARTESIAN_POINT('',(-30.8785819262266,19.5300606489182,26.6));
#14287=CARTESIAN_POINT('',(-30.8785819262266,19.5300606489182,26.6));
#14288=CARTESIAN_POINT('',(-30.8785819262266,19.5300606489182,27.));
#14289=CARTESIAN_POINT('Ctrl Pts',(-29.907231554389,17.4864045381546,27.));
#14290=CARTESIAN_POINT('Ctrl Pts',(-29.907231554389,17.4864045381546,26.6));
#14291=CARTESIAN_POINT('Ctrl Pts',(-30.1522466649069,17.7595791317251,27.));
#14292=CARTESIAN_POINT('Ctrl Pts',(-30.1522466649069,17.7595791317251,26.6));
#14293=CARTESIAN_POINT('Ctrl Pts',(-30.6755098337173,18.3429807152767,27.));
#14294=CARTESIAN_POINT('Ctrl Pts',(-30.6755098337173,18.3429807152767,26.6));
#14295=CARTESIAN_POINT('Ctrl Pts',(-30.8080845788116,19.11796076135,27.));
#14296=CARTESIAN_POINT('Ctrl Pts',(-30.8080845788116,19.11796076135,26.6));
#14297=CARTESIAN_POINT('Ctrl Pts',(-30.8785819262266,19.5300606489182,27.));
#14298=CARTESIAN_POINT('Ctrl Pts',(-30.8785819262266,19.5300606489182,26.6));
#14299=CARTESIAN_POINT('Ctrl Pts',(-29.907231554389,17.4864045381546,27.));
#14300=CARTESIAN_POINT('Ctrl Pts',(-30.1522466649069,17.7595791317251,27.));
#14301=CARTESIAN_POINT('Ctrl Pts',(-30.6755098337173,18.3429807152767,27.));
#14302=CARTESIAN_POINT('Ctrl Pts',(-30.8080845788116,19.11796076135,27.));
#14303=CARTESIAN_POINT('Ctrl Pts',(-30.8785819262266,19.5300606489182,27.));
#14304=CARTESIAN_POINT('Ctrl Pts',(-29.907231554389,17.4864045381546,26.6));
#14305=CARTESIAN_POINT('Ctrl Pts',(-30.1522466649069,17.7595791317251,26.6));
#14306=CARTESIAN_POINT('Ctrl Pts',(-30.6755098337173,18.3429807152767,26.6));
#14307=CARTESIAN_POINT('Ctrl Pts',(-30.8080845788116,19.11796076135,26.6));
#14308=CARTESIAN_POINT('Ctrl Pts',(-30.8785819262266,19.5300606489182,26.6));
#14309=CARTESIAN_POINT('Origin',(-3.72529029846191E-7,20.9243301153183,
27.));
#14310=CARTESIAN_POINT('Origin',(-3.72529029846191E-7,20.9243301153183,
26.6));
#14311=UNCERTAINTY_MEASURE_WITH_UNIT(LENGTH_MEASURE(0.01),#14315,
'DISTANCE_ACCURACY_VALUE',
'Maximum model space distance between geometric entities at asserted c
onnectivities');
#14312=UNCERTAINTY_MEASURE_WITH_UNIT(LENGTH_MEASURE(0.01),#14315,
'DISTANCE_ACCURACY_VALUE',
'Maximum model space distance between geometric entities at asserted c
onnectivities');
#14313=(
GEOMETRIC_REPRESENTATION_CONTEXT(3)
GLOBAL_UNCERTAINTY_ASSIGNED_CONTEXT((#14311))
GLOBAL_UNIT_ASSIGNED_CONTEXT((#14315,#14317,#14318))
REPRESENTATION_CONTEXT('','3D')
);
#14314=(
GEOMETRIC_REPRESENTATION_CONTEXT(3)
GLOBAL_UNCERTAINTY_ASSIGNED_CONTEXT((#14312))
GLOBAL_UNIT_ASSIGNED_CONTEXT((#14315,#14317,#14318))
REPRESENTATION_CONTEXT('','3D')
);
#14315=(
LENGTH_UNIT()
NAMED_UNIT(*)
SI_UNIT(.MILLI.,.METRE.)
);
#14316=(
LENGTH_UNIT()
NAMED_UNIT(*)
SI_UNIT($,.METRE.)
);
#14317=(
NAMED_UNIT(*)
PLANE_ANGLE_UNIT()
SI_UNIT($,.RADIAN.)
);
#14318=(
NAMED_UNIT(*)
SI_UNIT($,.STERADIAN.)
SOLID_ANGLE_UNIT()
);
#14319=SHAPE_DEFINITION_REPRESENTATION(#14320,#14321);
#14320=PRODUCT_DEFINITION_SHAPE('',$,#14323);
#14321=SHAPE_REPRESENTATION('',(#7697),#14313);
#14322=PRODUCT_DEFINITION_CONTEXT('part definition',#14327,'design');
#14323=PRODUCT_DEFINITION('SNES BLE','SNES BLE v4',#14324,#14322);
#14324=PRODUCT_DEFINITION_FORMATION('',$,#14329);
#14325=PRODUCT_RELATED_PRODUCT_CATEGORY('SNES BLE v4','SNES BLE v4',(#14329));
#14326=APPLICATION_PROTOCOL_DEFINITION('international standard',
'automotive_design',2009,#14327);
#14327=APPLICATION_CONTEXT(
'Core Data for Automotive Mechanical Design Process');
#14328=PRODUCT_CONTEXT('part definition',#14327,'mechanical');
#14329=PRODUCT('SNES BLE','SNES BLE v4',$,(#14328));
#14330=PRESENTATION_STYLE_ASSIGNMENT((#14331));
#14331=SURFACE_STYLE_USAGE(.BOTH.,#14332);
#14332=SURFACE_SIDE_STYLE('',(#14333));
#14333=SURFACE_STYLE_FILL_AREA(#14334);
#14334=FILL_AREA_STYLE('ABS (White)',(#14335));
#14335=FILL_AREA_STYLE_COLOUR('ABS (White)',#14336);
#14336=COLOUR_RGB('ABS (White)',0.964705882352941,0.964705882352941,0.952941176470588);
ENDSEC;
END-ISO-10303-21;
